t_ms,signed_notional,notional,return,idx,z_flow,z_activity,direction,symbol,date,resolution_ms
1709596801300,133712.41,208088.09000000005,0.0,26,8.788420023764953,14.662567944320818,1,BTCUSDT,2024-03-05,50
1709596802650,-784411.9745000001,784411.9745000001,-6.87683946569706e-05,53,-51.55648532231828,16.251431272673898,-1,BTCUSDT,2024-03-05,50
1709596806600,-406326.63339999993,630301.2833999998,-0.00017707727420557262,132,-26.706340280319235,15.989524848042056,-1,BTCUSDT,2024-03-05,50
1709596808600,-194858.96959999992,195405.37919999994,-7.174373142326829e-05,172,-12.807356252443924,14.587271899384225,-1,BTCUSDT,2024-03-05,50
1709596809700,-217671.31889999998,217671.31889999998,-0.0001069159224460492,194,-14.306727233620922,14.71647859550221,-1,BTCUSDT,2024-03-05,50
1709596811000,-391536.91000000003,391536.91000000003,-0.00010254982831980897,220,-25.734266698858068,15.419439990935965,-1,BTCUSDT,2024-03-05,50
1709596812500,-780499.3710000002,780499.3710000002,-0.0001055073365208159,250,-51.29932442794466,16.245443957751764,-1,BTCUSDT,2024-03-05,50
1709596814600,562881.8901000002,562881.8901000002,9.82087170555701e-05,292,36.99613576607815,15.854069713852287,1,BTCUSDT,2024-03-05,50
1709596816200,-136516.60000000003,136516.60000000003,-1.4650222279755098e-06,324,-8.972729016074954,14.157864366103139,-1,BTCUSDT,2024-03-05,50
1709596819400,-140590.5609,140590.5609,-2.3443704339598526e-05,388,-9.240495332975497,14.193073303433293,-1,BTCUSDT,2024-03-05,50
1709596823450,-1978256.3876999984,1978256.3876999984,-0.00019932756326568324,469,-130.02344397056032,17.35903469326002,-1,BTCUSDT,2024-03-05,50
1709596825050,266511.8703,266511.8703,6.594078080723875e-05,501,17.516835254974225,14.958862758345836,1,BTCUSDT,2024-03-05,50
1709596829350,-169345.17429999996,169345.17429999996,-3.368164548334107e-05,587,-11.130429260426057,14.415885743141793,-1,BTCUSDT,2024-03-05,50
1709596833900,-158287.706,158287.706,-3.953990198901636e-05,678,-10.403662942925193,14.335034594264581,-1,BTCUSDT,2024-03-05,50
1709596837750,-207390.3955,207390.3955,-0.0001933151056885407,755,-13.631000327858372,14.658546604918502,-1,BTCUSDT,2024-03-05,50
1709596840550,92449.98859999998,92449.98859999998,0.0,811,6.076394337736351,13.691162521620592,1,BTCUSDT,2024-03-05,50
1709596841900,-470581.4088000001,470581.4088000001,-0.00027388252075688513,838,-30.929567987813858,15.639621488512876,-1,BTCUSDT,2024-03-05,50
1709596845600,-109135.90740000001,109135.90740000001,0.0,912,-7.173097799268727,13.88983426661462,-1,BTCUSDT,2024-03-05,50
1709596847650,133159.84810000003,133159.84810000003,2.9303127675461837e-06,953,8.752102182613713,14.12805511361305,1,BTCUSDT,2024-03-05,50
1709596851750,-110209.2462,110209.2462,0.0,1035,-7.243644371589155,13.901552548592958,-1,BTCUSDT,2024-03-05,50
1709596852950,136774.13379999995,136774.13379999995,5.125565369290541e-05,1059,8.98965575611887,14.160121004283045,1,BTCUSDT,2024-03-05,50
1709596860300,245645.59,245645.59,6.733927873447954e-05,1206,16.14537216033692,14.861243398170844,1,BTCUSDT,2024-03-05,50
1709596864250,683716.6223,683716.6223,0.00013748599565843733,1285,44.93815386322227,16.08692487653544,1,BTCUSDT,2024-03-05,50
1709596868100,-105268.9572,135207.13320000004,-0.0001053315310919345,1362,-6.918937526721236,14.146323916291843,-1,BTCUSDT,2024-03-05,50
1709596869350,-1955531.3614999994,1955531.3614999994,-0.00027947695557806185,1387,-128.52981241237768,17.345200503402037,-1,BTCUSDT,2024-03-05,50
1709596874550,161511.28630000004,161511.28630000004,0.0,1491,10.615536901795087,14.359174137471689,1,BTCUSDT,2024-03-05,50
1709596875600,-140800.98500000002,140800.98500000002,-4.389269699345277e-05,1512,-9.2543257274312,14.194864062172227,-1,BTCUSDT,2024-03-05,50
1709596881850,-109187.66460000002,109187.66460000002,0.0,1637,-7.176499607768433,13.89040197044834,-1,BTCUSDT,2024-03-05,50
1709596887300,-113147.14689999999,113147.14689999999,-0.00013026331503418476,1746,-7.436741671530971,13.933052909946293,-1,BTCUSDT,2024-03-05,50
1709596891300,-142383.72929999998,142383.72929999998,-0.00010835743320569691,1826,-9.358353631038797,14.208248435991909,-1,BTCUSDT,2024-03-05,50
1709596893000,-107336.25799999999,107336.25799999999,-0.00010105573965013548,1860,-7.05481352914962,13.869925356327597,-1,BTCUSDT,2024-03-05,50
1709596894600,1708541.1360999998,1727522.4066999997,0.000320789584559833,1892,112.29606236195548,17.196759116906964,1,BTCUSDT,2024-03-05,50
1709596895700,-619564.1324000001,619564.1324000001,-0.0001420721890212917,1914,-40.721649001694914,15.968952140580992,-1,BTCUSDT,2024-03-05,50
1709596898950,-942066.5413999998,960357.1737999998,-2.783872586675784e-05,1979,-61.91853438404672,16.493742335503175,-1,BTCUSDT,2024-03-05,50
1709596901600,-347977.929,347977.929,-1.025928887088412e-05,2032,-22.87129668107739,15.278222560273381,-1,BTCUSDT,2024-03-05,50
1709596903150,-667516.7619000004,697670.3113000003,-0.00014070985212022435,2063,-43.87339721481877,16.111115301080396,-1,BTCUSDT,2024-03-05,50
1709596906050,452571.3599999999,453253.45599999995,1.4660682179368223e-06,2121,29.745834379969192,15.594699542975135,1,BTCUSDT,2024-03-05,50
1709596908700,330516.97130000003,330516.97130000003,9.23490295576812e-05,2174,21.723652791592542,15.216581266355101,1,BTCUSDT,2024-03-05,50
1709596910100,-178254.4225,178254.4225,-1.4658404214884513e-06,2202,-11.71600105049081,14.477277501795243,-1,BTCUSDT,2024-03-05,50
1709596913900,-180776.5438,180776.5438,0.0,2278,-11.881770714916755,14.494100152928088,-1,BTCUSDT,2024-03-05,50
1709596914900,-767417.9112,797564.4801999999,-0.00014367436961926217,2298,-50.439528667428505,16.271341379628403,-1,BTCUSDT,2024-03-05,50
1709596919100,196540.5008,196540.5008,9.381798145646769e-05,2382,12.91787705203662,14.594207290126132,1,BTCUSDT,2024-03-05,50
1709596920900,-147088.788,147088.788,0.0,2418,-9.667599662069646,14.24717522748513,-1,BTCUSDT,2024-03-05,50
1709596924600,368817.9757000001,368817.9757000001,0.0001450869388399667,2492,24.241035538633525,15.34786596990294,1,BTCUSDT,2024-03-05,50
1709596927400,172853.31100000002,172853.31100000002,1.4648269424100135e-06,2548,11.361006054460248,14.440436605643372,1,BTCUSDT,2024-03-05,50
1709596930700,-131502.6576,131502.6576,0.0,2614,-8.643181206816529,14.113060403950783,-1,BTCUSDT,2024-03-05,50
1709596933700,137873.492,137873.492,9.665118302848441e-05,2674,9.061912486950142,14.169706579512857,1,BTCUSDT,2024-03-05,50
1709596938000,154570.4844,154570.4844,4.540617656623169e-05,2760,10.159343775076735,14.306580534702196,1,BTCUSDT,2024-03-05,50
1709596941000,-349590.33129999955,349590.33129999955,0.0,2820,-22.977273894857923,15.283757869373508,-1,BTCUSDT,2024-03-05,50
1709596942400,-890203.5322000001,903869.9722000001,-3.512191695875799e-05,2848,-58.509771438662796,16.42115858858064,-1,BTCUSDT,2024-03-05,50
1709596944250,-140004.52580000003,147794.57900000003,-8.927023055882444e-05,2885,-9.20197742272716,14.252906873692387,-1,BTCUSDT,2024-03-05,50
1709596954400,-427513.1409000001,434206.53110000014,-0.00021081263958322438,3088,-28.09885071930278,15.543295478738244,-1,BTCUSDT,2024-03-05,50
1709596980150,250680.2405,250680.2405,2.6345755847145824e-05,3603,16.476281036086434,14.885535844295122,1,BTCUSDT,2024-03-05,50
1709596983550,101486.9518,101486.9518,3.3654243621228375e-05,3671,6.670360360343431,13.80283027219672,1,BTCUSDT,2024-03-05,50
1709596987450,669083.8723999999,697646.2602,0.00012293840362431752,3749,43.97639756682535,16.111074023215863,1,BTCUSDT,2024-03-05,50
1709596993600,-121067.7604,121067.7604,-7.171789986593069e-05,3872,-7.9573341751280795,14.014067244572486,-1,BTCUSDT,2024-03-05,50
1709596995650,-283638.2689000001,297300.7089,-4.9770251743908034e-05,3913,-18.642489817562847,15.08976434517285,-1,BTCUSDT,2024-03-05,50
1709596998500,-341800.8365000001,341800.8365000001,-6.882367888749741e-05,3970,-22.46529933636086,15.256776857295865,-1,BTCUSDT,2024-03-05,50
1709597010150,199382.6446,199382.6446,0.00018300659387193718,4203,13.104680606638166,14.611398089611475,1,BTCUSDT,2024-03-05,50
1709597012700,-153299.307,153299.307,0.0,4254,-10.075794006465749,14.296692855119657,-1,BTCUSDT,2024-03-05,50
1709597018000,133169.1553,133169.1553,3.512474406797139e-05,4360,8.752713910297366,14.128138799644521,1,BTCUSDT,2024-03-05,50
1709597020200,-200803.6102,200803.6102,-0.00013022062171685889,4404,-13.198075397234799,14.619901178189135,-1,BTCUSDT,2024-03-05,50
1709597024650,102501.59999999999,102501.59999999999,-1.4633907206018648e-06,4493,6.737049417536828,13.81474172324226,1,BTCUSDT,2024-03-05,50
1709597026050,-105700.8227,105700.8227,-1.4635138676055703e-05,4521,-6.9473224418369925,13.851541429970158,-1,BTCUSDT,2024-03-05,50
1709597029600,142408.86389999997,143092.19789999997,0.0001112211941904917,4592,9.360005634932296,14.214191420737727,1,BTCUSDT,2024-03-05,50
1709597036350,267513.1245,267513.1245,1.4634806682067847e-06,4727,17.582643974300716,14.96335266488411,1,BTCUSDT,2024-03-05,50
1709597042250,285422.7816,286105.89259999996,0.00024592611800677844,4845,18.75977920861744,15.043807193189801,1,BTCUSDT,2024-03-05,50
1709597044450,335854.87210000004,335854.87210000004,7.317403346362994e-06,4889,22.07449318311335,15.23576430925864,1,BTCUSDT,2024-03-05,50
1709597051850,92394.64899999999,92394.64899999999,6.877241965241865e-05,5037,6.07275707139176,13.690445586054441,1,BTCUSDT,2024-03-05,50
1709597053600,-325995.86780000007,325995.86780000007,-9.364871495876059e-05,5072,-21.426497452541263,15.200089680501117,-1,BTCUSDT,2024-03-05,50
1709597059500,-1133338.8053000004,1133338.8053000004,-0.00027808717187305376,5190,-74.49014979393739,16.692046904184004,-1,BTCUSDT,2024-03-05,50
1709597071250,572176.4393999999,572176.4393999999,1.755813204873391e-05,5425,37.60703196621385,15.873679585419374,1,BTCUSDT,2024-03-05,50
1709597076800,156796.27640000003,156796.27640000003,0.0,5536,10.305636815352774,14.323699305946153,1,BTCUSDT,2024-03-05,50
1709597080700,664274.3372999998,664274.3372999998,0.0002018376003984912,5614,43.66028469010851,16.052383037911493,1,BTCUSDT,2024-03-05,50
1709597082550,99919.26259999999,115785.95139999999,-1.462181765887749e-06,5651,6.567321972535447,13.960656763995045,1,BTCUSDT,2024-03-05,50
1709597084650,-205241.9245,205241.9245,-0.0001418737428444672,5693,-13.489789309697242,14.646077831703773,-1,BTCUSDT,2024-03-05,50
1709597087250,102548.4,102548.4,1.4627250131127312e-06,5745,6.740125407694452,13.815288282812366,1,BTCUSDT,2024-03-05,50
1709597088300,159368.58330000003,159368.58330000003,1.4627378508436095e-06,5766,10.474704992848256,14.343183016618465,1,BTCUSDT,2024-03-05,50
1709597096850,294735.5682000003,294735.5682000003,2.923980881419652e-06,5937,19.37187407873827,15.079388588578055,1,BTCUSDT,2024-03-05,50
1709597102400,-141852.69509999998,141852.69509999998,0.0,6048,-9.323450725642179,14.20377443720563,-1,BTCUSDT,2024-03-05,50
1709597106700,1073967.0859000003,1127353.0159000005,0.00020749192024815954,6134,70.5878672188173,16.685706216641442,1,BTCUSDT,2024-03-05,50
1709597107900,93957.5382,122699.0224,0.0,6158,6.175479973029732,14.030092603505478,1,BTCUSDT,2024-03-05,50
1709597112950,-225582.37840000002,767152.1131999999,1.752779250629999e-05,6259,-14.826691788287135,16.22479088196798,-1,BTCUSDT,2024-03-05,50
1709597116650,684634.9668,684634.9668,0.0,6333,44.998513235942525,16.088532050953326,1,BTCUSDT,2024-03-05,50
1709597118150,-210817.65069999997,210817.65069999997,-0.00011834155285228576,6363,-13.856261081338413,14.67817195251052,-1,BTCUSDT,2024-03-05,50
1709597119300,410611.1947999999,410611.1947999999,1.4612726223717232e-05,6386,26.98794858579223,15.476394766649852,1,BTCUSDT,2024-03-05,50
1709597120750,670783.9687000003,698165.2887000004,0.0002805225334974182,6415,44.088138581479505,16.111964493575798,1,BTCUSDT,2024-03-05,50
1709597127750,-412970.55650000006,412970.55650000006,-3.3611505076081016e-05,6555,-27.14302066629385,15.483255074354998,-1,BTCUSDT,2024-03-05,50
1709597129250,124103.52090000003,124787.70690000002,6.431206555035374e-05,6585,8.156863436215776,14.05030339777663,1,BTCUSDT,2024-03-05,50
1709597130550,-693299.9773000001,693299.9773000001,-7.158787012429002e-05,6611,-45.568032189226926,16.10359122406755,-1,BTCUSDT,2024-03-05,50
1709597136650,311240.2061,311240.2061,3.506956926280225e-05,6733,20.45666262009615,15.1446283525345,1,BTCUSDT,2024-03-05,50
1709597141950,684554.0302999999,684690.9316999998,0.00010079724788170097,6839,44.99319358044267,16.088629924184854,1,BTCUSDT,2024-03-05,50
1709597144150,-132655.4328,132655.4328,-6.13596420304674e-05,6883,-8.718948838636042,14.123510874103431,-1,BTCUSDT,2024-03-05,50
1709597148300,94271.6232,94271.6232,0.0,6966,6.196123613385659,13.714525674881934,1,BTCUSDT,2024-03-05,50
1709597154550,136588.59060000003,137273.25960000002,8.763742649620099e-05,7091,8.977460690798061,14.164482518640407,1,BTCUSDT,2024-03-05,50
1709597158450,549581.0277,549581.0277,-5.842836464964307e-05,7169,36.12191948765265,15.825436517986683,1,BTCUSDT,2024-03-05,50
1709597160300,120749.10059999999,121433.6376,4.966984165122312e-05,7206,7.936389850161616,14.017680290648608,1,BTCUSDT,2024-03-05,50
1709597162100,-238031.46160000004,238031.46160000004,-2.4839547483779256e-05,7242,-15.64492378389918,14.823542261114904,-1,BTCUSDT,2024-03-05,50
1709597164500,-370986.3526,370986.3526,-0.00015051514934150134,7290,-24.383554897659575,15.354884943775438,-1,BTCUSDT,2024-03-05,50
1709597166300,-544067.9010000001,544067.9010000001,-0.00021197017585983247,7326,-35.759562148615586,15.813364536017255,-1,BTCUSDT,2024-03-05,50
1709597175100,-159556.7169,159556.7169,3.944568585190211e-05,7502,-10.487070315538817,14.344595652950781,-1,BTCUSDT,2024-03-05,50
1709597184350,2499809.4330999986,3387867.406900004,0.00030515648997209155,7687,164.30318829383557,18.003197266958463,1,BTCUSDT,2024-03-05,50
1709597185800,120126.89959999996,120126.89959999996,0.0,7716,7.895494889647429,14.004725845201978,1,BTCUSDT,2024-03-05,50
1709597191900,679321.0195999999,679321.0195999999,0.00010513066875716959,7838,44.649247225572125,16.079202213203867,1,BTCUSDT,2024-03-05,50
1709597193800,529984.5,529984.5,2.9197506535183493e-05,7876,34.83391251481487,15.781962210572878,1,BTCUSDT,2024-03-05,50
1709597195250,231804.0,231804.0,1.4598550812650046e-06,7905,15.235615865339732,14.791799514431336,1,BTCUSDT,2024-03-05,50
1709597196450,843178.4087,844822.4700999998,7.444989197225027e-05,7929,55.418984749623085,16.34026606339321,1,BTCUSDT,2024-03-05,50
1709597197450,91659.69,91659.69,0.0,7949,6.024450946386264,13.680883111479925,1,BTCUSDT,2024-03-05,50
1709597199000,-636608.0588,636608.0588,-0.00019416526152404856,7980,-41.841882972927166,16.00144605919012,-1,BTCUSDT,2024-03-05,50
1709597200500,-144924.7309,144924.7309,-3.504191889902586e-05,8010,-9.525364227451343,14.229428168771587,-1,BTCUSDT,2024-03-05,50
1709597207750,-1762707.0196,1762707.0196,-0.00024674576770067347,8155,-115.85618468086605,17.22090087628557,-1,BTCUSDT,2024-03-05,50
1709597221250,-173555.43360000002,173829.39680000002,-1.0220313457764973e-05,8425,-11.4071539648672,14.447178937256194,-1,BTCUSDT,2024-03-05,50
1709597223750,-222051.73230000006,222188.62410000004,-6.2821366006105e-05,8475,-14.594635535003935,14.741072867186672,-1,BTCUSDT,2024-03-05,50
1709597226150,-483605.7654,483605.7654,-0.00013449073349924845,8523,-31.78561056710844,15.67231069807877,-1,BTCUSDT,2024-03-05,50
1709597228850,634425.5776999998,637162.1176999998,0.00020465891470600184,8577,41.698436597226284,16.002487704485542,1,BTCUSDT,2024-03-05,50
1709597231700,360660.0642999999,361344.0542999999,5.701850251860208e-05,8634,23.704846325531598,15.323352831790201,1,BTCUSDT,2024-03-05,50
1709597242150,-102619.2065,102619.2065,-0.00012716035595694564,8843,-6.744779255922996,13.816114731265843,-1,BTCUSDT,2024-03-05,50
1709597243500,-383820.0792999999,383820.0792999999,-0.00011547453835802912,8870,-25.2270680817373,15.39560548586056,-1,BTCUSDT,2024-03-05,50
1709597246900,135315.0603,173622.7563,7.455252045751593e-05,8938,8.89375627481011,14.445754728537409,1,BTCUSDT,2024-03-05,50
1709597249000,285962.86329999997,285962.86329999997,2.923480813343815e-05,8980,18.795276772581392,15.043208463317361,1,BTCUSDT,2024-03-05,50
1709597256200,-186492.7746,186492.7746,-0.00018117900827618882,9124,-12.257477332000253,14.531374793572242,-1,BTCUSDT,2024-03-05,50
1709597257650,-7088468.053600005,7184053.622000006,-0.0003333957262636744,9153,-465.8986744766358,18.90321036300528,-1,BTCUSDT,2024-03-05,50
1709597263050,-706390.8775000002,706390.8775000002,-9.937844635743431e-05,9261,-46.42844843216795,16.125989009605895,-1,BTCUSDT,2024-03-05,50
1709597265750,-477339.9136999999,477339.9136999999,-0.00012572051760706415,9315,-31.37377940987911,15.65669569131423,-1,BTCUSDT,2024-03-05,50
1709597271650,-236447.65490000005,236447.65490000005,-2.192474404694167e-05,9433,-15.540826052685953,14.815548696167891,-1,BTCUSDT,2024-03-05,50
1709597275700,-206226.3158,214434.4118,-2.4853819338588323e-05,9514,-13.554489693245337,14.698539440817038,-1,BTCUSDT,2024-03-05,50
1709597285650,-233259.1686,233395.81720000002,-7.317783534510625e-05,9713,-15.331258692076563,14.799993763068752,-1,BTCUSDT,2024-03-05,50
1709597289900,-103671.78,103671.78,0.0,9798,-6.813961002208807,13.828333498440776,-1,BTCUSDT,2024-03-05,50
1709597291200,-151039.1102,151039.1102,0.0,9824,-9.927239666485118,14.278908002908956,-1,BTCUSDT,2024-03-05,50
1709597304800,-104874.50020000001,104874.50020000001,-2.486596149786635e-05,10096,-6.893011333353588,13.842144286457318,-1,BTCUSDT,2024-03-05,50
1709597307350,-345002.8438,345002.8438,-3.51166751570986e-05,10147,-22.675755382075398,15.267941561925568,-1,BTCUSDT,2024-03-05,50
1709597309350,-1025315.2715000004,1025315.2715000004,-9.950379805445664e-05,10187,-67.39016417939519,16.572109818352345,-1,BTCUSDT,2024-03-05,50
1709597315050,-341975.54209999996,341975.54209999996,-0.00011854991514148594,10301,-22.476782086490807,15.257388710337692,-1,BTCUSDT,2024-03-05,50
1709597316400,-938128.1704999998,938128.1704999998,-0.00029721619915257236,10328,-61.65967989418618,16.46570170440825,-1,BTCUSDT,2024-03-05,50
1709597319250,-659641.6826000002,659641.6826000002,-7.321791264836008e-05,10385,-43.35579750504719,16.04400338053026,-1,BTCUSDT,2024-03-05,50
1709597321550,-520271.6602999999,520271.6602999999,-0.000248933978136634,10431,-34.19552364046057,15.759815043067695,-1,BTCUSDT,2024-03-05,50
1709597331800,-1568462.3398000002,1568462.3398000002,-7.76117261462872e-05,10636,-103.08920341514711,17.081102937918946,-1,BTCUSDT,2024-03-05,50
1709597336450,133956.11470000003,133956.11470000003,4.391666374559122e-05,10729,8.804437828435184,14.13519370204511,1,BTCUSDT,2024-03-05,50
1709597341800,1491052.9090999998,1713083.1247,-4.391303169981597e-06,10836,98.00136907881192,17.18670905668011,1,BTCUSDT,2024-03-05,50
1709597344400,115228.85179999999,115228.85179999999,0.0,10888,7.573564401947165,13.954881846675521,1,BTCUSDT,2024-03-05,50
1709597351400,249571.68940000006,250255.12540000005,0.00010681611177609796,11028,16.403420090085937,14.883503586210912,1,BTCUSDT,2024-03-05,50
1709597354400,271546.16250000003,271546.16250000003,0.0,11088,17.847720580995677,14.981269360910694,1,BTCUSDT,2024-03-05,50
1709597355900,-559129.6847,559129.6847,-6.292469598889738e-05,11118,-36.749517243005826,15.84606131372508,-1,BTCUSDT,2024-03-05,50
1709597358050,264242.0465,264242.0465,6.878047105551843e-05,11161,17.36764816804386,14.948621446256809,1,BTCUSDT,2024-03-05,50
1709597394750,104989.1478,125494.80780000001,0.0,11895,6.900546694233827,14.057068965056835,1,BTCUSDT,2024-03-05,50
1709597396550,125203.27679999999,125203.27679999999,1.4632215599164056e-06,11931,8.229146306390753,14.054284215717201,1,BTCUSDT,2024-03-05,50
1709597405150,119736.22830000002,120146.29770000002,-0.00010827213773367816,12103,7.869817516278496,14.004919178163806,1,BTCUSDT,2024-03-05,50
1709597408700,-425169.2007,425169.2007,-7.608735417186097e-05,12174,-27.94479223671176,15.51811130386578,-1,BTCUSDT,2024-03-05,50
1709597414200,-199777.56079999995,200050.87679999994,-0.00010683940510780587,12284,-13.130636981516075,14.615404327857442,-1,BTCUSDT,2024-03-05,50
1709597415500,-185217.63820000004,191776.10860000004,-7.318576159676127e-05,12310,-12.173667353025294,14.564824248733256,-1,BTCUSDT,2024-03-05,50
1709597416800,-254752.4702,302433.6878000001,-0.00013613239115706222,12336,-16.743933567641662,15.110260638591194,-1,BTCUSDT,2024-03-05,50
1709597420900,-554186.2000000001,554186.2000000001,-1.4641181250496516e-05,12418,-36.424600356647595,15.835427904819362,-1,BTCUSDT,2024-03-05,50
1709597422350,252329.7471,252329.7471,6.882760956372636e-05,12447,16.584696977679084,14.893388796084444,1,BTCUSDT,2024-03-05,50
1709597432750,-1364682.7782999992,1364682.7782999992,-0.0001538690372377971,12655,-89.69552979337446,16.914461641208806,-1,BTCUSDT,2024-03-05,50
1709597436100,182501.45090000003,182501.45090000003,0.00013626942684652477,12722,11.995142451293164,14.505470746672193,1,BTCUSDT,2024-03-05,50
1709597439750,237053.08800000002,237053.08800000002,0.0,12795,15.580618921418854,14.81861065643208,1,BTCUSDT,2024-03-05,50
1709597442200,-100732.7007,100732.7007,0.0,12844,-6.620786237266996,13.79389832877974,-1,BTCUSDT,2024-03-05,50
1709597445500,-375427.3706999999,375427.3706999999,-1.4649685731171758e-06,12910,-24.675446520852528,15.36913322704516,-1,BTCUSDT,2024-03-05,50
1709597454450,230412.711,230412.711,0.0,13089,15.144171607424974,14.784591315014332,1,BTCUSDT,2024-03-05,50
1709597461300,131459.3643,131459.3643,8.204370883113654e-05,13226,8.640335699023984,14.112666146405676,1,BTCUSDT,2024-03-05,50
1709597462350,-382963.644,382963.644,-0.00010694066927108281,13247,-25.170777770766325,15.392930777877561,-1,BTCUSDT,2024-03-05,50
1709597465400,139939.54659999997,139939.54659999997,6.738554348117987e-05,13308,9.197706581281636,14.18751599647723,1,BTCUSDT,2024-03-05,50
1709597470000,-281371.16539999994,281371.16539999994,2.0504798856180173e-05,13400,-18.493481525846704,15.023826486152394,-1,BTCUSDT,2024-03-05,50
1709597471550,478419.41490000003,482381.11650000006,0.00018300525422532132,13431,31.444731013860814,15.669274742914116,1,BTCUSDT,2024-03-05,50
1709597473200,125919.09549999998,125919.09549999998,1.0239958806224081e-05,13464,8.276194410575437,14.061110289900988,1,BTCUSDT,2024-03-05,50
1709597477850,-308835.51580000005,308835.51580000005,-3.801958886562318e-05,13557,-20.29861125909329,15.135341450753794,-1,BTCUSDT,2024-03-05,50
1709597484350,358535.1528999999,358535.1528999999,7.605341293448475e-05,13687,23.565183792364436,15.314008817060676,1,BTCUSDT,2024-03-05,50
1709597492050,120996.23890000003,120996.23890000003,0.0,13841,7.952633332605464,14.013359692371306,1,BTCUSDT,2024-03-05,50
1709597502450,-724851.4379,724851.4379,-8.921448117860109e-05,14049,-47.6417924940189,16.156878507108623,-1,BTCUSDT,2024-03-05,50
1709597519050,-104366.6952,104366.6952,-5.8487142348795373e-05,14381,-6.85963519698623,13.836332600563322,-1,BTCUSDT,2024-03-05,50
1709597522100,-186398.38559999995,186398.38559999995,-0.0002999073235709915,14442,-12.251273493645806,14.530768626098443,-1,BTCUSDT,2024-03-05,50
1709597529750,-109537.64279999999,109537.64279999999,-0.0001376450400165652,14595,-7.19950237483217,13.894233692595192,-1,BTCUSDT,2024-03-05,50
1709597534350,341493.4855999999,341493.4855999999,1.4642478269877301e-06,14687,22.445098303383563,15.255699695138604,1,BTCUSDT,2024-03-05,50
1709597536800,140113.2708,140113.2708,1.4645308930028023e-06,14736,9.209124827635081,14.18900149758686,1,BTCUSDT,2024-03-05,50
1709597544150,-93128.0374,93128.0374,-1.4647732999861773e-06,14883,-6.120959966693379,13.699912103608165,-1,BTCUSDT,2024-03-05,50
1709597551850,-250694.73819999996,250694.73819999996,0.0,15037,-16.477233916054555,14.885605089606402,-1,BTCUSDT,2024-03-05,50
1709597573600,136623.07739999998,136623.07739999998,1.4646145469754401e-06,15472,8.979727380058057,14.158797889355196,1,BTCUSDT,2024-03-05,50
1709597580600,-200591.3106,200591.3106,-7.323324792807284e-05,15612,-13.184121733130791,14.618634603421585,-1,BTCUSDT,2024-03-05,50
1709597591100,-1843454.7678999994,1843454.7678999994,-0.0001699265218366719,15822,-121.16343423259912,17.274531546358293,-1,BTCUSDT,2024-03-05,50
1709597597000,-126701.696,126701.696,0.0,15940,-8.32763183440774,14.06852893563624,-1,BTCUSDT,2024-03-05,50
1709597599000,128394.59350000002,128394.59350000002,5.127465121645969e-05,15980,8.438899698678393,14.084421176721586,1,BTCUSDT,2024-03-05,50
1709597602050,228498.5039,228498.5039,8.937591442403914e-05,16041,15.018357885218688,14.77460244113569,1,BTCUSDT,2024-03-05,50
1709597603850,196929.3369,196929.3369,0.00011423399528354139,16077,12.943433804526553,14.596573802165798,1,BTCUSDT,2024-03-05,50
1709597605850,-275921.12139999995,275921.12139999995,-5.710457826602067e-05,16117,-18.135270378354857,15.000406592679681,-1,BTCUSDT,2024-03-05,50
1709597609550,-100770.3365,100770.3365,-1.757654585610169e-05,16191,-6.62325989859978,13.794345599946148,-1,BTCUSDT,2024-03-05,50
1709597611000,116809.4667,116809.4667,8.642314387863337e-05,16220,7.677452348002594,13.971194514325273,1,BTCUSDT,2024-03-05,50
1709597629500,136595.96340000004,136595.96340000004,3.953254956989838e-05,16590,8.977945277555202,14.158560240840771,1,BTCUSDT,2024-03-05,50
1709597631550,-106434.06089999998,175694.9253,-0.00012882636273658932,16631,-6.995515465050539,14.459960435864849,-1,BTCUSDT,2024-03-05,50
1709597634400,257179.25629999998,274666.05309999996,1.4639605847577286e-06,16688,16.903437203501895,14.994947806333903,1,BTCUSDT,2024-03-05,50
1709597649100,295691.89690000005,295691.89690000005,7.02410585624591e-05,16982,19.434730011829135,15.083267369033814,1,BTCUSDT,2024-03-05,50
1709597651800,137600.47960000002,137600.47960000002,5.998102553306239e-05,17036,9.04396839602473,14.167333269652797,1,BTCUSDT,2024-03-05,50
1709597661300,195679.22209999996,202516.49209999997,3.217705571501028e-05,17226,12.861268402374836,14.630071475783556,1,BTCUSDT,2024-03-05,50
1709597676100,205413.16759999996,205960.3914,8.040624161509413e-05,17522,13.501044482563929,14.650261961945349,1,BTCUSDT,2024-03-05,50
1709597678650,-110070.0681,110070.0681,-2.485084014125505e-05,17573,-7.234496712064438,13.900039513663174,-1,BTCUSDT,2024-03-05,50
1709597708450,2011150.5183000003,2012380.3863000004,0.00013463953212600188,18169,132.18545298699638,17.379512513913166,1,BTCUSDT,2024-03-05,50
1709597711150,-205476.18529999998,205476.18529999998,-7.461272706343891e-05,18223,-13.505186401900598,14.647443701664479,-1,BTCUSDT,2024-03-05,50
1709597723550,231849.90490000002,231849.90490000002,0.00011258997156993189,18471,15.238633023899279,14.792036607525274,1,BTCUSDT,2024-03-05,50
1709597730600,101153.25239999998,101153.25239999998,7.895233183852213e-05,18612,6.648427538334775,13.798886774698483,1,BTCUSDT,2024-03-05,50
1709597736300,149972.78180000006,248225.14940000005,0.00010231135986593642,18726,9.857153861715997,14.873751461733326,1,BTCUSDT,2024-03-05,50
1709597740200,-135349.10969999997,135349.10969999997,-1.0234868296876698e-05,18804,-8.895994215392864,14.147580557762565,-1,BTCUSDT,2024-03-05,50
1709597749500,-136787.8957,136787.8957,-2.9241518866740535e-05,18990,-8.990560274686185,14.160241473214457,-1,BTCUSDT,2024-03-05,50
1709597752100,241796.47449999998,241796.47449999998,1.4619744117538858e-06,19042,15.892384096371995,14.842332992924202,1,BTCUSDT,2024-03-05,50
1709597760350,-128973.9404,128973.9404,-9.943453925487233e-05,19207,-8.476978018384589,14.089811766079576,-1,BTCUSDT,2024-03-05,50
1709597765300,-143740.015,143740.015,0.0,19306,-9.44749725206714,14.219599933345092,-1,BTCUSDT,2024-03-05,50
1709597776100,-212490.16729999997,212490.16729999997,-8.776086924022763e-05,19522,-13.966189384758561,14.687633670672689,-1,BTCUSDT,2024-03-05,50
1709597777550,-409951.6404000001,409951.6404000001,-9.074171109979545e-05,19551,-26.944598525048274,15.474469931831997,-1,BTCUSDT,2024-03-05,50
1709597789050,-194288.3415,265903.1071,-8.048295631368774e-05,19781,-12.769850987075046,14.956124639231296,-1,BTCUSDT,2024-03-05,50
1709597791550,135029.5128,135029.5128,2.1950571703399646e-05,19831,8.874988298324336,14.144749929433113,1,BTCUSDT,2024-03-05,50
1709597795200,104085.6275,104085.6275,1.463219419406414e-06,19904,6.841161661113879,13.833103690492274,1,BTCUSDT,2024-03-05,50
1709597797400,104384.35690000001,111767.08570000001,1.4628726585641516e-06,19948,6.860796034921421,13.918358956890039,1,BTCUSDT,2024-03-05,50
1709597803900,272753.86739999993,272753.86739999993,8.783307031023924e-06,20078,17.927098537955377,14.986582818752659,1,BTCUSDT,2024-03-05,50
1709597821850,183977.15860000002,183977.15860000002,7.465455802524446e-05,20437,12.09213523677885,14.515113639536711,1,BTCUSDT,2024-03-05,50
1709597825850,-247992.89829999994,247992.89829999994,3.803471692265248e-05,20517,-16.29965201562985,14.872630633254678,-1,BTCUSDT,2024-03-05,50
1709597831850,-136728.00000000003,136728.00000000003,-1.4627571065517486e-06,20637,-8.986623552812597,14.159717069743827,-1,BTCUSDT,2024-03-05,50
1709597835850,281585.7319,281585.7319,0.00014478775091575358,20717,18.50758418486713,15.024739213162746,1,BTCUSDT,2024-03-05,50
1709597840100,-123459.6048,123459.6048,0.0,20802,-8.114541222841078,14.037491802643537,-1,BTCUSDT,2024-03-05,50
1709597842900,-133701.92410000003,133701.92410000003,-0.0001301886200888447,20858,-8.787730824508676,14.132919485931756,-1,BTCUSDT,2024-03-05,50
1709597845300,-155728.8638,155728.8638,-5.851178206839336e-06,20906,-10.235479750144995,14.315520273560018,-1,BTCUSDT,2024-03-05,50
1709597852800,170504.30650000004,170504.30650000004,0.0,21056,11.206614714241985,14.424053468761416,1,BTCUSDT,2024-03-05,50
1709597858400,633507.5148,633507.5148,7.458457492148796e-05,21168,41.63809573302801,15.99560017121763,1,BTCUSDT,2024-03-05,50
1709597861850,-372629.57370000007,382341.0673000001,-0.00016083399772881535,21237,-24.491557716685225,15.390982669611443,-1,BTCUSDT,2024-03-05,50
1709597864650,265449.8465,265449.8465,8.772481316654535e-05,21293,17.447032375573315,14.954081871480355,1,BTCUSDT,2024-03-05,50
1709597866400,-105613.0844,105613.0844,-3.070114844483385e-05,21328,-6.941555729288987,13.85054714081634,-1,BTCUSDT,2024-03-05,50
1709597872050,-154554.60109999994,154554.60109999994,-7.165162107547474e-05,21441,-10.15829982476753,14.30645749101642,-1,BTCUSDT,2024-03-05,50
1709597878300,-136799.8,136799.8,8.771981121924455e-06,21566,-8.991342700105703,14.160345671309429,-1,BTCUSDT,2024-03-05,50
1709597881150,160352.83669999999,174449.4947,0.00019142293787410836,21623,10.539396312741587,14.451442638086464,1,BTCUSDT,2024-03-05,50
1709597888200,221440.04109999991,221440.04109999991,1.4622416308895936e-06,21764,14.55443134460424,14.737032001026861,1,BTCUSDT,2024-03-05,50
1709597889750,156582.49100000004,156582.49100000004,1.4618611388073077e-06,21795,10.29158549513389,14.322065646898233,1,BTCUSDT,2024-03-05,50
1709597898600,269651.2360000001,269651.2360000001,0.00016073364716007177,21972,17.72317410100805,14.9728845651024,1,BTCUSDT,2024-03-05,50
1709597901350,425390.73419999983,426075.1175999999,7.4522671365429e-05,22027,27.959352810762688,15.52065982905823,1,BTCUSDT,2024-03-05,50
1709597907650,312827.4294,312827.4294,1.4612288499193937e-06,22153,20.560984911736146,15.150718973406333,1,BTCUSDT,2024-03-05,50
1709597917850,-199342.48500000007,199342.48500000007,-3.21480446707767e-05,22357,-13.102041065306244,14.611156894086582,-1,BTCUSDT,2024-03-05,50
1709597919150,-105169.50230000001,105169.50230000001,-0.0001271419585524569,22383,-6.912400725577486,13.845507594334919,-1,BTCUSDT,2024-03-05,50
1709597922150,-151203.3625,151203.3625,-0.00019000792244128206,22443,-9.938035360035697,14.280209396869667,-1,BTCUSDT,2024-03-05,50
1709597926400,-145829.1824,145829.1824,-0.00016226990784140582,22528,-9.584810464888275,14.236877439878892,-1,BTCUSDT,2024-03-05,50
1709597950050,156954.705,191179.655,7.597085644661661e-05,23001,10.316049738734954,14.561094480985966,1,BTCUSDT,2024-03-05,50
1709597951900,725645.086,725645.086,0.00014751384429523284,23038,47.693956035562,16.158188793966534,1,BTCUSDT,2024-03-05,50
1709597952900,230551.958,230551.958,0.0,23058,15.153323795490758,14.78531470416085,1,BTCUSDT,2024-03-05,50
1709597955650,269373.78359999997,269373.78359999997,3.066120897443625e-05,23113,17.704938185375365,14.971651932527083,1,BTCUSDT,2024-03-05,50
1709597957700,386090.85000000003,386090.85000000003,6.424520645431642e-05,23154,25.376317404887335,15.402668475680752,1,BTCUSDT,2024-03-05,50
1709597959800,-273328.55770000006,278122.3327000001,-0.00010805159620197458,23196,-17.964870796640902,15.009920836456628,-1,BTCUSDT,2024-03-05,50
1709597964950,-107425.411,107425.411,-2.1922404918939264e-05,23299,-7.060673224673609,13.870919458044764,-1,BTCUSDT,2024-03-05,50
1709597967750,-279204.89719999995,279204.89719999995,-8.770250147627223e-05,23355,-18.35110076383871,15.014572391439327,-1,BTCUSDT,2024-03-05,50
1709597974400,330908.09289999993,330908.09289999993,0.00021488008093228927,23488,21.749359761507794,15.217997339028834,1,BTCUSDT,2024-03-05,50
1709597981450,-263122.47640000004,263122.47640000004,-3.801214049659052e-05,23629,-17.29406298410433,14.943537569212015,-1,BTCUSDT,2024-03-05,50
1709597984950,1215457.5204000003,1249379.1092000003,4.386490778784946e-05,23699,79.8875079008677,16.808764199884827,1,BTCUSDT,2024-03-05,50
1709597986450,-156582.0722,156582.0722,-8.771275831520597e-05,23729,-10.291557968965554,14.32206244441445,-1,BTCUSDT,2024-03-05,50
1709597992850,-148329.3568,148329.3568,0.0,23857,-9.749137641100749,14.257231544436065,-1,BTCUSDT,2024-03-05,50
1709598005900,1000119.7082,1000119.7082,0.00016798633361148063,24118,65.73415339463885,16.542318934222187,1,BTCUSDT,2024-03-05,50
1709598012800,229120.7565,229120.7565,7.742340747185494e-05,24256,15.0592562372092,14.777858681434086,1,BTCUSDT,2024-03-05,50
1709598024400,-573293.0374999999,573293.0374999999,0.0,24488,-37.680421811633124,15.876013948439583,-1,BTCUSDT,2024-03-05,50
1709598027900,-112106.4571,112106.4571,-0.0001154227432298427,24558,-7.368340996703198,13.921989106908354,-1,BTCUSDT,2024-03-05,50
1709598040650,-1185775.0479999997,1185775.0479999997,-0.0002731895185252853,24813,-77.93658924795422,16.746201933729626,-1,BTCUSDT,2024-03-05,50
1709598047150,310516.8696000001,310516.8696000001,-5.550848696955768e-05,24943,20.409120398842944,15.141842397548167,1,BTCUSDT,2024-03-05,50
1709598048150,127125.57750000001,127125.57750000001,-0.0001606707276007313,24963,8.35549199086071,14.072528003844374,1,BTCUSDT,2024-03-05,50
1709598051550,273663.1425,298728.08930000005,0.0001781523850112876,25031,17.986861812702664,15.095499267100536,1,BTCUSDT,2024-03-05,50
1709598054050,233107.4039,233107.4039,7.444989197225027e-05,25081,15.321283762087786,14.798513242373796,1,BTCUSDT,2024-03-05,50
1709598055050,1930956.0687000009,2073748.3765000012,0.000491813934960561,25101,126.91456970354166,17.41548065125902,1,BTCUSDT,2024-03-05,50
1709598057050,179410.75700000004,179410.75700000004,0.00010218008519125021,25141,11.792002621878018,14.485019651389418,1,BTCUSDT,2024-03-05,50
1709598060150,-106954.82900000001,106954.82900000001,-0.00014158072715986236,25203,-7.029743617828417,13.865662883152288,-1,BTCUSDT,2024-03-05,50
1709598066300,103582.4328,103582.4328,0.0,25326,6.80808854264019,13.827301143435166,1,BTCUSDT,2024-03-05,50
1709598067600,148553.4975,148553.4975,0.00010069971717641124,25352,9.763869576723033,14.259039502763729,1,BTCUSDT,2024-03-05,50
1709598069300,-266305.8274,266579.929,-0.00011236586336771381,25386,-17.5032928205202,14.95916848666784,-1,BTCUSDT,2024-03-05,50
1709598070450,496302.5852999999,496302.5852999999,0.00011529135524490641,25409,32.62012537577352,15.703341183693723,1,BTCUSDT,2024-03-05,50
1709598072650,411227.20200000005,411227.20200000005,0.0,25453,27.028436450839795,15.47818972359951,1,BTCUSDT,2024-03-05,50
1709598074200,319811.3886000001,323101.29900000006,8.753654656423748e-05,25484,21.020014607472227,15.18941066158434,1,BTCUSDT,2024-03-05,50
1709598076850,206197.86669999998,236359.82269999993,1.4588019734418367e-05,25537,13.552619839578812,14.815103836283626,1,BTCUSDT,2024-03-05,50
1709598078900,220290.4602,220290.4602,9.77457924502545e-05,25578,14.478873662258248,14.730799866527567,1,BTCUSDT,2024-03-05,50
1709598080650,-804317.1925,804317.1925,-1.1671948223934692e-05,25613,-52.86478136192004,16.281436360415082,-1,BTCUSDT,2024-03-05,50
1709598081900,129933.4424,129933.4424,5.837047156198594e-05,25638,8.540042520696995,14.09868650805382,1,BTCUSDT,2024-03-05,50
1709598084900,300518.6004999997,328081.57470000046,0.00012688883898448466,25698,19.751971310277167,15.207725926354964,1,BTCUSDT,2024-03-05,50
1709598088550,1425140.8632000005,1425140.8632000005,0.0001414362194260832,25771,93.66921513741734,16.966365658892503,1,BTCUSDT,2024-03-05,50
1709598091050,102764.766,102764.766,0.00017649611499059858,25821,6.75434634116549,13.81781190187071,1,BTCUSDT,2024-03-05,50
1709598093450,497186.2182000001,497186.2182000001,7.4367385124674e-05,25869,32.678203283964834,15.705471106151284,1,BTCUSDT,2024-03-05,50
1709598096000,-548689.9606,548689.9606,-1.4580033074196308e-06,25920,-36.06335295711028,15.823493593803466,-1,BTCUSDT,2024-03-05,50
1709598097550,-137173.8,137173.8,-1.4580033074196308e-06,25951,-9.015924330852528,14.163614676704427,-1,BTCUSDT,2024-03-05,50
1709598099400,-203485.6795,207874.2107,-0.000228985311665042,25988,-13.37435784956099,14.661336631547961,-1,BTCUSDT,2024-03-05,50
1709598102600,2039811.1681000006,2071747.1909000005,0.0002758200007413336,26052,134.06921103605436,17.41432462848394,1,BTCUSDT,2024-03-05,50
1709598108350,-342698.8793,342698.8793,-3.209860692443556e-05,26167,-22.52432435375242,15.259918656283524,-1,BTCUSDT,2024-03-05,50
1709598117200,-110977.22459999997,110977.22459999997,-0.0002890093276697314,26344,-7.294120739103425,13.90986719751808,-1,BTCUSDT,2024-03-05,50
1709598127600,143914.918,143914.918,9.047172254028624e-05,26552,9.458992976565835,14.221055989480245,1,BTCUSDT,2024-03-05,50
1709598136050,-228794.3861,244152.49809999997,-4.812982803237276e-05,26721,-15.037805123146384,14.853943367617315,-1,BTCUSDT,2024-03-05,50
1709598137900,290754.47060000006,290754.47060000006,7.583093205631997e-05,26758,19.110211321598488,15.063105222902305,1,BTCUSDT,2024-03-05,50
1709598142600,1630875.5162000326,1705095.7881999654,0.0002478466512556565,26852,107.19138966114193,17.181113241281256,1,BTCUSDT,2024-03-05,50
1709598145200,-336840.2082,336840.2082,-8.74927636758116e-05,26904,-22.139255664855906,15.239271996106455,-1,BTCUSDT,2024-03-05,50
1709598148100,-127244.07150000002,127244.07150000002,-6.855264225613666e-05,26962,-8.363280161325187,14.073643539197393,-1,BTCUSDT,2024-03-05,50
1709598149250,-125440.0705,159027.9045,3.2095516258934254e-05,26985,-8.24470987670245,14.340620716892264,-1,BTCUSDT,2024-03-05,50
1709598158250,-205858.5465,205995.6943,-1.458281836619335e-06,27165,-13.530317583265074,14.650467178789285,-1,BTCUSDT,2024-03-05,50
1709598166100,-198932.2751,198932.2751,-8.750092975340351e-05,27322,-13.075079492337009,14.60869041761213,-1,BTCUSDT,2024-03-05,50
1709598167700,1359780.3078000003,1383090.7078000004,0.00020272600920101524,27354,89.37330861803174,16.930504650935198,1,BTCUSDT,2024-03-05,50
1709598171150,-274266.2952,274266.2952,-4.958277553690493e-05,27423,-18.026504799214294,14.993203862967972,-1,BTCUSDT,2024-03-05,50
1709598174350,330866.7265,330866.7265,0.0,27487,21.74664090169463,15.217847649359493,1,BTCUSDT,2024-03-05,50
1709598178850,-99791.4152,99791.4152,-5.3984532716100375e-05,27577,-6.55891903783293,13.782657216938956,-1,BTCUSDT,2024-03-05,50
1709598184200,-342479.24919999996,342616.2716,0.0,27684,-22.509888883113145,15.259629997628352,-1,BTCUSDT,2024-03-05,50
1709598186150,-239274.34230000002,239274.34230000002,-1.459829505279231e-06,27723,-15.726613715529542,14.829777994564582,-1,BTCUSDT,2024-03-05,50
1709598191300,-142381.99490000002,142381.99490000002,-9.349767504396311e-05,27826,-9.358239635369369,14.208233850732677,-1,BTCUSDT,2024-03-05,50
1709598193050,-1348141.9103000008,1348278.749300001,-7.015297736501225e-05,27861,-88.60835998212329,16.89998167601404,-1,BTCUSDT,2024-03-05,50
1709598194600,-209633.15139999997,209633.15139999997,-0.00011403975613788475,27892,-13.77840834226763,14.671425517233708,-1,BTCUSDT,2024-03-05,50
1709598198350,-444092.08749999997,457629.3871,-0.0001521014870853321,27967,-29.188523295486014,15.606203996469082,-1,BTCUSDT,2024-03-05,50
1709598200650,124230.3942,124230.3942,0.00013747775148864605,28013,8.165202346943664,14.04494393928294,1,BTCUSDT,2024-03-05,50
1709598202650,136773.2,136773.2,1.4622758435223204e-06,28053,8.98959438091355,14.160112829544712,1,BTCUSDT,2024-03-05,50
1709598205300,-156840.9731,156840.9731,-1.4626265993911147e-06,28106,-10.308574563414274,14.324040577986498,-1,BTCUSDT,2024-03-05,50
1709598206850,880929.6115000001,880929.6115000001,0.00018868297148344482,28137,57.90023107977847,16.390377082228092,1,BTCUSDT,2024-03-05,50
1709598215850,-549739.7148,552200.2211999999,-0.00039649649780848506,28317,-36.13234940127961,15.831129343715473,-1,BTCUSDT,2024-03-05,50
1709598217400,-147924.3554,148061.0062,-0.0001331773258073099,28348,-9.722518403489126,14.255063384414868,-1,BTCUSDT,2024-03-05,50
1709598219600,161424.8017,163064.32330000002,1.4638405758660156e-06,28392,10.60985259029111,14.370632490839713,1,BTCUSDT,2024-03-05,50
1709598222100,-282647.6352,282647.6352,-0.00015515040838565142,28442,-18.57737914425065,15.02924614334471,-1,BTCUSDT,2024-03-05,50
1709598223450,-136620.8,136620.8,-9.66131245281332e-05,28469,-8.979577695015644,14.158777930236994,-1,BTCUSDT,2024-03-05,50
1709598225400,-409242.96669999976,409242.96669999976,-0.00014642338934756083,28508,-26.898020035172888,15.472398293533736,-1,BTCUSDT,2024-03-05,50
1709598230500,322107.9277,323336.64190000005,5.566949898927476e-05,28610,21.170957591835446,15.19028248512213,1,BTCUSDT,2024-03-05,50
1709598232000,1213311.4666,1213311.4666,6.29685574775607e-05,28640,79.74645575628367,16.773689475865936,1,BTCUSDT,2024-03-05,50
1709598234600,-665841.0427999999,665841.0427999999,-1.464301428555359e-06,28692,-43.763258422969535,16.0552037142322,-1,BTCUSDT,2024-03-05,50
1709598236950,-204791.96599999996,204791.96599999996,-0.00015234680020626,28739,-13.46021520889939,14.643449946349742,-1,BTCUSDT,2024-03-05,50
1709598239100,295118.30960000004,295118.30960000004,0.00015673212095812517,28782,19.39703024923644,15.080942460584103,1,BTCUSDT,2024-03-05,50
1709598240750,530766.2022000003,530766.2022000003,2.9285964266989595e-06,28815,34.885290896724996,15.783726959465785,1,BTCUSDT,2024-03-05,50
1709598243950,1145464.2285000002,1145464.2285000002,0.00015225780789940302,28879,75.28710882001062,16.70478925289293,1,BTCUSDT,2024-03-05,50
1709598246150,-241304.86680000005,296074.48780000006,-0.0001405662479321279,28923,-15.860072548367464,15.084815610123924,-1,BTCUSDT,2024-03-05,50
1709598250700,-305128.87000000005,305128.87000000005,-5.4180422283778285e-05,29014,-20.054987199294168,15.120883810247363,-1,BTCUSDT,2024-03-05,50
1709598252350,-446961.66879999987,446961.66879999987,-0.00017434019970252734,29047,-29.37713021504375,15.577962085790045,-1,BTCUSDT,2024-03-05,50
1709598254050,614355.3414,614355.3414,0.00013479873251043273,29081,40.37929451773933,15.958843153502968,1,BTCUSDT,2024-03-05,50
1709598264050,-246202.53870000006,246202.53870000006,-0.00010990242873454292,29281,-16.18197832955704,14.86395507695267,-1,BTCUSDT,2024-03-05,50
1709598267150,-292272.8636,293910.2756,-8.35486176491429e-05,29343,-19.210009653295177,15.076031148038135,-1,BTCUSDT,2024-03-05,50
1709598269850,-194297.4915,194297.4915,-4.688995075952107e-05,29397,-12.770452382586633,14.58046394356037,-1,BTCUSDT,2024-03-05,50
1709598280150,102126.85699999999,102126.85699999999,2.7850273996321562e-05,29603,6.712418952159936,13.810356220442522,1,BTCUSDT,2024-03-05,50
1709598283250,-277308.2095,277308.2095,-1.9051931904101593e-05,29665,-18.226438526717203,15.006410774575164,-1,BTCUSDT,2024-03-05,50
1709598285650,149768.1425,149768.1425,1.465599808625484e-06,29713,9.843703680676182,14.268789842521304,1,BTCUSDT,2024-03-05,50
1709598287550,-460432.93529999995,460432.93529999995,-0.00012313393469476352,29751,-30.262546521982458,15.6135169349314,-1,BTCUSDT,2024-03-05,50
1709598288650,237410.11379999996,237410.11379999996,-8.061779620227583e-05,29773,15.60408490105171,14.820412640592007,1,BTCUSDT,2024-03-05,50
1709598289950,-163740.48,163740.48,-1.4657329945322317e-06,29799,-10.762053523176233,14.375587135792887,-1,BTCUSDT,2024-03-05,50
1709598292200,-645721.8206000001,645721.8206000001,-0.00023011232367764478,29844,-42.44089668223766,16.018466084396874,-1,BTCUSDT,2024-03-05,50
1709598294700,-682265.9927,682265.9927,-0.00014949654866747153,29894,-44.84280936809495,16.084381758356557,-1,BTCUSDT,2024-03-05,50
1709598297000,-315464.20339999994,315464.20339999994,-0.00017147316743582053,29940,-20.73429027224638,15.160769028692567,-1,BTCUSDT,2024-03-05,50
1709598301850,150685.74909999996,150685.74909999996,0.00010700980176103769,30037,9.90401455397043,14.27610346950827,1,BTCUSDT,2024-03-05,50
1709598306350,117002.2378,117002.2378,0.00017297081820188964,30127,7.69012247634179,13.973168880550924,1,BTCUSDT,2024-03-05,50
1709598310250,137497.59879999998,137497.59879999998,5.1290806426962376e-05,30205,9.037206423199759,14.166437700160605,1,BTCUSDT,2024-03-05,50
1709598313250,-163085.22390000004,163085.22390000004,-0.00012163694026412486,30265,-10.718985973724884,14.37078595075824,-1,BTCUSDT,2024-03-05,50
1709598319550,-1802672.997499999,2073585.3974999997,-0.00033701707969946426,30391,-118.48299995138356,17.415386545088023,-1,BTCUSDT,2024-03-05,50
1709598320550,-203328.96180000002,206195.63820000002,-1.4651123763087526e-06,30411,-13.364057377280533,14.651628795584365,-1,BTCUSDT,2024-03-05,50
1709598328450,-91798.85710000001,91798.85710000001,-8.498006636514788e-05,30569,-6.0335978829218435,13.682699670984304,-1,BTCUSDT,2024-03-05,50
1709598329950,-129528.74670000002,129528.74670000002,-7.18028148476435e-05,30599,-8.513443375610825,14.094951365611664,-1,BTCUSDT,2024-03-05,50
1709598334400,-156732.20679999999,161101.2244,-0.00010839378006188838,30688,-10.30142575853647,14.356130300357417,-1,BTCUSDT,2024-03-05,50
1709598343000,-96993.0056,155415.09120000002,-0.00010548878678662277,30860,-6.374989969743169,14.313105331829194,-1,BTCUSDT,2024-03-05,50
1709598345150,177792.62860000005,177792.62860000005,5.714114083055222e-05,30903,11.685649052814513,14.474171553263846,1,BTCUSDT,2024-03-05,50
1709598349900,129664.19760000001,129664.19760000001,6.300703263129037e-05,30998,8.522346060124528,14.096202808574283,1,BTCUSDT,2024-03-05,50
1709598351800,-432793.2503,432793.2503,-5.12880255030268e-05,31036,-28.445892696772404,15.539391885960315,-1,BTCUSDT,2024-03-05,50
1709598354450,144286.9441,144696.26709999997,0.00013633195239037832,31089,9.48344487019787,14.22753913338521,1,BTCUSDT,2024-03-05,50
1709598359950,640049.5019,640049.5019,1.1728330809646081e-05,31199,42.068076244372115,16.007901444884748,1,BTCUSDT,2024-03-05,50
1709598364050,-2162066.9456999972,2504147.1768999984,-3.9589762092617775e-05,31281,-142.10462916875247,17.641291685077906,-1,BTCUSDT,2024-03-05,50
1709598365100,-141260.42119999998,144532.8212,-1.466802590499583e-05,31302,-9.284522762244364,14.226185862440461,-1,BTCUSDT,2024-03-05,50
1709598366250,171664.68989999997,171664.68989999997,3.373613793478114e-05,31325,11.28288240478622,14.432174583188898,1,BTCUSDT,2024-03-05,50
1709598372200,-207840.6764,251327.96860000002,-0.00017310225692135361,31444,-13.660595618810639,14.888625684941957,-1,BTCUSDT,2024-03-05,50
1709598373750,-158742.3525,158742.3525,-5.719594673081474e-05,31475,-10.433545168549086,14.338468802467895,-1,BTCUSDT,2024-03-05,50
1709598385800,516038.4876000001,516038.4876000001,6.308116273778808e-05,31716,33.91729292335112,15.75003291227723,1,BTCUSDT,2024-03-05,50
1709598388950,584178.6331,584178.6331,4.8410556738431865e-05,31779,38.39589157499801,15.898536082124464,1,BTCUSDT,2024-03-05,50
1709598391350,-5853696.043899994,6079571.198099997,-0.00016287708465512196,31827,-384.74169693930725,18.703335114518563,-1,BTCUSDT,2024-03-05,50
1709598398600,-340669.48970000003,340669.48970000003,-1.46767339259668e-06,31972,-22.390940113675825,15.252807074393216,-1,BTCUSDT,2024-03-05,50
1709598400050,588419.5697000002,588419.5697000002,1.467661545540011e-05,32001,38.67463258441486,15.9071971084909,1,BTCUSDT,2024-03-05,50
1709598409500,658410.9411999999,661954.4395999998,1.4674730923758261e-06,32190,43.2749054445134,16.04819408163521,1,BTCUSDT,2024-03-05,50
1709598421900,408798.6,408798.6,1.4677164763554629e-06,32438,26.86881346261786,15.471097462864863,1,BTCUSDT,2024-03-05,50
1709598423900,-981773.3362,983136.1322000001,1.4675840045441646e-05,32478,-64.52831451215785,16.521811268602757,-1,BTCUSDT,2024-03-05,50
1709598425350,-111202.19520000002,111202.19520000002,3.669059627675608e-05,32507,-7.308907220969983,13.91229198582669,-1,BTCUSDT,2024-03-05,50
1709598426450,106564.62750000003,106564.62750000003,5.136615631862185e-05,32529,7.004097122668371,13.861286618812676,1,BTCUSDT,2024-03-05,50
1709598429950,110459.6409,110459.6409,0.0,32599,7.26010188510884,13.90426983821217,1,BTCUSDT,2024-03-05,50
1709598434300,-1224622.5420000001,1224622.5420000001,0.0,32686,-80.48989072642351,16.784800148807754,-1,BTCUSDT,2024-03-05,50
1709598439500,-1015332.4752999994,1317014.4758999995,-0.00017325984027216634,32790,-66.73403206707103,16.871889939201605,-1,BTCUSDT,2024-03-05,50
1709598442800,1140267.8423,1140267.8423,0.00014830335846127696,32856,74.94556965748038,16.699345077363688,1,BTCUSDT,2024-03-05,50
1709598443800,740092.6175999999,740092.6175999999,1.4679254611849046e-06,32876,48.64353862110822,16.181793930595262,1,BTCUSDT,2024-03-05,50
1709598454400,147234.90159999998,148188.3044,0.0,33088,9.67720316624689,14.256092389832338,1,BTCUSDT,2024-03-05,50
1709598460500,204433.3237999999,204433.3237999999,6.899452230335612e-05,33210,13.436642989298775,14.641351235702812,1,BTCUSDT,2024-03-05,50
1709598463600,-184751.39719999998,184751.39719999998,0.0,33272,-12.143023063985101,14.52014194881022,-1,BTCUSDT,2024-03-05,50
1709598466050,-255886.89909999995,264605.10709999996,-5.432161480456443e-05,33321,-16.81849536531098,14.950265450854227,-1,BTCUSDT,2024-03-05,50
1709598467600,-454084.29070000007,483224.6789000001,-0.00022322608783120756,33352,-29.84527369497705,15.671366793651808,-1,BTCUSDT,2024-03-05,50
1709598472400,1001826.5312,1001826.5312,0.0001247815407143804,33448,65.84633653029711,16.544360631732598,1,BTCUSDT,2024-03-05,50
1709598483650,-196453.10290000003,196453.10290000003,-0.0002422969765110139,33673,-12.912132712716172,14.593674729610267,-1,BTCUSDT,2024-03-05,50
1709598489300,-946283.0157999992,948052.6823999994,-0.00022476284309469463,33786,-62.19566758392434,16.47830212449578,-1,BTCUSDT,2024-03-05,50
1709598492050,-183823.3022,183959.4188,-2.644756329850395e-05,33841,-12.08202282711886,14.514998180203046,-1,BTCUSDT,2024-03-05,50
1709598500950,167578.47139999992,167578.47139999992,1.028420397730656e-05,34019,11.014310441369517,14.403328650884475,1,BTCUSDT,2024-03-05,50
1709598506900,-704596.1818000001,760122.791,-0.00011609187729888504,34138,-46.310489750348914,16.213769034799842,-1,BTCUSDT,2024-03-05,50
1709598510400,-1140139.4987999997,1140139.4987999997,-0.00020426832699627084,34208,-74.93713411596765,16.69921030007365,-1,BTCUSDT,2024-03-05,50
1709598517700,-340390.1116,340390.1116,0.0,34354,-22.372577628935318,15.25182473481794,-1,BTCUSDT,2024-03-05,50
1709598523950,715355.3352000002,715355.3352000002,0.0001292691885765862,34479,47.01764893758755,16.141088515596298,1,BTCUSDT,2024-03-05,50
1709598531500,204306.59999999998,204306.59999999998,1.468382421876413e-06,34630,13.42831390465056,14.640608790049997,1,BTCUSDT,2024-03-05,50
1709598532500,352428.8849999999,352428.8849999999,1.468382421876413e-06,34650,23.16384148552221,15.293440757096059,1,BTCUSDT,2024-03-05,50
1709598535100,569470.6826000001,569470.6826000001,4.845541038811518e-05,34702,37.4291926225018,15.868003975006953,1,BTCUSDT,2024-03-05,50
1709598541850,118100.8306,118100.8306,0.0,34837,7.7623289002741975,13.984358970296881,1,BTCUSDT,2024-03-05,50
1709598545200,184278.66649999996,184278.66649999996,1.4673438943901829e-06,34904,12.111952231070426,14.517074300314407,1,BTCUSDT,2024-03-05,50
1709598547700,-134113.3835,134794.8695,-4.695621040795572e-05,34954,-8.814774522471536,14.14266745581221,-1,BTCUSDT,2024-03-05,50
1709598550950,139404.8754,139404.8754,0.0,35019,9.162564629384947,14.1829324687718,1,BTCUSDT,2024-03-05,50
1709598556750,136271.8,136271.8,0.0,35135,8.956639221404302,14.155715357770303,1,BTCUSDT,2024-03-05,50
1709598558550,99943.62929999999,99943.62929999999,0.0,35171,6.568923505214374,13.784482171270419,1,BTCUSDT,2024-03-05,50
1709598562800,-117447.76380000002,117447.76380000002,-6.752323315417641e-05,35256,-7.719405245379518,13.977719549929091,-1,BTCUSDT,2024-03-05,50
1709598570850,-139123.417,139123.417,-4.992782493395964e-05,35417,-9.144065414252882,14.180512567881644,-1,BTCUSDT,2024-03-05,50
1709598576950,-209234.48150000005,209234.48150000005,-7.928607300300428e-05,35539,-13.752205250632144,14.669146275679088,-1,BTCUSDT,2024-03-05,50
1709598580350,-160132.7226,160132.7226,-1.468156062500725e-06,35607,-10.524929030580173,14.348910365779242,-1,BTCUSDT,2024-03-05,50
1709598592900,-365059.4536000001,365059.4536000001,-9.543729006544766e-05,35858,-23.994001842334107,15.335601413556205,-1,BTCUSDT,2024-03-05,50
1709598602250,-2063005.1696,2063005.1696,-0.00013358102112448478,36045,-135.5936665986594,17.409261505861036,-1,BTCUSDT,2024-03-05,50
1709598604100,-113721.43100000001,113721.43100000001,-6.167645415366962e-05,36082,-7.4744872321993485,13.939114760072636,-1,BTCUSDT,2024-03-05,50
1709598620700,499983.0619999999,499983.0619999999,0.0,36414,32.86202943783687,15.71218779517573,1,BTCUSDT,2024-03-05,50
1709598622800,-227112.21810000003,227112.21810000003,-0.00017338203746675163,36456,-14.927242469055141,14.767316025771919,-1,BTCUSDT,2024-03-05,50
1709598627900,-501853.04579999985,504846.27159999986,-0.000216073042349052,36558,-32.984936526805164,15.723777939968773,-1,BTCUSDT,2024-03-05,50
1709598629050,-2646218.5009999997,2676002.3696,-0.00021321381676742135,36581,-173.92611247860745,17.72076754837105,-1,BTCUSDT,2024-03-05,50
1709598631050,364337.6642,365697.6402,8.088705157049958e-05,36621,23.946561306217063,15.337692775567485,1,BTCUSDT,2024-03-05,50
1709598632800,-278089.72209999996,278089.72209999996,-0.00013089303631019789,36656,-18.277804446923593,15.00978043471882,-1,BTCUSDT,2024-03-05,50
1709598635200,-182314.06740000006,191286.72060000006,-0.00013386969496842482,36704,-11.982826429889295,14.561764844065255,-1,BTCUSDT,2024-03-05,50
1709598644350,347857.84609999997,347857.84609999997,0.00011623262133042545,36887,22.863404078118005,15.277809295086477,1,BTCUSDT,2024-03-05,50
1709598645600,340152.73740000004,340152.73740000004,0.00010737939135019303,36912,22.356975904514936,15.25098945414515,1,BTCUSDT,2024-03-05,50
1709598657200,629069.4406000002,637365.6232000001,6.029300933896309e-05,37144,41.34639760144671,16.002870072743764,1,BTCUSDT,2024-03-05,50
1709598658750,-167618.0348,167618.0348,-7.353000649246155e-06,37175,-11.01691079669008,14.403611299710818,-1,BTCUSDT,2024-03-05,50
1709598664650,203948.7,203948.7,1.4709592193185017e-06,37293,13.404790467098987,14.638509446560285,1,BTCUSDT,2024-03-05,50
1709598668500,-415431.0927,415431.0927,-3.825284542813279e-05,37370,-27.30474257085961,15.490367941299471,-1,BTCUSDT,2024-03-05,50
1709598672350,268966.62139999995,268966.62139999995,7.063373175597576e-05,37447,17.678176926406206,14.969840740086811,1,BTCUSDT,2024-03-05,50
1709598679850,-1598377.5723000013,1631529.1804999986,-0.0001251154559707146,37597,-105.05542052482745,17.12830531481316,-1,BTCUSDT,2024-03-05,50
1709598681950,767994.1599000002,767994.1599000002,8.827449837767176e-06,37639,50.477403353957236,16.226104416653605,1,BTCUSDT,2024-03-05,50
1709598683700,487737.424,487737.424,5.882525958256224e-05,37674,32.057169139507224,15.682496825534221,1,BTCUSDT,2024-03-05,50
1709598690050,711688.1480999999,711688.1480999999,0.0001838066359383106,37801,46.77661835156689,16.13493459538687,1,BTCUSDT,2024-03-05,50
1709598693950,491538.6234,491538.6234,0.0,37879,32.30700785620736,15.691792319350851,1,BTCUSDT,2024-03-05,50
1709598694950,476099.39999999997,476099.39999999997,0.0,37899,31.29224505236634,15.653579934915838,1,BTCUSDT,2024-03-05,50
1709598696050,145006.2744,145006.2744,0.0,37921,9.530723778806435,14.230101683898873,1,BTCUSDT,2024-03-05,50
1709598698000,-96995.70079999999,96995.70079999999,-0.00027490519986628215,37960,-6.37516711522763,13.748633903907049,-1,BTCUSDT,2024-03-05,50
1709598705350,104392.54760000002,105344.6808,-3.234856460743174e-05,38107,6.861334379207406,13.847500336307977,1,BTCUSDT,2024-03-05,50
1709598709850,-91422.24,91422.24,-1.470100723821588e-06,38197,-6.008844239913447,13.677777280316782,-1,BTCUSDT,2024-03-05,50
1709598711800,136048.44,136048.44,0.0,38236,8.941958598293043,14.153751192446057,1,BTCUSDT,2024-03-05,50
1709598713800,-502102.5239,502102.5239,-7.352346504596596e-05,38276,-33.00133379561164,15.717252757644655,-1,BTCUSDT,2024-03-05,50
1709598718800,-138375.64140000002,138375.64140000002,-4.5586056556246035e-05,38376,-9.094916901737683,14.17405954285644,-1,BTCUSDT,2024-03-05,50
1709598720850,136021.7769,136021.7769,1.4710890550162503e-06,38417,8.94020613177228,14.153516509192977,1,BTCUSDT,2024-03-05,50
1709598724500,340007.21680000005,340007.21680000005,0.0,38490,22.347411376024947,15.250477102895303,1,BTCUSDT,2024-03-05,50
1709598725700,177696.8037,177696.8037,1.4704833564138653e-06,38514,11.679350838086831,14.473526040403462,1,BTCUSDT,2024-03-05,50
1709598733800,-138612.21769999998,139835.86849999998,-4.413121092383676e-05,38676,-9.110466183154927,14.186628574768925,-1,BTCUSDT,2024-03-05,50
1709598736900,95061.71659999999,95333.7162,4.853066072385559e-05,38738,6.248053517701978,13.727939961971437,1,BTCUSDT,2024-03-05,50
1709598740500,-109198.87429999998,109198.87429999998,-9.706924427455021e-05,38810,-7.177236379710095,13.890524889669448,-1,BTCUSDT,2024-03-05,50
1709598743350,119996.99880000002,119996.99880000002,1.4709116200606331e-06,38867,7.886956992590434,14.003430371750184,1,BTCUSDT,2024-03-05,50
1709598746250,1105625.6881000001,1105625.6881000001,0.00016173996953305902,38925,72.66866954299115,16.662404350405122,1,BTCUSDT,2024-03-05,50
1709598747400,-133920.82020000002,135961.21020000003,-5.2930045605137366e-05,38948,-8.802118052054452,14.152983242280252,-1,BTCUSDT,2024-03-05,50
1709598749000,277863.1182,277863.1182,0.0,38980,18.262910614315068,15.008804358929753,1,BTCUSDT,2024-03-05,50
1709598750250,-481483.47250000003,481483.47250000003,-7.204457356735361e-05,39005,-31.646120138219647,15.667044547165538,-1,BTCUSDT,2024-03-05,50
1709598757450,498907.08129999996,498907.08129999996,6.910143873284369e-05,39149,32.791309223243,15.709608258516853,1,BTCUSDT,2024-03-05,50
1709598759250,-332586.38220000005,333266.48020000005,-5.73430326529234e-05,39185,-21.85966748305579,15.226500669383665,-1,BTCUSDT,2024-03-05,50
1709598760350,-286551.67059999995,286551.67059999995,-0.00013382264402039823,39207,-18.83397688923817,15.045671330305497,-1,BTCUSDT,2024-03-05,50
1709598767950,-96690.9884,96690.9884,-1.0294685369061085e-05,39359,-6.355139501054426,13.74486650265215,-1,BTCUSDT,2024-03-05,50
1709598789200,197657.87120000002,197657.87120000002,7.795246815511803e-05,39784,12.991317657866118,14.600995213760687,1,BTCUSDT,2024-03-05,50
1709598795200,340086.47200000007,340086.47200000007,0.0,39904,22.352620525921115,15.250756173053425,1,BTCUSDT,2024-03-05,50
1709598811650,-208630.52710000004,208630.52710000004,-1.470061823383162e-06,40233,-13.71250957135749,14.665685112938133,-1,BTCUSDT,2024-03-05,50
1709598813700,-195499.8152,195499.8152,-3.235346454388832e-05,40274,-12.849476653259245,14.587850420986802,-1,BTCUSDT,2024-03-05,50
1709598820950,-126862.80900000001,126862.80900000001,-1.4708791660211773e-06,40419,-8.338221193430503,14.070050514302032,-1,BTCUSDT,2024-03-05,50
1709598823200,188934.85960000008,188934.85960000008,0.0,40464,12.417986507728495,14.546952158826457,1,BTCUSDT,2024-03-05,50
1709598827350,-125911.35609999999,125911.35609999999,-4.118398061514483e-05,40547,-8.275685728562063,14.061036694402384,-1,BTCUSDT,2024-03-05,50
1709598833300,-240297.0374,240297.0374,-1.4706779900564015e-06,40666,-15.79383166556908,14.83488477772197,-1,BTCUSDT,2024-03-05,50
1709598846250,115516.53910000001,115516.53910000001,0.0,40925,7.592473019538479,13.957867502678207,1,BTCUSDT,2024-03-05,50
1709598850250,-145763.1344,145763.1344,-5.883347920843107e-05,41005,-9.580469375188901,14.23633501915312,-1,BTCUSDT,2024-03-05,50
1709598862250,-224197.8572,226509.06160000004,-0.0001044422527236577,41245,-14.735692352726836,14.764131897270381,-1,BTCUSDT,2024-03-05,50
1709598863700,-432153.2599999999,432153.2599999999,-1.4712362279567515e-06,41274,-28.403828511649,15.537619987348322,-1,BTCUSDT,2024-03-05,50
1709598866600,-149928.66,149928.66,-3.385462090221836e-05,41332,-9.854253899695978,14.270072447947973,-1,BTCUSDT,2024-03-05,50
1709598868050,-3980666.712699992,4073038.8534999914,-0.0004873628100234839,41361,-261.6344365181005,18.223737885321324,-1,BTCUSDT,2024-03-05,50
1709598875850,345726.5214,345726.5214,0.00015016606628570628,41517,22.723320022564568,15.270450510523942,1,BTCUSDT,2024-03-05,50
1709598880850,-794966.8886,794966.8886,-7.362295626123228e-05,41617,-52.25022061903126,16.26743532450921,-1,BTCUSDT,2024-03-05,50
1709598882300,-101188.73099999999,101188.73099999999,0.0,41646,-6.650759414924653,13.799306661124577,-1,BTCUSDT,2024-03-05,50
1709598883850,-95034.3498,95034.3498,-1.4720982175475683e-06,41677,-6.246254799594165,13.724174134628976,-1,BTCUSDT,2024-03-05,50
1709598885450,-342321.51739999995,342321.51739999995,-8.834442552441146e-05,41709,-22.49952175780664,15.258599461349183,-1,BTCUSDT,2024-03-05,50
1709598890050,-274519.70000000007,274519.70000000007,-1.1781962992785111e-05,41801,-18.043160155425724,14.994309635804944,-1,BTCUSDT,2024-03-05,50
1709598892200,-618971.257899999,619242.824699999,-0.00014728625109583504,41844,-40.68268156309001,15.96833102495073,-1,BTCUSDT,2024-03-05,50
1709598896750,315984.8938000001,315984.8938000001,7.213769764646827e-05,41935,20.768513318091887,15.162743703560764,1,BTCUSDT,2024-03-05,50
1709598897850,-324790.45489999995,324790.45489999995,-9.862796729187551e-05,41957,-21.347270140227728,15.195654081960468,-1,BTCUSDT,2024-03-05,50
1709598906450,111575.2674,111575.2674,3.531951653812371e-05,42129,7.333427870869196,13.916302257496358,1,BTCUSDT,2024-03-05,50
1709598916500,93176.20959999999,115332.7404,-0.00011917627141144749,42330,6.124126146459854,13.955960875000716,1,BTCUSDT,2024-03-05,50
1709598921250,-472667.6456999999,479871.6388999999,-0.000238354823178355,42425,-31.06668858975556,15.663029491964886,-1,BTCUSDT,2024-03-05,50
1709598930500,-115459.41160000002,115459.41160000002,-3.678832074349714e-05,42610,-7.588718241168188,13.957275218193644,-1,BTCUSDT,2024-03-05,50
1709598939600,121881.279,121881.279,2.9438865780662127e-05,42792,8.010803730825604,14.022085982146807,1,BTCUSDT,2024-03-05,50
1709598969650,-115513.81000000001,115513.81000000001,0.0,43393,-7.5922936459329415,13.957839214674026,-1,BTCUSDT,2024-03-05,50
1709598973700,-94351.69100000002,94351.69100000002,-9.127203784409232e-05,43474,-6.201386172461357,13.715542189427898,-1,BTCUSDT,2024-03-05,50
1709598981200,-250335.11340000006,277498.7934000001,-0.0001958305762563839,43624,-16.453597113805895,15.007233392899055,-1,BTCUSDT,2024-03-05,50
1709598983450,193606.27920000002,193606.27920000002,0.0,43669,12.72502156567149,14.576196759962732,1,BTCUSDT,2024-03-05,50
1709598989300,94100.8576,94100.8576,0.0001398260713134647,43786,6.184899824820257,13.712354803511907,1,BTCUSDT,2024-03-05,50
1709598999700,-367213.4068000001,367213.4068000001,-0.00021492839728409763,43994,-24.13557318513716,15.342645408617727,-1,BTCUSDT,2024-03-05,50
1709599002200,-92166.73550000001,92166.73550000001,-4.8587395115262666e-05,44044,-6.057777163639846,13.687488388232246,-1,BTCUSDT,2024-03-05,50
1709599004050,-1641444.8826000008,1709356.2084000006,-6.920868704440863e-05,44081,-107.88607485384759,17.18410128568356,-1,BTCUSDT,2024-03-05,50
1709599018400,101902.35,101902.35,0.0,44368,6.697662940999303,13.80772116889637,1,BTCUSDT,2024-03-05,50
1709599033000,-109361.0184,109361.0184,-6.18337232491939e-05,44660,-7.187893509105755,13.892301460140427,-1,BTCUSDT,2024-03-05,50
1709599041850,345609.0609,345609.0609,0.00015756043469217218,44837,22.715599780216067,15.27004363896316,1,BTCUSDT,2024-03-05,50
1709599044950,998973.8356999999,998973.8356999999,8.096695154335976e-05,44899,65.6588394516497,16.540946288549243,1,BTCUSDT,2024-03-05,50
1709599046350,122319.1715,122319.1715,8.093871251446672e-05,44927,8.039584778263583,14.026380096511401,1,BTCUSDT,2024-03-05,50
1709599055200,-317870.01420000003,317870.01420000003,-7.80015703725212e-05,45104,-20.892415279552065,15.169865749946824,-1,BTCUSDT,2024-03-05,50
1709599056700,114071.7994,114071.7994,4.709920417944602e-05,45134,7.497515645659658,13.942798053329103,1,BTCUSDT,2024-03-05,50
1709599066050,-2808621.9941000016,2808621.9941000016,-0.00022663590009663892,45321,-184.6002908191925,17.778683882136686,-1,BTCUSDT,2024-03-05,50
1709599087600,-418267.73450000025,418267.73450000025,-9.422725559815603e-05,45752,-27.491184499438795,15.498515952059112,-1,BTCUSDT,2024-03-05,50
1709599091100,339569.35920000006,339569.35920000006,0.0,45822,22.31863262243433,15.248934163295884,1,BTCUSDT,2024-03-05,50
1709599095700,-290528.2981,290528.2981,-1.4728310535616629e-06,45914,-19.095345843309484,15.06217345761014,-1,BTCUSDT,2024-03-05,50
1709599100000,-109774.89600000001,109774.89600000001,7.3650990053408805e-06,46000,-7.215096146372018,13.896824293288146,-1,BTCUSDT,2024-03-05,50
1709599106400,-214968.28650000005,215104.03470000002,-0.00010902040754956488,46128,-14.12906695460086,14.702272649239976,-1,BTCUSDT,2024-03-05,50
1709599109350,214547.2178,214547.2178,0.00018705863606349737,46187,14.101391673043516,14.699169160317743,1,BTCUSDT,2024-03-05,50
1709599112050,178590.44439999998,178590.44439999998,8.391342789160205e-05,46241,11.738086521797351,14.479532475466856,1,BTCUSDT,2024-03-05,50
1709599116350,-99988.1024,99988.1024,-1.4721740715373244e-06,46327,-6.571846556878457,13.785014852005283,-1,BTCUSDT,2024-03-05,50
1709599117500,-93321.38320000001,106633.62480000002,0.0,46350,-6.133667867928806,13.862061615862336,-1,BTCUSDT,2024-03-05,50
1709599130900,-100630.4517,100630.4517,-1.3254308202093057e-05,46618,-6.614065790309157,13.79268233754746,-1,BTCUSDT,2024-03-05,50
1709599142950,100343.09490000001,100478.8833,7.217371775070092e-05,46859,6.595178895255175,13.790877542662455,1,BTCUSDT,2024-03-05,50
1709599149100,101974.2346,101974.2346,1.4729221682330262e-06,46982,6.702387648736155,13.808565513866576,1,BTCUSDT,2024-03-05,50
1709599159800,135542.96829999998,135542.96829999998,7.506474337581892e-05,47196,8.908735821067454,14.149294283373694,1,BTCUSDT,2024-03-05,50
1709599161350,121092.60239999999,121092.60239999999,-1.1772739044957348e-05,47227,7.958966947510466,14.014312905204939,1,BTCUSDT,2024-03-05,50
1709599165850,1530478.4115000004,1530478.4115000004,3.6764030078018095e-05,47317,100.5926609023544,17.05174917877139,1,BTCUSDT,2024-03-05,50
1709599166950,4691503.113,4696535.6458,0.0002823629088020141,47339,308.3550726506598,18.394285100363174,1,BTCUSDT,2024-03-05,50
1709599168100,97996.6305,97996.6305,7.646507828873439e-05,47362,6.440954506374504,13.7609264276663,1,BTCUSDT,2024-03-05,50
1709599181500,-662242.0980000001,662242.0980000001,-0.00011765380675043957,47630,-43.526713149836375,16.048714292736115,-1,BTCUSDT,2024-03-05,50
1709599183300,-1293795.3599999996,1293795.3599999996,-4.41296529274382e-05,47666,-85.03636310555005,16.850592018344187,-1,BTCUSDT,2024-03-05,50
1709599184700,135950.8592,135950.8592,5.2962439346160295e-05,47694,8.935544974780798,14.152892081867817,1,BTCUSDT,2024-03-05,50
1709599190050,105957.5909,105957.5909,-9.121912900944551e-05,47801,6.964198861836796,13.854446505721139,1,BTCUSDT,2024-03-05,50
1709599195150,-151306.834,151306.834,-1.4718425482840303e-06,47903,-9.944836157377463,14.28102849045541,-1,BTCUSDT,2024-03-05,50
1709599197400,361104.94310000015,361104.94310000015,0.000231052415342603,47948,23.73408655651742,15.322560244339128,1,BTCUSDT,2024-03-05,50
1709599198450,101608.59669999998,101744.53929999999,0.00010593048910045866,47969,6.678355627760634,13.805865458762367,1,BTCUSDT,2024-03-05,50
1709599200200,-98021.10360000003,98021.10360000003,0.0,48004,-6.4425630323302014,13.76122540952905,-1,BTCUSDT,2024-03-05,50
1709599206200,168028.24709999998,168028.24709999998,0.0,48124,11.043872527402394,14.40653801258603,1,BTCUSDT,2024-03-05,50
1709599214400,340055.5082999999,340055.5082999999,0.00015880648140331743,48288,22.350585396937266,15.250647152685152,1,BTCUSDT,2024-03-05,50
1709599216200,-183806.03000000003,183806.03000000003,-1.4705774223244816e-05,48324,-12.080887589571843,14.513999385938,-1,BTCUSDT,2024-03-05,50
1709599218400,125169.88390000002,125169.88390000002,9.118558920917508e-05,48368,8.226951515114376,14.053964827749827,1,BTCUSDT,2024-03-05,50
1709599221550,136040.8,136040.8,0.0,48431,8.941456449472438,14.153683951401577,1,BTCUSDT,2024-03-05,50
1709599222800,259991.8575,259991.8575,2.6460898878255534e-05,48456,17.088299032743816,14.929206032551928,1,BTCUSDT,2024-03-05,50
1709599223900,166675.7346,166675.7346,2.645821512992086e-05,48478,10.954976904794199,14.39686112202375,1,BTCUSDT,2024-03-05,50
1709599232050,311435.0177,311435.0177,2.6444804552383516e-05,48641,20.469466862920747,15.145377569320432,1,BTCUSDT,2024-03-05,50
1709599236400,-231919.25879999998,231919.25879999998,-1.4690468148614855e-06,48728,-15.243191398125619,14.792394722763847,-1,BTCUSDT,2024-03-05,50
1709599238900,115636.31859999998,115636.31859999998,0.0,48778,7.600345681142861,13.959108398042826,1,BTCUSDT,2024-03-05,50
1709599243350,1208328.5834000006,1208328.5834000006,0.00024532865715976016,48867,79.41894935286938,16.768761971439485,1,BTCUSDT,2024-03-05,50
1709599246200,105034.47880000003,105034.47880000003,0.0,48924,6.903526132478172,13.843969368844055,1,BTCUSDT,2024-03-05,50
1709599248100,850985.8723999998,850985.8723999998,0.00018067577194536,48962,55.93214033717024,16.348969701015555,1,BTCUSDT,2024-03-05,50
1709599260500,122531.21999999999,122531.21999999999,0.0,49210,8.05352193849732,14.02845399079782,1,BTCUSDT,2024-03-05,50
1709599263200,484529.1638999999,484529.1638999999,0.0001718582805043667,49264,31.846302120475205,15.674594761517236,1,BTCUSDT,2024-03-05,50
1709599269850,288193.7631999994,295822.6307999993,0.00016002572190565445,49397,18.94190553615068,15.083796638685584,1,BTCUSDT,2024-03-05,50
1709599272700,882027.939,882027.939,0.00012036644256774309,49454,57.97242006652735,16.3918690011357,1,BTCUSDT,2024-03-05,50
1709599274300,457273.1968999999,457273.1968999999,4.402890937171833e-06,49486,30.054868654053674,15.605271683261241,1,BTCUSDT,2024-03-05,50
1709599276750,962601.5751000005,997087.2461000003,0.0002538605526805071,49535,63.268225870108296,16.53868290082989,1,BTCUSDT,2024-03-05,50
1709599278300,242324.9217,243006.17990000005,-2.348565246812484e-05,49566,15.927116967868235,14.848308426073364,1,BTCUSDT,2024-03-05,50
1709599279450,-204714.8341,205804.8325,-1.761485989604239e-05,49589,-13.45514561562506,14.649357274087006,-1,BTCUSDT,2024-03-05,50
1709599282150,646773.105,646773.105,3.962817035052524e-05,49643,42.50999370076892,16.02041389375958,1,BTCUSDT,2024-03-05,50
1709599285950,151532.26160000003,151532.26160000003,0.0,49719,9.959652676156455,14.282811066274506,1,BTCUSDT,2024-03-05,50
1709599288000,103843.30740000002,103843.30740000002,0.0,49760,6.825234861058442,13.830312906765208,1,BTCUSDT,2024-03-05,50
1709599290800,-163545.6,163545.6,0.0,49816,-10.749244784673715,14.374161223589136,-1,BTCUSDT,2024-03-05,50
1709599293650,-164439.10369999995,164439.10369999995,-0.0001731578866728256,49873,-10.807971463883128,14.380684966583933,-1,BTCUSDT,2024-03-05,50
1709599298600,110921.8079,111603.18490000001,5.870637567539916e-05,49972,7.29047840526223,13.916601812118895,1,BTCUSDT,2024-03-05,50
1709599301450,204393.30969999998,204529.61529999998,2.6411511898416506e-05,50029,13.434013011141383,14.641915077848333,1,BTCUSDT,2024-03-05,50
1709599303500,295560.795,297332.9938,9.096057305590932e-05,50070,19.426113170930716,15.089894363363118,1,BTCUSDT,2024-03-05,50
1709599306900,571870.5798999999,571870.5798999999,-3.227216584633652e-05,50138,37.58692895741864,15.873039359867043,1,BTCUSDT,2024-03-05,50
1709599310100,302943.482,302943.482,1.466939224314956e-06,50202,19.91134976385421,15.112277254418464,1,BTCUSDT,2024-03-05,50
1709599312950,959704.7019999999,959704.7019999999,0.00025078039028869625,50259,63.07782516191411,16.492928565385753,1,BTCUSDT,2024-03-05,50
1709599315650,-130789.8244,130789.8244,-4.986126836392657e-05,50313,-8.596329328456962,14.106552284946247,-1,BTCUSDT,2024-03-05,50
1709599318500,109398.60319999998,112126.5992,3.2257591533024765e-05,50370,7.190363818397982,13.922204215071138,1,BTCUSDT,2024-03-05,50
1709599321700,345311.2327,345993.1447,8.652250653717886e-05,50434,22.696024638936947,15.27137355450367,1,BTCUSDT,2024-03-05,50
1709599324550,340921.4997999999,340921.4997999999,0.0,50491,22.407503801436967,15.25369249271328,1,BTCUSDT,2024-03-05,50
1709599333900,-449356.7033,449356.7033,-0.00012610765798193313,50678,-29.534546936179872,15.584360983856282,-1,BTCUSDT,2024-03-05,50
1709599336900,-472638.4164999999,539619.1635,-8.063836264504687e-05,50738,-31.06476746301378,15.803533706120957,-1,BTCUSDT,2024-03-05,50
1709599348850,-471870.9436,471870.9436,-3.5196189429598235e-05,50977,-31.014324320136797,15.642898128035412,-1,BTCUSDT,2024-03-05,50
1709599355550,257542.687,257542.687,3.8150353480759236e-05,51111,16.927324153420237,14.9178732412245,1,BTCUSDT,2024-03-05,50
1709599359050,-151614.86389999997,151614.86389999997,-3.6672081915156696e-05,51181,-9.965081818502544,14.283463582752137,-1,BTCUSDT,2024-03-05,50
1709599364900,-95732.442,95732.442,0.00010119965600807745,51298,-6.292137806780365,13.732937341153695,-1,BTCUSDT,2024-03-05,50
1709599380600,-161530.06610000003,161530.06610000003,-0.00012172631393170263,51612,-10.616771228290004,14.359313352399598,-1,BTCUSDT,2024-03-05,50
1709599381900,116242.97849999998,116242.97849999998,-3.2268095070620006e-05,51638,7.640219182882716,13.96537361639002,1,BTCUSDT,2024-03-05,50
1709599388800,204603.78380000006,205558.92260000002,4.837103220900474e-05,51776,13.447846691911362,14.64792573377647,1,BTCUSDT,2024-03-05,50
1709599390000,124900.20550000004,278472.9993,0.00015529997833674258,51800,8.209226555624552,15.011429557652685,1,BTCUSDT,2024-03-05,50
1709599393700,621962.3400000001,621962.3400000001,0.0,51874,40.879274278907296,15.973577934526146,1,BTCUSDT,2024-03-05,50
1709599395300,-380499.2039999999,380499.2039999999,-9.522309679965701e-05,51906,-25.008799283927534,15.385200655598268,-1,BTCUSDT,2024-03-05,50
1709599398000,-103202.4672,103202.4672,0.0,51960,-6.783114815165067,13.822900892965633,-1,BTCUSDT,2024-03-05,50
1709599402150,349650.6655,349650.6655,0.00010547827816509425,52043,22.9812394377077,15.283964498284252,1,BTCUSDT,2024-03-05,50
1709599404300,330095.0193000002,330368.11530000024,0.0001347600321359721,52086,21.695919454007303,15.21604188648052,1,BTCUSDT,2024-03-05,50
1709599407800,2730667.1187999975,2803030.8773999987,0.00013036787929721072,52156,179.47660643539706,17.776297920811782,1,BTCUSDT,2024-03-05,50
1709599408800,2226262.6214000005,2241150.919200001,0.0002577210154992571,52176,146.3239724724969,17.508433964205423,1,BTCUSDT,2024-03-05,50
1709599411650,212977.75630000004,212977.75630000004,0.0,52233,13.998236798539885,14.690378029380744,1,BTCUSDT,2024-03-05,50
1709599419600,465928.31339999987,673858.9344000003,0.00016847903757799543,52392,30.623737311470126,16.069535912895105,1,BTCUSDT,2024-03-05,50
1709599424200,-1214599.5646,1216101.8522,-0.000186002234027427,52484,-79.83111765307972,16.776440017983514,-1,BTCUSDT,2024-03-05,50
1709599425750,-223529.59960000002,223529.59960000002,-0.00012011114689869373,52515,-14.69177026297561,14.74827755995515,-1,BTCUSDT,2024-03-05,50
1709599429450,-618904.3046000001,619040.8762000002,-0.00013180768399223552,52589,-40.67828097138452,15.967940476041047,-1,BTCUSDT,2024-03-05,50
1709599430650,317690.09349999996,323561.85529999994,1.4646359964842759e-06,52613,20.880589760271015,15.191116190132966,1,BTCUSDT,2024-03-05,50
1709599432700,403514.70530000003,404197.50730000006,0.00013913084252870078,52654,26.52152269144004,15.457544578355806,1,BTCUSDT,2024-03-05,50
1709599445650,990088.6320000004,990088.6320000004,1.4644418865117359e-05,52913,65.07484801725474,16.530248917247913,1,BTCUSDT,2024-03-05,50
1709599447650,-132356.59680000003,135634.71360000005,-2.196358876283e-05,52953,-8.699307458406475,14.150104464919712,-1,BTCUSDT,2024-03-05,50
1709599454550,-598960.1818999999,598960.1818999999,-8.057102889935663e-05,53091,-39.367427870366384,15.928456093510558,-1,BTCUSDT,2024-03-05,50
1709599458750,-141550.5,141550.5,0.0,53175,-9.30358856424726,14.201220939760141,-1,BTCUSDT,2024-03-05,50
1709599462050,107748.2547,108430.6817,6.594329318865277e-05,53241,7.081892541845638,13.882071990122933,1,BTCUSDT,2024-03-05,50
1709599464350,-136808.9814,136808.9814,-5.1293888343906247e-05,53287,-8.991946159422652,14.160426029722979,-1,BTCUSDT,2024-03-05,50
1709599478650,-681942.0069999995,683170.7517999995,-8.789856511270955e-05,53573,-44.82151499150494,16.085968537391025,-1,BTCUSDT,2024-03-05,50
1709599496550,136587.8,136587.8,0.0,53931,8.977408727596806,14.158488681115234,1,BTCUSDT,2024-03-05,50
1709599498000,682993.1882999999,682993.1882999999,1.464260691363961e-06,53960,44.89060523365622,16.08565728987245,1,BTCUSDT,2024-03-05,50
1709599505300,-103244.8175,103244.8175,-4.2469218975327294e-05,54106,-6.785898343070461,13.823392138671151,-1,BTCUSDT,2024-03-05,50
1709599508100,399342.0042000002,400024.86820000014,1.317987082316563e-05,54162,26.247266547971947,15.445119671540438,1,BTCUSDT,2024-03-05,50
1709599511150,-478181.9447,478318.49009999994,-3.3687861460407476e-05,54223,-31.42912297971703,15.659147840844144,-1,BTCUSDT,2024-03-05,50
1709599514750,-94389.0658,94389.0658,-1.904780045691723e-05,54295,-6.203842679233645,13.716016392366514,-1,BTCUSDT,2024-03-05,50
1709599516250,-128565.0659,128565.0659,-5.275359091960752e-05,54325,-8.450104216296907,14.086009875139322,-1,BTCUSDT,2024-03-05,50
1709599519600,151253.7758,151935.72980000003,7.331899702478495e-06,54392,9.941348838980428,14.285994893310896,1,BTCUSDT,2024-03-05,50
1709599520750,-1364810.5435,1364810.5435,-0.00019060046535024355,54415,-89.70392732537636,16.91457373611483,-1,BTCUSDT,2024-03-05,50
1709599521800,-311260.1468,311260.1468,7.771688329860638e-05,54436,-20.45797324823581,15.144705063077097,-1,BTCUSDT,2024-03-05,50
1709599526550,-136698.9783,136698.9783,0.0,54531,-8.984716064275041,14.159462894082345,-1,BTCUSDT,2024-03-05,50
1709599531050,216334.94070000006,223703.06510000004,0.00011872158848724723,54621,14.218892058619572,14.749206383740285,1,BTCUSDT,2024-03-05,50
1709599533050,-224833.89640000003,224833.89640000003,-0.00010844635945872483,54661,-14.777496846723913,14.755243843090847,-1,BTCUSDT,2024-03-05,50
1709599537100,277489.8161,277489.8161,0.0,54742,18.238374853942833,15.00719465681132,1,BTCUSDT,2024-03-05,50
1709599545700,-97598.69470000002,102652.79850000003,-1.464157783459541e-06,54914,-6.41479966440514,13.816506615292523,-1,BTCUSDT,2024-03-05,50
1709599547000,-1517086.2193000028,1521047.899500003,-0.0002225410685294804,54940,-99.71244185542697,17.04434844292684,-1,BTCUSDT,2024-03-05,50
1709599556600,-341381.0698999999,341381.0698999999,-6.738820884777397e-05,55132,-22.437709636999752,15.255305473533099,-1,BTCUSDT,2024-03-05,50
1709599558650,183064.02130000005,183746.37230000008,5.8622574691469254e-05,55173,12.032118113972025,14.513610698474873,1,BTCUSDT,2024-03-05,50
1709599567800,169183.36800000002,169183.36800000002,-2.9316872888429657e-05,55356,11.119794333369617,14.414741144423525,1,BTCUSDT,2024-03-05,50
1709599572650,125034.0,125034.0,0.0,55453,8.218020371119083,14.052664280367337,1,BTCUSDT,2024-03-05,50
1709599574750,421864.834,421864.834,0.0,55495,27.727608487857466,15.50876921045328,1,BTCUSDT,2024-03-05,50
1709599582700,-136548.73530000003,136548.73530000003,-7.176285455123832e-05,55654,-8.97484114997479,14.15814618379937,-1,BTCUSDT,2024-03-05,50
1709599589800,-136581.4,136581.4,-1.4643271608605346e-06,55796,-8.976988079370123,14.158432576225177,-1,BTCUSDT,2024-03-05,50
1709599601350,-297272.218,297272.218,-9.080603544298071e-05,56027,-19.538598647501903,15.089649594502932,-1,BTCUSDT,2024-03-05,50
1709599605800,626831.9674000001,739261.988,0.00020350333252139308,56116,41.199336799285426,16.18044933951525,1,BTCUSDT,2024-03-05,50
1709599611550,136245.3605,136928.2965,4.1000289936476975e-05,56231,8.954901451280959,14.16146982174195,1,BTCUSDT,2024-03-05,50
1709599634150,-303208.83089999994,303208.83089999994,-1.4646660311257165e-06,56683,-19.92879016139131,15.113325564522706,-1,BTCUSDT,2024-03-05,50
1709599646300,-94991.47200000001,94991.47200000001,0.0,56926,-6.243436601073213,13.723633789845183,-1,BTCUSDT,2024-03-05,50
1709599650300,140012.7006,140695.03060000003,-1.4655557754039705e-05,57006,9.202514721965203,14.193962699992824,1,BTCUSDT,2024-03-05,50
1709599658550,-347223.18789999996,349816.95769999997,-5.127900836399135e-05,57171,-22.821690352121095,15.284533821220622,-1,BTCUSDT,2024-03-05,50
1709599662850,-96666.04749999999,96666.04749999999,0.0,57257,-6.353500228342409,13.744557613039875,-1,BTCUSDT,2024-03-05,50
1709599677500,199395.23459999997,199395.23459999997,0.0,57550,13.105508100571592,14.611473694198386,1,BTCUSDT,2024-03-05,50
1709599691900,-117056.51189999998,117056.51189999998,-0.00014952744956175934,57838,-7.693689711329265,13.973724170354126,-1,BTCUSDT,2024-03-05,50
1709599694900,-458694.69269999996,518839.27109999995,-0.00012758646750299363,57898,-30.14829829272684,15.75651397700712,-1,BTCUSDT,2024-03-05,50
1709599700300,-681623.9999999998,681623.9999999998,1.46708556947317e-06,58006,-44.80061357265762,16.083254545861497,-1,BTCUSDT,2024-03-05,50
1709599701800,-200969.43029999998,200969.43029999998,-9.391421237125996e-05,58036,-13.208974136455657,14.620889526207591,-1,BTCUSDT,2024-03-05,50
1709599706950,-210568.26960000003,234683.9726,-9.981402307168707e-05,58139,-13.839870187981633,14.806584033878552,-1,BTCUSDT,2024-03-05,50
1709599708400,196770.94559999995,196770.94559999995,1.4682056406201127e-06,58168,12.933023332734813,14.595610374604723,1,BTCUSDT,2024-03-05,50
1709599711050,-105740.39540000001,105740.39540000001,-1.4677563289211548e-05,58221,-6.949923408412006,13.851989615241036,-1,BTCUSDT,2024-03-05,50
1709599717250,145106.8103,145106.8103,0.00010275319865016286,58345,9.537331630064722,14.230931547141632,1,BTCUSDT,2024-03-05,50
1709599727700,-681207.4303000002,681207.4303000002,-4.8440615850964264e-05,58554,-44.77323399365841,16.082522563586313,-1,BTCUSDT,2024-03-05,50
1709599732250,-174949.20399999997,174949.20399999997,-4.258352796426834e-05,58645,-11.498761315986595,14.454867551616184,-1,BTCUSDT,2024-03-05,50
1709599733300,-242640.2931,242640.2931,-1.1747499250702731e-05,58666,-15.947845158517726,14.846504243645906,-1,BTCUSDT,2024-03-05,50
1709599745600,-358742.1128000004,359014.39840000035,-0.00011164124391704888,58912,-23.57878649782222,15.315608230174668,-1,BTCUSDT,2024-03-05,50
1709599749600,200129.75740000003,201762.91180000003,0.0,58992,13.153785555771394,14.6256077045761,1,BTCUSDT,2024-03-05,50
1709599754600,95147.75549999998,95147.75549999998,6.611613963514174e-05,59092,6.253708535000541,13.72560209570475,1,BTCUSDT,2024-03-05,50
1709599759050,343520.14619999996,343520.14619999996,0.0,59181,22.578303176427255,15.262784656101312,1,BTCUSDT,2024-03-05,50
1709599768300,-92879.9235,92879.9235,0.0,59366,-6.104652361685479,13.69671783963375,-1,BTCUSDT,2024-03-05,50
1709599771200,-1078804.2742,1078804.2742,-4.40892159936368e-06,59424,-70.90579763765007,16.63299938831112,-1,BTCUSDT,2024-03-05,50
1709599776950,94227.22850000001,94227.22850000001,1.4698522292633243e-06,59539,6.193205714662354,13.713961682200017,1,BTCUSDT,2024-03-05,50
1709599792600,-999353.6203999997,1000714.5145999996,-9.112313681569617e-05,59852,-65.68380128923977,16.54303083547376,-1,BTCUSDT,2024-03-05,50
1709599794100,173975.3477000001,173975.3477000001,2.204600118815847e-05,59882,11.434753358855403,14.448183840979988,1,BTCUSDT,2024-03-05,50
1709599801700,582053.6089000002,582053.6089000002,3.3804216270638676e-05,60034,38.256221627905866,15.894172589720934,1,BTCUSDT,2024-03-05,50
1709599804900,104839.05430000002,104839.05430000002,4.703482194479136e-05,60098,6.890681606013244,13.841739532576934,1,BTCUSDT,2024-03-05,50
1709599807100,220930.57319999998,220930.57319999998,2.0575526882282702e-05,60142,14.520945911996863,14.734274063424206,1,BTCUSDT,2024-03-05,50
1709599810400,981754.6116000002,981754.6116000002,0.00013073364360849382,60208,64.5270838137539,16.520127531663608,1,BTCUSDT,2024-03-05,50
1709599814750,288227.6488999999,288227.6488999999,7.922802563520293e-05,60295,18.94413271734055,15.052654018172262,1,BTCUSDT,2024-03-05,50
1709599815900,-173195.98949999997,182060.36449999997,0.0,60318,-11.383529039358308,14.502573363252118,-1,BTCUSDT,2024-03-05,50
1709599817300,-229234.25019999995,229234.25019999995,3.080075359385148e-05,60346,-15.066715756528692,14.77845163889911,-1,BTCUSDT,2024-03-05,50
1709599824050,204504.5621,204504.5621,0.00011882748097491458,60481,13.441325218137369,14.641768402497085,1,BTCUSDT,2024-03-05,50
1709599827700,-95417.25980000003,95417.25980000003,-4.9886874187166086e-05,60554,-6.271422051544078,13.728988773719088,-1,BTCUSDT,2024-03-05,50
1709599828700,340714.9365,340851.2407,0.0,60574,22.393927163024017,15.2534457085258,1,BTCUSDT,2024-03-05,50
1709599831400,-143749.27240000002,143749.27240000002,-0.00024940399909212374,60628,-9.448105706581782,14.21967704499472,-1,BTCUSDT,2024-03-05,50
1709599846550,-251182.68759999995,251182.68759999995,-0.00017603490230833074,60931,-16.50930501758914,14.887933348039986,-1,BTCUSDT,2024-03-05,50
1709599850650,217630.12540000002,227581.25180000003,1.7605866275971493e-05,61013,14.304019737882504,14.769786266208051,1,BTCUSDT,2024-03-05,50
1709599851850,-344064.09389999986,344064.09389999986,-0.00013055644200932193,61037,-22.61405483821063,15.264679117280933,-1,BTCUSDT,2024-03-05,50
1709599856650,340933.94440000004,340933.94440000004,0.00014959982076057088,61133,22.408321738768507,15.25373619890915,1,BTCUSDT,2024-03-05,50
1709599865550,96423.91560000002,96423.91560000002,0.00010705327083648797,61311,6.33758579797389,13.741554693528705,1,BTCUSDT,2024-03-05,50
1709599868600,-516427.0877,516427.0877,-1.4657781122195956e-06,61372,-33.942834164437684,15.750934238816846,-1,BTCUSDT,2024-03-05,50
1709599870700,341069.5335999999,341069.5335999999,4.3979048388820274e-05,61414,22.417233513227476,15.254212293111742,1,BTCUSDT,2024-03-05,50
1709599874050,-389500.10630000004,389500.10630000004,-3.810958852312751e-05,61481,-25.600395157528745,15.413194981736373,-1,BTCUSDT,2024-03-05,50
1709599895050,650206.6640000001,650206.6640000001,6.449173188904922e-05,61901,42.735668779607,16.02675357335782,1,BTCUSDT,2024-03-05,50
1709599907500,99837.89969999998,99837.89969999998,1.4653764512928547e-06,62150,6.561974291347503,13.783214832848797,1,BTCUSDT,2024-03-05,50
1709599918950,-184476.67,184476.67,-1.4657684438645902e-05,62379,-12.124966265625453,14.518360143156032,-1,BTCUSDT,2024-03-05,50
1709599926850,-1046483.5019000004,1047574.1611000005,-0.00013935554683186524,62537,-68.78147333248748,16.597825573625684,-1,BTCUSDT,2024-03-05,50
1709599949300,128639.95819999998,128639.95819999998,0.0001541068374368848,62986,8.455026608982415,14.086707159633983,1,BTCUSDT,2024-03-05,50
1709599950500,-2036736.3721999994,2036736.3721999994,-0.0002774045228850497,63010,-133.8671161231247,17.39391727598769,-1,BTCUSDT,2024-03-05,50
1709599956300,-135471.12219999995,187235.00540000005,6.166287148268168e-05,63126,-8.904013643792588,14.536130745869217,-1,BTCUSDT,2024-03-05,50
1709599964200,340531.0849,340531.0849,0.0,63284,22.38184328028762,15.25232052097339,1,BTCUSDT,2024-03-05,50
1709599975500,-105504.9428,105504.9428,-7.928455966776937e-05,63510,-6.934447983621685,13.849320495379107,-1,BTCUSDT,2024-03-05,50
1709599994750,174229.7286,174229.7286,0.0,63895,11.451472870494019,14.44993329541715,1,BTCUSDT,2024-03-05,50
1709600021100,681268.2375999995,681268.2375999995,0.00020257505254761554,64422,44.77723063161374,16.08262944002645,1,BTCUSDT,2024-03-05,50
1709600046150,-129068.2417,129068.2417,-5.1306520555627344e-05,64923,-8.4831760925438,14.090686909595384,-1,BTCUSDT,2024-03-05,50
1709600081250,-117824.6069,117824.6069,-1.4674343304932336e-06,65625,-7.744173742528417,13.981555226420049,-1,BTCUSDT,2024-03-05,50
1709600092100,-99033.14970000001,99033.14970000001,-0.0001027711507610718,65842,-6.509081063156309,13.773524402264849,-1,BTCUSDT,2024-03-05,50
1709600100000,-92982.67919999998,92982.67919999998,-2.7892671935703106e-05,66000,-6.11140611215214,13.698041769351537,-1,BTCUSDT,2024-03-05,50
1709600103200,-301619.3886,301619.3886,1.614900540580777e-05,66064,-19.824322023123976,15.10703241665095,-1,BTCUSDT,2024-03-05,50
1709600105850,169187.24060000002,169187.24060000002,6.606682882370762e-05,66117,11.120048864982532,14.414768551524114,1,BTCUSDT,2024-03-05,50
1709600114050,565731.4345000001,565731.4345000001,0.0002934987121800958,66281,37.18342573462756,15.860115963293463,1,BTCUSDT,2024-03-05,50
1709600120100,602650.4433000003,602650.4433000003,8.359799926971334e-05,66402,39.60997504441471,15.935810534458888,1,BTCUSDT,2024-03-05,50
1709600122000,-299955.3364,299955.3364,-7.332614740285237e-05,66440,-19.71495005327413,15.10040822818222,-1,BTCUSDT,2024-03-05,50
1709600139900,-205105.62449999998,205105.62449999998,-3.961950600839259e-05,66798,-13.480830816994587,14.645282409768306,-1,BTCUSDT,2024-03-05,50
1709600159500,533476.2431999999,533476.2431999999,0.00012183441543633933,67190,35.063411824989025,15.789825010574754,1,BTCUSDT,2024-03-05,50
1709600163650,172278.5158,172278.5158,1.4679728685962345e-06,67273,11.323226901087391,14.436448362203807,1,BTCUSDT,2024-03-05,50
1709600174250,-202418.86500000005,202418.86500000005,0.0,67485,-13.304240095244527,14.62949412706625,-1,BTCUSDT,2024-03-05,50
1709600192800,173328.08269999994,173328.08269999994,1.4671609047667289e-06,67856,11.392211034723458,14.443720842851647,1,BTCUSDT,2024-03-05,50
1709600200100,104735.7279,104735.7279,0.0,68002,6.883890345555492,13.840558875383184,1,BTCUSDT,2024-03-05,50
1709600206950,-242798.5626,242798.5626,-5.1343550712346087e-05,68139,-15.958247624847898,14.84728500188005,-1,BTCUSDT,2024-03-05,50
1709600222000,-457140.9944,457140.9944,-0.00015104089937523213,68440,-30.046179474805534,15.604925463848332,-1,BTCUSDT,2024-03-05,50
1709600230300,-120837.66530000002,120837.66530000002,-0.00017753975433265623,68606,-7.942210878911895,14.011789453148946,-1,BTCUSDT,2024-03-05,50
1709600242150,116774.31749999998,116774.31749999998,-1.4677498661797017e-05,68843,7.675142121651131,13.970834164188119,1,BTCUSDT,2024-03-05,50
1709600256900,579597.5106,582325.8465999999,0.00023606917082830137,69138,38.09479141002215,15.894732487373789,1,BTCUSDT,2024-03-05,50
1709600259700,-226133.05650000006,226133.05650000006,0.0,69194,-14.862885814261906,14.762142632432022,-1,BTCUSDT,2024-03-05,50
1709600271200,101021.08339999999,101021.08339999999,1.026226689049281e-05,69424,6.639740560917189,13.79732126775995,1,BTCUSDT,2024-03-05,50
1709600283900,-104304.98100000001,104304.98100000001,-0.00013193579144044065,69678,-6.855578951862606,13.8356243725494,-1,BTCUSDT,2024-03-05,50
1709600289550,-149220.29069999998,149220.29069999998,-0.0001129064541913749,69791,-9.807695416901893,14.264401889809994,-1,BTCUSDT,2024-03-05,50
1709600291300,114864.14800000003,115545.88600000004,0.00012174952617094448,69826,7.5495937758948575,13.9581716505629,1,BTCUSDT,2024-03-05,50
1709600313400,324739.47520000016,325421.1582000001,4.4009693874969e-05,70268,21.343919433914948,15.197976951579228,1,BTCUSDT,2024-03-05,50
1709600320250,483031.68829999986,483713.28829999984,0.00011150856426667133,70405,31.747878611781136,15.672576884552358,1,BTCUSDT,2024-03-05,50
1709600332300,-428148.09239999996,428148.09239999996,0.0,70646,-28.140583722819198,15.526471193918386,-1,BTCUSDT,2024-03-05,50
1709600352700,114340.911,114340.911,0.0,71054,7.515203351490907,13.945619450336538,1,BTCUSDT,2024-03-05,50
1709600355250,-103781.78459999998,103781.78459999998,0.0,71105,-6.821191195945844,13.829603316357385,-1,BTCUSDT,2024-03-05,50
1709600357450,902024.8395000001,926728.5023000006,0.00014361604714174803,71149,59.28674205629207,16.45106284135832,1,BTCUSDT,2024-03-05,50
1709600369500,-218622.70909999995,218622.70909999995,-8.355596605369442e-05,71390,-14.369258577451262,14.721700558074541,-1,BTCUSDT,2024-03-05,50
1709600370700,-861015.0265000003,861015.0265000003,-0.00024049777288759344,71414,-56.5913193820612,16.362998497947032,-1,BTCUSDT,2024-03-05,50
1709600378250,-354177.5128000002,354177.5128000002,-0.00012761322941123865,71565,-23.278772295397186,15.29936694097349,-1,BTCUSDT,2024-03-05,50
1709600380100,136333.0224,136333.0224,0.0,71602,8.960663142340758,14.156253168285653,1,BTCUSDT,2024-03-05,50
1709600387700,122839.78739999999,123521.48039999999,9.82829096347615e-05,71754,8.073802927500818,14.038091742718553,1,BTCUSDT,2024-03-05,50
1709600389900,-121213.72759999998,121213.72759999998,0.0,71798,-7.966928056977137,14.015509981555464,-1,BTCUSDT,2024-03-05,50
1709596802850,-58075.04000000001,58075.04000000001,0.0,57,-12.903273214300395,21.319936539689202,-1,ETHUSDT,2024-03-05,50
1709596804550,91917.20679999999,91917.20679999999,0.0001487500863568414,91,20.422419552974045,22.212315838782878,1,ETHUSDT,2024-03-05,50
1709596805950,33369.90229999999,34749.746899999984,2.2031709137948496e-05,119,7.414217304222449,20.32181536902872,1,ETHUSDT,2024-03-05,50
1709596807150,29630.428799999998,29630.428799999998,0.0,143,6.583370726275434,20.012078428194442,1,ETHUSDT,2024-03-05,50
1709596814300,-35082.76,35082.76,-2.756335781839425e-06,286,-7.7947847714220995,20.34035167863301,-1,ETHUSDT,2024-03-05,50
1709596815650,28849.126600000003,30228.063000000002,0.00013779419081494382,313,6.409778839820705,20.050887953217746,1,ETHUSDT,2024-03-05,50
1709596816750,-60170.97540000001,60170.97540000001,0.0,335,-13.368953945742405,21.38884273254581,-1,ETHUSDT,2024-03-05,50
1709596821500,-32736.481699999997,33389.7287,-2.479888790851703e-05,430,-7.27348216118396,20.24422289506436,-1,ETHUSDT,2024-03-05,50
1709596822900,-27147.096199999996,27147.096199999996,4.959757083256022e-05,458,-6.031617012119078,19.841960918309585,-1,ETHUSDT,2024-03-05,50
1709596838150,37429.573099999994,42512.05510000001,-4.131838710108582e-05,763,8.316206205005257,20.713657487818647,1,ETHUSDT,2024-03-05,50
1709596841950,-112279.6511,112279.6511,-0.00015978489681067742,839,-24.946603817227224,22.601227613827426,-1,ETHUSDT,2024-03-05,50
1709596852600,30089.979499999998,30089.979499999998,4.13255586231287e-05,1052,6.685474973434334,20.041989599978436,1,ETHUSDT,2024-03-05,50
1709596854400,108065.09999999999,108065.09999999999,5.7852913117883986e-05,1088,24.010203182480687,22.52686984035028,1,ETHUSDT,2024-03-05,50
1709596858250,182655.5708,182655.5708,0.00011569196201755005,1165,40.58292054807691,23.546977630522615,1,ETHUSDT,2024-03-05,50
1709596861350,40315.4499,40315.4499,8.25987778085846e-06,1227,8.957398304282519,20.610548263515394,1,ETHUSDT,2024-03-05,50
1709596862600,56785.750799999994,56785.750799999994,0.00019266656083694045,1252,12.616815369418205,21.27630325009153,1,ETHUSDT,2024-03-05,50
1709596864850,72019.3259,72019.3259,5.22883731424173e-05,1297,16.00145327144743,21.738182075257598,1,ETHUSDT,2024-03-05,50
1709596867750,-51196.9651,51850.9807,-0.00020364805283712428,1355,-11.37508348557835,21.099614077730465,-1,ETHUSDT,2024-03-05,50
1709596869600,-38240.8533,38240.8533,-4.6810098323746274e-05,1392,-8.49645868651801,20.50787170756531,-1,ETHUSDT,2024-03-05,50
1709596872850,29386.759700000002,29386.759700000002,1.1011790874704275e-05,1457,6.529231650845049,19.996029781039347,1,ETHUSDT,2024-03-05,50
1709596878550,-34043.3143,34043.3143,-0.00012674061723139118,1571,-7.563837847261052,20.281898407783697,-1,ETHUSDT,2024-03-05,50
1709596886550,-69800.342,69800.342,-0.00018742954219952424,1731,-15.50843328351744,21.677357968267764,-1,ETHUSDT,2024-03-05,50
1709596894650,33396.9336,33396.9336,-1.37885960036499e-05,1893,7.42022319331418,20.244642223148286,1,ETHUSDT,2024-03-05,50
1709596907300,-365003.5962,365003.5962,-0.00022620003351470075,2146,-81.09750980749693,24.892510970477574,-1,ETHUSDT,2024-03-05,50
1709596908700,85154.9646,85154.9646,0.00010206094150433387,2174,18.919965854313286,22.06379906897692,1,ETHUSDT,2024-03-05,50
1709596923600,44010.9038,44010.9038,3.310034369441439e-05,2472,9.778464485598139,20.78099988561488,1,ETHUSDT,2024-03-05,50
1709596924600,82247.48189999998,82247.48189999998,0.00012133780459677723,2492,18.27397329634084,21.996280604111078,1,ETHUSDT,2024-03-05,50
1709596926750,-285620.3372,285620.3372,-2.756411758397803e-06,2535,-63.459917486965246,24.415865605242168,-1,ETHUSDT,2024-03-05,50
1709596945200,-50678.54830000001,51113.869900000005,-5.513180637350956e-06,2904,-11.25990020530367,21.07178675020196,-1,ETHUSDT,2024-03-05,50
1709596954450,-60989.487499999996,60989.487499999996,-0.00010755253193117653,3089,-13.55081323082444,21.41510258935179,-1,ETHUSDT,2024-03-05,50
1709596955600,92096.33600000001,92096.33600000001,0.0,3112,20.46221897469221,22.216099748381392,1,ETHUSDT,2024-03-05,50
1709596962450,72528.94689999998,72528.94689999998,2.7575519006006743e-06,3249,16.11468227651992,21.75188644082869,1,ETHUSDT,2024-03-05,50
1709596967950,-78850.71000000002,78850.71000000002,-2.758373387479196e-06,3359,-17.519269108924735,21.914309000246305,-1,ETHUSDT,2024-03-05,50
1709596980550,-50141.0799,50141.0799,0.0,3611,-11.140483987781424,21.034441415654495,-1,ETHUSDT,2024-03-05,50
1709596982550,44919.5733,44919.5733,0.0,3651,9.980355191484897,20.820718072160716,1,ETHUSDT,2024-03-05,50
1709596992000,28312.0389,28312.0389,2.7585141541663916e-05,3840,6.290447207278733,19.923620740129333,1,ETHUSDT,2024-03-05,50
1709596995650,-53975.1082,53975.1082,-0.00011310391641394801,3913,-11.992339013042875,21.177644991842893,-1,ETHUSDT,2024-03-05,50
1709596996850,181229.38580000005,181229.38580000005,0.0,3937,40.26604681524546,23.531742705012977,1,ETHUSDT,2024-03-05,50
1709596998900,-83425.1703,83642.6127,0.0,3978,-18.535635366423143,22.028971604482862,-1,ETHUSDT,2024-03-05,50
1709597010150,911703.9277000001,911703.9277000001,0.0004551830949104385,4203,202.56490343637944,26.67166155271805,1,ETHUSDT,2024-03-05,50
1709597015450,-57276.28070000001,57276.28070000001,-8.000099315808029e-05,4309,-12.72580266102375,21.293019858935484,-1,ETHUSDT,2024-03-05,50
1709597016900,54805.76970000001,54805.76970000001,7.724329711322753e-05,4338,12.176897685462226,21.20732750812622,1,ETHUSDT,2024-03-05,50
1709597018600,190921.08059999996,190921.08059999996,0.00024819917835650074,4372,42.41937440510184,23.632995208914654,1,ETHUSDT,2024-03-05,50
1709597023650,-35795.221399999995,35795.221399999995,-4.13609974128093e-05,4473,-7.953081418292129,20.379425070038817,-1,ETHUSDT,2024-03-05,50
1709597025100,69727.4298,91267.41420000001,-7.170158904834523e-05,4502,15.49223344900582,22.198527512036257,1,ETHUSDT,2024-03-05,50
1709597027950,32559.613100000002,32559.613100000002,1.6548072149902282e-05,4559,7.234185005834076,20.19529386445043,1,ETHUSDT,2024-03-05,50
1709597042250,72430.2983,72502.80089999999,2.7585179580569275e-06,4845,16.092764257384534,21.75118568789023,1,ETHUSDT,2024-03-05,50
1709597053600,-32311.0242,32311.0242,-1.3787911585794177e-05,5072,-7.178952835615297,20.180398503210302,-1,ETHUSDT,2024-03-05,50
1709597066800,28501.886300000002,28501.886300000002,0.00013789033327959999,5336,6.332628028354787,19.936609417297174,1,ETHUSDT,2024-03-05,50
1709597068750,36590.71059999999,36590.71059999999,6.618060690044558e-05,5375,8.129825411694892,20.42214340698522,1,ETHUSDT,2024-03-05,50
1709597075700,-36451.8503,36451.8503,-8.271195973463819e-06,5514,-8.098973045695322,20.414753831747024,-1,ETHUSDT,2024-03-05,50
1709597077150,33622.56910000001,33622.56910000001,2.7570387199915558e-05,5543,7.470355513556154,20.257728727236653,1,ETHUSDT,2024-03-05,50
1709597078550,-251456.74550000008,263425.36970000004,-0.00015163315832644741,5571,-55.86935607388823,24.258644841908506,-1,ETHUSDT,2024-03-05,50
1709597081450,114760.89400000001,114760.89400000001,0.00017083419480812267,5629,25.49789323605058,22.643709917706936,1,ETHUSDT,2024-03-05,50
1709597106700,-84868.9324,84868.9324,0.0,6134,-18.856414428008843,22.057259803075418,-1,ETHUSDT,2024-03-05,50
1709597111250,100016.8588,100016.8588,0.0001569592859098634,6225,22.222022664685284,22.3764490650997,1,ETHUSDT,2024-03-05,50
1709597116150,-41274.515199999994,41274.515199999994,-2.7522998902185236e-06,6323,-9.170486088574272,20.656241247802686,-1,ETHUSDT,2024-03-05,50
1709597117450,-73861.61709999999,73861.61709999999,-9.08301463127259e-05,6349,-16.41077863211703,21.787273494295288,-1,ETHUSDT,2024-03-05,50
1709597130550,-61965.36379999999,61965.36379999999,-1.6518732241621592e-05,6611,-13.767636129650864,21.445954345687877,-1,ETHUSDT,2024-03-05,50
1709597141750,-72631.9704,72631.9704,-0.00012391317832616267,6835,-16.13757232305271,21.754645172247887,-1,ETHUSDT,2024-03-05,50
1709597153900,-107807.16470000001,107807.16470000001,-6.609712975702564e-05,7078,-23.952894403226946,22.522225341571005,-1,ETHUSDT,2024-03-05,50
1709597156650,290437.3144,290437.3144,0.00012945964389210474,7133,64.53016682090725,24.448370292474895,1,ETHUSDT,2024-03-05,50
1709597158300,-32241.5928,32241.5928,0.0,7166,-7.1635263748870495,20.176217721266873,-1,ETHUSDT,2024-03-05,50
1709597160500,127734.11459999999,162738.78620000003,0.00024237416630334963,7210,28.38031931567428,23.32258310358405,1,ETHUSDT,2024-03-05,50
1709597174900,123576.8613,123576.8613,0.0001543835275850114,7498,27.456649264806444,22.787556782523687,1,ETHUSDT,2024-03-05,50
1709597178600,-30983.033599999995,30983.033599999995,-2.756343381093984e-06,7572,-6.883896206505394,20.098832194233946,-1,ETHUSDT,2024-03-05,50
1709597183650,291338.8243000001,291338.8243000001,0.00039409410540258705,7673,64.73046678703896,24.454393699147854,1,ETHUSDT,2024-03-05,50
1709597185700,-71632.72450000001,71632.72450000001,0.0,7714,-15.915557101780896,21.727721023980298,-1,ETHUSDT,2024-03-05,50
1709597190300,-50833.86,50833.86,5.78371388968435e-05,7806,-11.29440778891407,21.061110539539335,-1,ETHUSDT,2024-03-05,50
1709597195900,28074.720499999996,28074.720499999996,2.7533418688108213e-05,7918,6.237719147961329,19.907261234645745,1,ETHUSDT,2024-03-05,50
1709597198350,145325.7769,145325.7769,0.00013762465374611565,7967,32.28888356204601,23.102634526735724,1,ETHUSDT,2024-03-05,50
1709597200550,70080.3771,70080.3771,0.0,8011,15.570652257536123,21.68513972625262,1,ETHUSDT,2024-03-05,50
1709597203550,42148.02,42148.02,0.0,8071,9.36456380403349,20.696943281326575,1,ETHUSDT,2024-03-05,50
1709597207750,-28376.309500000003,28376.309500000003,-0.00012110469515569378,8155,-6.304727027171188,19.92802762951804,-1,ETHUSDT,2024-03-05,50
1709597209850,113565.74399999999,113565.74399999999,9.358450687813047e-05,8197,25.2323514993239,22.623363182566,1,ETHUSDT,2024-03-05,50
1709597220650,-31110.121600000002,31110.121600000002,-2.7515122997812114e-06,8413,-6.912132970289957,20.10678785342661,-1,ETHUSDT,2024-03-05,50
1709597224000,-69618.4345,69618.4345,-8.807177855629789e-05,8480,-15.46801657141134,21.672286285389397,-1,ETHUSDT,2024-03-05,50
1709597235350,41838.309199999996,41838.309199999996,8.535465552839128e-05,8707,9.295751400807948,20.68260925781838,1,ETHUSDT,2024-03-05,50
1709597238900,-82186.5038,82186.5038,-2.753489704687695e-06,8778,-18.260425013216306,21.994839133548442,-1,ETHUSDT,2024-03-05,50
1709597256150,-55260.7622,55260.7622,-2.7523983714417e-06,9123,-12.277989179122109,21.22339589477243,-1,ETHUSDT,2024-03-05,50
1709597259300,31086.410400000004,31086.410400000004,0.00010464283756839166,9186,6.906864750210576,20.10530601055338,1,ETHUSDT,2024-03-05,50
1709597266100,-522708.41289999994,522708.41289999994,-0.00030840316247449095,9322,-116.13680271355885,25.590475239424027,-1,ETHUSDT,2024-03-05,50
1709597267350,59658.941699999996,60312.5793,9.63883293767509e-05,9347,13.255188880302427,21.393411185626015,1,ETHUSDT,2024-03-05,50
1709597283500,-63952.87819999999,63952.87819999999,-0.0002286750221074385,9670,-14.2092275830628,21.507313524594597,-1,ETHUSDT,2024-03-05,50
1709597287300,102785.50330000001,103438.62430000002,8.268335037620034e-05,9746,22.83716776689736,22.44182926779383,1,ETHUSDT,2024-03-05,50
1709597290650,30270.564199999997,30270.564199999997,4.959415451288862e-05,9813,6.7255977821732085,20.05361862889821,1,ETHUSDT,2024-03-05,50
1709597294350,-35492.109,35492.109,-8.2662845853676e-05,9887,-7.885735065851524,20.362897442372276,-1,ETHUSDT,2024-03-05,50
1709597306150,-38400.4098,38400.4098,-4.683898823110155e-05,10123,-8.531909391547527,20.515963968489984,-1,ETHUSDT,2024-03-05,50
1709597339800,-31484.7582,31484.7582,0.0,10796,-6.995370767558398,20.130052231045397,-1,ETHUSDT,2024-03-05,50
1709597343500,253306.4171,253306.4171,9.362522380662597e-05,10870,56.280321232268335,24.18251534475117,1,ETHUSDT,2024-03-05,50
1709597375350,-216352.8713,216352.8713,-6.607183662765692e-05,11507,-48.0698800910386,23.87603777010987,-1,ETHUSDT,2024-03-05,50
1709597392100,-118372.94239999999,118372.94239999999,0.0,11842,-26.300428152401498,22.703939245210805,-1,ETHUSDT,2024-03-05,50
1709597395450,-70646.85110000001,70646.85110000001,-2.7531334101382754e-06,11909,-15.696513019591523,21.700786570404176,-1,ETHUSDT,2024-03-05,50
1709597397200,540125.1778000001,540125.1778000001,0.00020921826772024588,11944,120.00650777125557,25.654179578650858,1,ETHUSDT,2024-03-05,50
1709597400050,-97072.1545,97072.1545,-2.752595353427978e-06,12001,-21.567760108547137,22.31836781936024,-1,ETHUSDT,2024-03-05,50
1709597402100,199986.15039999998,199986.15039999998,0.0,12042,44.43347671714681,23.723152702431225,1,ETHUSDT,2024-03-05,50
1709597403900,-40506.596399999995,40506.596399999995,-7.982834158148933e-05,12078,-8.999867762994166,20.619741222169363,-1,ETHUSDT,2024-03-05,50
1709597408500,125309.34890000001,125309.34890000001,0.00015692385233379014,12170,27.84157815754914,22.81461514813003,1,ETHUSDT,2024-03-05,50
1709597413650,-42785.81019999999,42785.81019999999,-5.231140706563053e-05,12273,-9.506269796900707,20.726132589671735,-1,ETHUSDT,2024-03-05,50
1709597415500,-81091.11350000002,81091.11350000002,-6.333532061475466e-05,12310,-18.017048162899986,21.968761260417313,-1,ETHUSDT,2024-03-05,50
1709597424850,-39270.3244,39270.3244,-2.7552573751421505e-06,12497,-8.725189426428413,20.55950060978586,-1,ETHUSDT,2024-03-05,50
1709597433800,-116306.4385,116306.4385,-6.0639136517437464e-05,12676,-25.84128659313409,22.669709981677965,-1,ETHUSDT,2024-03-05,50
1709597443650,61379.1612,61379.1612,-3.859215807722194e-05,12873,13.637392012613095,21.427480690766227,1,ETHUSDT,2024-03-05,50
1709597445050,256551.2954,256551.2954,0.00028938096102848476,12901,57.00127727899778,24.207254354724146,1,ETHUSDT,2024-03-05,50
1709597447650,38943.462000000014,38943.462000000014,0.0,12953,8.652566233216978,20.543256279434363,1,ETHUSDT,2024-03-05,50
1709597457350,42013.862199999996,42013.862199999996,0.0,13147,9.334756252506546,20.69074716915381,1,ETHUSDT,2024-03-05,50
1709597461300,298287.4677,298287.4677,0.00020942812420798873,13226,66.2743356205162,24.500204781479432,1,ETHUSDT,2024-03-05,50
1709597462300,-956945.9913000001,956945.9913000001,-0.0003058352563716227,13246,-212.61691041579013,26.76579145538689,-1,ETHUSDT,2024-03-05,50
1709597472950,145251.8716,145251.8716,0.00015147112920388395,13459,32.27246307782621,23.101645884556426,1,ETHUSDT,2024-03-05,50
1709597475350,145309.13870000007,145309.13870000007,9.635065037372215e-05,13507,32.285186840693896,23.10241199892222,1,ETHUSDT,2024-03-05,50
1709597479850,-37199.0527,37199.0527,-8.533773791263854e-05,13597,-8.264988544153542,20.454189756070797,-1,ETHUSDT,2024-03-05,50
1709597485750,-579643.8764000001,579643.8764000001,-8.259968749868563e-06,13715,-128.7868816652622,25.791420155977494,-1,ETHUSDT,2024-03-05,50
1709597487700,-28727.6526,28727.6526,-2.7534442139653947e-06,13754,-6.382789410102982,19.951943389800974,-1,ETHUSDT,2024-03-05,50
1709597507000,34931.086800000005,34931.086800000005,2.753997771165473e-06,14140,7.761085599817789,20.331931100326212,1,ETHUSDT,2024-03-05,50
1709597513000,-40310.3985,40310.3985,-3.304401463033457e-05,14260,-8.956275970241686,20.610304731857354,-1,ETHUSDT,2024-03-05,50
1709597522100,-49143.5799,49143.5799,-0.00022039356870529048,14442,-10.918856675406529,20.995387430919283,-1,ETHUSDT,2024-03-05,50
1709597527450,37687.8384,37687.8384,5.513636603104999e-05,14549,8.373588304572873,20.479560663130318,1,ETHUSDT,2024-03-05,50
1709597532900,143681.2175,143681.2175,8.270420703837544e-06,14658,31.92349080027872,23.080515214009925,1,ETHUSDT,2024-03-05,50
1709597551450,87526.812,87526.812,0.0,15029,19.446949477997883,22.11719292111369,1,ETHUSDT,2024-03-05,50
1709597557100,-105147.32999999999,105147.32999999999,0.0,15142,-23.361924963705647,22.47367245233868,-1,ETHUSDT,2024-03-05,50
1709597565700,-185166.9964,185166.9964,-1.654606424317251e-05,15314,-41.14091604277117,23.573518495268328,-1,ETHUSDT,2024-03-05,50
1709597574300,-46937.39139999999,46937.39139999999,4.9624781523149863e-05,15486,-10.428679604882813,20.906118308017014,-1,ETHUSDT,2024-03-05,50
1709597583350,-138904.05350000004,138904.05350000004,8.271880156840439e-06,15667,-30.86208727336734,23.01479671019259,-1,ETHUSDT,2024-03-05,50
1709597600450,-104204.77820000002,104204.77820000002,-5.2381497212650174e-05,16009,-23.152506194574702,22.45617175276167,-1,ETHUSDT,2024-03-05,50
1709597633700,-156337.8991,156337.8991,-0.00015710291237702734,16674,-34.73558736829157,23.244594817535756,-1,ETHUSDT,2024-03-05,50
1709597652950,-27464.2021,27464.2021,-0.000124041264554009,17059,-6.102072479141858,19.8645313327062,-1,ETHUSDT,2024-03-05,50
1709597654650,-156275.71560000003,156275.71560000003,0.0,17093,-34.72177126605692,23.243821615057293,-1,ETHUSDT,2024-03-05,50
1709597669600,-28839.181500000002,28839.181500000002,0.0,17392,-6.407569209961757,19.959473984317594,-1,ETHUSDT,2024-03-05,50
1709597673150,-70810.43400000001,70810.43400000001,-3.308045166150464e-05,17463,-15.732858321323341,21.70528162916595,-1,ETHUSDT,2024-03-05,50
1709597675600,230510.66200000004,230510.66200000004,0.00035552322230536504,17512,51.21549723590809,23.99923267295261,1,ETHUSDT,2024-03-05,50
1709597680900,60039.5384,60039.5384,0.0,17618,13.339750909094162,21.38459265486675,1,ETHUSDT,2024-03-05,50
1709597682950,116412.89000000001,116412.89000000001,0.0,17659,25.864938282200033,22.67148803329307,1,ETHUSDT,2024-03-05,50
1709597684100,374373.5227,374373.5227,0.0002837063080320945,17682,83.17934602538698,24.941773985583772,1,ETHUSDT,2024-03-05,50
1709597699800,-77361.06450000001,77361.06450000001,-4.407361396197018e-05,17996,-17.188295546462218,21.87724045835727,-1,ETHUSDT,2024-03-05,50
1709597703600,38032.8642,38032.8642,2.7555079160634932e-06,18072,8.45024709229618,20.497272239123657,1,ETHUSDT,2024-03-05,50
1709597723450,-67787.64059999998,67787.64059999998,-0.0001349503508691896,18469,-15.06124571269519,21.620492024777693,-1,ETHUSDT,2024-03-05,50
1709597731050,58535.3581,58535.3581,4.1307805116019836e-05,18621,13.00554796451645,21.335280742030186,1,ETHUSDT,2024-03-05,50
1709597733800,-51898.63659999999,51898.63659999999,0.0,18676,-11.530982802585928,21.101399539546136,-1,ETHUSDT,2024-03-05,50
1709597750000,481508.0214,481508.0214,0.0,19000,106.98278563392122,25.430907261664146,1,ETHUSDT,2024-03-05,50
1709597757300,-57164.845799999996,57164.845799999996,-2.753436632474404e-06,19146,-12.701043746345285,21.28923490684415,-1,ETHUSDT,2024-03-05,50
1709597768350,108954.36959999999,108954.36959999999,2.2028311889243923e-05,19367,24.20778356486134,22.542797864751954,1,ETHUSDT,2024-03-05,50
1709597769850,386463.0303,386463.0303,0.0,19397,85.86542630340591,25.00354452473678,1,ETHUSDT,2024-03-05,50
1709597776100,-73389.74490000002,73389.74490000002,-8.812028424465268e-05,19522,-16.30593675996623,21.77481718466512,-1,ETHUSDT,2024-03-05,50
1709597791150,-50979.660200000006,50979.660200000006,0.0,19823,-11.326802081114295,21.06667692359923,-1,ETHUSDT,2024-03-05,50
1709597800100,-61122.8912,61122.8912,-0.00010745000485634648,20002,-13.58045323432506,21.41934907811611,-1,ETHUSDT,2024-03-05,50
1709597809450,-36283.1,36283.1,0.0,20189,-8.061479636721431,20.405735650066635,-1,ETHUSDT,2024-03-05,50
1709597813050,37843.422999999995,37843.422999999995,4.960850621493762e-05,20261,8.408156521861015,20.487567439897518,1,ETHUSDT,2024-03-05,50
1709597818950,31755.368500000004,31755.368500000004,0.00011022897324508563,20379,7.055495713412999,20.14668517955535,1,ETHUSDT,2024-03-05,50
1709597832400,-30057.641,30057.641,-5.509414211957164e-06,20648,-6.678289915949387,20.039899746889276,-1,ETHUSDT,2024-03-05,50
1709597834050,29294.924499999994,29294.924499999994,0.0002479236407886276,20681,6.508827451789998,19.989946737918867,1,ETHUSDT,2024-03-05,50
1709597844950,-47612.76689999998,47612.76689999998,5.231716871634262e-05,20899,-10.578736403788927,20.933884094343597,-1,ETHUSDT,2024-03-05,50
1709597846800,-42964.0757,42964.0757,-2.7534593787237327e-06,20936,-9.545877319361027,20.734213364083253,-1,ETHUSDT,2024-03-05,50
1709597848100,27490.9849,27490.9849,-5.507244779323628e-06,20962,6.108023155815417,19.86642568284084,1,ETHUSDT,2024-03-05,50
1709597851550,67438.4037,67438.4037,5.507259945858323e-06,21031,14.983651291112093,21.610453195731957,1,ETHUSDT,2024-03-05,50
1709597859100,1155070.1236999999,1155070.1236999999,0.00016794529978625405,21182,256.6366788172139,27.131510250175477,1,ETHUSDT,2024-03-05,50
1709597864650,172356.976,172356.976,4.402922440505108e-05,21293,38.29475023553347,23.434184558621805,1,ETHUSDT,2024-03-05,50
1709597873950,-88942.32280000001,88942.32280000001,-5.229542512630303e-05,21479,-19.761451587513314,22.148373025076005,-1,ETHUSDT,2024-03-05,50
1709597875200,-64951.782,64951.782,-5.505471063393941e-05,21504,-14.431166795609238,21.537435658680348,-1,ETHUSDT,2024-03-05,50
1709597883000,-62671.191600000006,62671.191600000006,-3.5761787982480087e-05,21660,-13.924458904902481,21.467967370909474,-1,ETHUSDT,2024-03-05,50
1709597887250,-1205048.738699999,1205048.738699999,-0.0004898736609248999,21745,-267.74106590359935,27.213837505893775,-1,ETHUSDT,2024-03-05,50
1709597889150,-78694.2456,78694.2456,2.7524286743130233e-06,21783,-17.484505415236157,21.910448581622408,-1,ETHUSDT,2024-03-05,50
1709597893900,181710.6026,181710.6026,3.577359716189221e-05,21878,40.37296489650224,23.536896564296352,1,ETHUSDT,2024-03-05,50
1709597910100,-30052.486800000002,30125.166200000003,-4.678201645091917e-05,22202,-6.677144741519871,20.04426096617061,-1,ETHUSDT,2024-03-05,50
1709597913450,40410.4858,40410.4858,0.00010731990560763904,22269,8.978513643727261,20.615124334797926,1,ETHUSDT,2024-03-05,50
1709597924400,-253437.4775,253437.4775,-0.00010183061174551256,22488,-56.30944059488566,24.18352067788321,-1,ETHUSDT,2024-03-05,50
1709597928450,181678.32449999996,181678.32449999996,0.00013210512284267395,22569,40.36579325885655,23.53655129129529,1,ETHUSDT,2024-03-05,50
1709597953650,76254.7574,76254.7574,0.0,23073,16.942493171290018,21.849246111425895,1,ETHUSDT,2024-03-05,50
1709597957800,94165.01420000002,94165.01420000002,4.950767369926723e-05,23156,20.92184362595491,22.259272737733877,1,ETHUSDT,2024-03-05,50
1709597962300,-66824.14299999998,66824.14299999998,-2.7505397936167242e-05,23246,-14.847173147715074,21.5926694538559,-1,ETHUSDT,2024-03-05,50
1709597970250,84763.8932,84763.8932,0.00012380953707058495,23405,18.833076527667984,22.054852863543072,1,ETHUSDT,2024-03-05,50
1709597981650,-39247.739199999996,39247.739199999996,-2.2014248724389063e-05,23633,-8.72017138414726,20.558382531931073,-1,ETHUSDT,2024-03-05,50
1709598001950,36656.769199999995,36656.769199999995,2.752557469065664e-06,24039,8.144502494378852,20.42564893687089,1,ETHUSDT,2024-03-05,50
1709598009450,-43400.9479,43400.9479,-0.00027532964014831407,24189,-9.642942794586398,20.753875871356662,-1,ETHUSDT,2024-03-05,50
1709598019150,-49220.510500000004,49220.510500000004,-2.752913614401109e-06,24383,-10.935949329158298,20.99842749356664,-1,ETHUSDT,2024-03-05,50
1709598025900,-31917.632700000002,31917.632700000002,0.0,24518,-7.091548022726947,20.156590839775102,-1,ETHUSDT,2024-03-05,50
1709598031850,28743.4224,28743.4224,0.0,24637,6.386293187938259,19.953009962586393,1,ETHUSDT,2024-03-05,50
1709598039550,-64424.5404,64424.5404,-2.7551359167432565e-06,24791,-14.314022796832056,21.521594779060784,-1,ETHUSDT,2024-03-05,50
1709598040650,-49426.03429999999,49426.03429999999,-6.062560110819959e-05,24813,-10.981613176198971,21.006525922994793,-1,ETHUSDT,2024-03-05,50
1709598053800,109909.22939999998,109909.22939999998,0.00010190633714657338,25076,24.419936959516807,22.559756605292133,1,ETHUSDT,2024-03-05,50
1709598055050,118401.4139,118401.4139,7.433787669697267e-05,25101,26.306754029117574,22.70440665817409,1,ETHUSDT,2024-03-05,50
1709598069250,-839638.2631000001,849585.2851000002,-0.0005370029581577285,25385,-186.55315450424033,26.534510327118213,-1,ETHUSDT,2024-03-05,50
1709598078800,-47183.70590000001,47183.70590000001,-2.7530727741975625e-06,25576,-10.483406442611104,20.91629070957274,-1,ETHUSDT,2024-03-05,50
1709598087950,82765.4406,82765.4406,3.853235755180151e-05,25759,18.38905479468891,22.008481790859673,1,ETHUSDT,2024-03-05,50
1709598108400,-34720.669400000006,34720.669400000006,-1.101354941823729e-05,26168,-7.714334479177274,20.320188421969554,-1,ETHUSDT,2024-03-05,50
1709598117200,-31038.013399999996,31038.013399999996,-7.712882445787272e-05,26344,-6.896111770724852,20.102277905692674,-1,ETHUSDT,2024-03-05,50
1709598121700,36372.7002,36372.7002,2.754817140626642e-06,26434,8.081387257287098,20.410529182718122,1,ETHUSDT,2024-03-05,50
1709598123750,256348.637,256348.637,0.0003662786815823438,26475,56.95625007446425,24.205718468544443,1,ETHUSDT,2024-03-05,50
1709598135200,78420.4252,78420.4252,0.0,26704,17.423667240473833,21.903674152430185,1,ETHUSDT,2024-03-05,50
1709598142600,106482.40999999999,106482.40999999999,8.804851478849685e-05,26852,23.65855673534021,22.49819474009965,1,ETHUSDT,2024-03-05,50
1709598144350,31476.279300000002,31476.279300000002,4.1268596667976e-05,26887,6.993486902075796,20.12952877215506,1,ETHUSDT,2024-03-05,50
1709598147450,-66533.2488,66533.2488,-2.750498184767025e-06,26949,-14.782541468786311,21.584190527163432,-1,ETHUSDT,2024-03-05,50
1709598149100,-50594.188799999996,50594.188799999996,-1.6507688455291714e-05,26982,-11.24115697797706,21.051925548015507,-1,ETHUSDT,2024-03-05,50
1709598154050,38751.3094,38751.3094,0.00012379250740934822,27081,8.609873236421137,20.53364297017454,1,ETHUSDT,2024-03-05,50
1709598163600,97073.4758,97073.4758,6.325954430508318e-05,27272,21.56805367864021,22.318394273770025,1,ETHUSDT,2024-03-05,50
1709598168250,-74264.88949999999,74264.88949999999,-6.049307356192912e-05,27365,-16.50037881073054,21.797856028091825,-1,ETHUSDT,2024-03-05,50
1709598183400,39591.0306,39591.0306,-6.326232826658895e-05,27668,8.796444818075496,20.5753081114713,1,ETHUSDT,2024-03-05,50
1709598186800,-46890.67790000001,46890.67790000001,-4.676863146357846e-05,27736,-10.418300670089208,20.904183093369934,-1,ETHUSDT,2024-03-05,50
1709598188400,38702.1441,38702.1441,3.5773892491874903e-05,27768,8.598949553913764,20.531175593320157,1,ETHUSDT,2024-03-05,50
1709598196750,-43922.66199999999,43922.66199999999,-0.00014050418987388014,27935,-9.758858678106284,20.777099220398007,-1,ETHUSDT,2024-03-05,50
1709598200650,76828.68310000001,76828.68310000001,5.5109626835303516e-06,28013,17.070009572687393,21.863819231887636,1,ETHUSDT,2024-03-05,50
1709598210350,-72578.8,72578.8,-2.755621812511322e-06,28207,-16.12575877633602,21.753221880696056,-1,ETHUSDT,2024-03-05,50
1709598214000,-181428.29670000006,181428.29670000006,-1.9291532257881272e-05,28280,-40.31024138985104,23.533874709354084,-1,ETHUSDT,2024-03-05,50
1709598215100,47097.54059999999,47097.54059999999,-8.267913468529287e-06,28302,10.464261997639694,20.912738269727164,1,ETHUSDT,2024-03-05,50
1709598217400,-47347.8915,47347.8915,-6.614923269410156e-05,28348,-10.519885653897978,20.923041864148722,-1,ETHUSDT,2024-03-05,50
1709598220750,-38736.26810000001,40259.64170000001,-9.374009187901322e-05,28415,-8.606531318733296,20.60785601446291,-1,ETHUSDT,2024-03-05,50
1709598229750,133527.37239999996,133527.37239999996,1.3787493365668979e-05,28595,29.66748137693634,22.938071335522682,1,ETHUSDT,2024-03-05,50
1709598231950,235795.09060000003,235795.09060000003,0.00011578732637929079,28639,52.38960621641439,24.043285392741854,1,ETHUSDT,2024-03-05,50
1709598233000,68734.683,68734.683,2.756974110340593e-06,28660,15.271662215769952,21.64745669364948,1,ETHUSDT,2024-03-05,50
1709598234900,-42770.583,42770.583,-2.7565637221727e-06,28698,-9.502886575436051,20.725440780727865,-1,ETHUSDT,2024-03-05,50
1709598245100,-136357.47160000002,136357.47160000002,-9.648717761656656e-05,28902,-30.296280654580812,22.97883419096288,-1,ETHUSDT,2024-03-05,50
1709598246300,34566.0724,34566.0724,-1.929908481024256e-05,28926,7.679985689592087,20.31151545198733,1,ETHUSDT,2024-03-05,50
1709598250450,-34568.5502,34568.5502,2.4811877722186182e-05,29009,-7.680536214057854,20.311654763441172,-1,ETHUSDT,2024-03-05,50
1709598253000,-203964.5893000001,203964.5893000001,-0.00011030831184299927,29060,-45.31741728943229,23.761437372864762,-1,ETHUSDT,2024-03-05,50
1709598257400,-204000.19509999992,204000.19509999992,-2.205515442810224e-05,29148,-45.32532828467932,23.761776626632365,-1,ETHUSDT,2024-03-05,50
1709598261600,-356039.2249,356039.2249,-0.00027578599181943275,29232,-79.10578096704613,24.84418187270933,-1,ETHUSDT,2024-03-05,50
1709598263000,35888.5288,35888.5288,1.930967897756375e-05,29260,7.97381271482014,20.384484624027007,1,ETHUSDT,2024-03-05,50
1709598266450,181100.0678,181462.61079999997,0.0,29329,40.23731458388535,23.534242264806235,1,ETHUSDT,2024-03-05,50
1709598281500,68786.3133,68786.3133,0.0001489117039081833,29630,15.283133578803644,21.648916038999356,1,ETHUSDT,2024-03-05,50
1709598287550,-34884.95010000002,34884.95010000002,-0.00011031013706208626,29751,-7.7508348200455135,20.329362433995442,-1,ETHUSDT,2024-03-05,50
1709598293650,-90689.4986,90689.4986,-7.718091209518718e-05,29873,-20.149643945208012,22.186181653950076,-1,ETHUSDT,2024-03-05,50
1709598304200,-55363.1381,56016.1529,-3.85894987005031e-05,30084,-12.300735340093498,21.24978314633646,-1,ETHUSDT,2024-03-05,50
1709598306350,145519.05649999998,145519.05649999998,0.0001378188786471668,30127,32.331826958822845,23.105217681804525,1,ETHUSDT,2024-03-05,50
1709598308400,-31781.567499999997,32434.6273,-0.00011024416337157561,30168,-7.06131667978584,20.187819027753985,-1,ETHUSDT,2024-03-05,50
1709598318700,114624.6318,114624.6318,2.7559293823031794e-05,30374,25.467618123103918,22.641400862129707,1,ETHUSDT,2024-03-05,50
1709598321750,114416.0685,114416.0685,0.00012400024815839572,30435,25.421278951535957,22.637861293883045,1,ETHUSDT,2024-03-05,50
1709598331500,127471.06539999999,127471.06539999999,8.540991944983034e-05,30630,28.321874315956624,22.847857458720675,1,ETHUSDT,2024-03-05,50
1709598343000,-33166.1593,33166.1593,-3.5825255432442304e-05,30860,-7.368949120257341,20.231165901267303,-1,ETHUSDT,2024-03-05,50
1709598354300,99993.91489999999,99993.91489999999,8.547373824541182e-05,31086,22.216924925444783,22.37600316430516,1,ETHUSDT,2024-03-05,50
1709598356100,-123167.08959999999,123167.08959999999,0.0,31122,-27.365605053720433,22.781101413680382,-1,ETHUSDT,2024-03-05,50
1709598367000,32811.24110000001,32811.24110000001,9.65326839725833e-05,31340,7.29009241170703,20.210255959157575,1,ETHUSDT,2024-03-05,50
1709598368600,134237.11469999998,134237.11469999998,9.376128934057704e-05,31372,29.825173886638378,22.948374585132555,1,ETHUSDT,2024-03-05,50
1709598379050,-103381.40599999999,103381.40599999999,-8.000165525068326e-05,31581,-22.969567079015594,22.440753875549447,-1,ETHUSDT,2024-03-05,50
1709598382450,-102282.2612,102282.2612,-2.759027884380316e-06,31649,-22.725356043491942,22.419979595526765,-1,ETHUSDT,2024-03-05,50
1709598384050,-500426.9875000002,500426.9875000002,-0.00012692351219811826,31681,-111.18625391427695,25.505809751391546,-1,ETHUSDT,2024-03-05,50
1709598385050,-69398.6822,69398.6822,-0.00012142017466310051,31701,-15.419191396837702,21.6661417648274,-1,ETHUSDT,2024-03-05,50
1709598391350,-41256.9779,41764.08589999999,-0.00011594554989180494,31827,-9.166589602694259,20.67915829722456,-1,ETHUSDT,2024-03-05,50
1709598396200,-36933.447899999985,39902.55309999998,-0.0001988499849137071,31924,-8.205975734150659,20.590540828543514,-1,ETHUSDT,2024-03-05,50
1709598399950,141048.05780000004,141048.05780000004,5.524358277497754e-06,31999,31.338448086128466,23.04456651785934,1,ETHUSDT,2024-03-05,50
1709598401500,-212104.32,212104.32,0.0,32030,-47.125925197699374,23.837492208911176,-1,ETHUSDT,2024-03-05,50
1709598409500,49933.231999999996,49933.231999999996,0.00023196538296765823,32190,11.094303765766622,21.026368252878225,1,ETHUSDT,2024-03-05,50
1709598411750,-33131.5095,33131.5095,-2.761717622590254e-06,32235,-7.3612505317377135,20.22913439508405,-1,ETHUSDT,2024-03-05,50
1709598415950,53739.38079999999,53739.38079999999,3.589895824340772e-05,32319,11.939964446511421,21.169138366495137,1,ETHUSDT,2024-03-05,50
1709598420450,-285345.2314999999,290196.03149999987,-0.00022928715277359402,32409,-63.39879374068951,24.446754997526234,-1,ETHUSDT,2024-03-05,50
1709598424150,-58278.8461,58278.8461,-9.39273224211945e-05,32483,-12.948555417998246,21.326745142510884,-1,ETHUSDT,2024-03-05,50
1709598432900,-181034.3573,181034.3573,-0.00018513478279480466,32658,-40.22271484302338,23.52965004059321,-1,ETHUSDT,2024-03-05,50
1709598434700,-335953.5192,345933.29279999994,-0.00037328548339132794,32694,-74.64308325131266,24.788217225450204,-1,ETHUSDT,2024-03-05,50
1709598436700,-59979.684400000006,59979.684400000006,-2.4878888192247928e-05,32734,-13.326452381620593,21.38265416335415,-1,ETHUSDT,2024-03-05,50
1709598438300,-72410.24279999999,72410.24279999999,-8.570721590928088e-05,32766,-16.088308270854878,21.748702956395057,-1,ETHUSDT,2024-03-05,50
1709598441450,-289192.9457,289192.9457,-0.00019361298484454892,32829,-64.25368953711332,24.440025300317284,-1,ETHUSDT,2024-03-05,50
1709598442800,227814.51779999997,227814.51779999997,0.00033456421940414316,32856,50.61646045112495,23.976366091167286,1,ETHUSDT,2024-03-05,50
1709598443800,195383.60129999998,195383.60129999998,0.0001768542062752232,32876,43.410869612278134,23.67790035133931,1,ETHUSDT,2024-03-05,50
1709598450000,55721.8351,55721.8351,3.592782928585336e-05,33000,12.380431632892433,21.23954461536989,1,ETHUSDT,2024-03-05,50
1709598452250,-85105.36660000002,85105.36660000002,-1.3818243122187823e-05,33045,-18.90894603332164,22.062666735527042,-1,ETHUSDT,2024-03-05,50
1709598455200,121572.4993999999,121572.4993999999,0.00019618706361157479,33104,27.011314587188735,22.75577485420422,1,ETHUSDT,2024-03-05,50
1709598456500,86754.14219999999,86754.14219999999,0.00011328611248728748,33130,19.27527556208084,22.09995953548431,1,ETHUSDT,2024-03-05,50
1709598463650,-46357.1881,46357.1881,-0.00014093439527229634,33273,-10.299768428932893,20.881944291891195,-1,ETHUSDT,2024-03-05,50
1709598465600,61258.94420000001,61258.94420000001,8.291415625727439e-05,33312,13.610681866636382,21.42367036378794,1,ETHUSDT,2024-03-05,50
1709598467900,144890.94819999998,144890.94819999998,-3.316932942887263e-05,33358,32.1922721173097,23.096810520493484,1,ETHUSDT,2024-03-05,50
1709598469800,66579.3342,66579.3342,0.00023767279753172943,33396,14.792780850582522,21.58553628363927,1,ETHUSDT,2024-03-05,50
1709598477650,56472.92139999999,56472.92139999999,0.0,33553,12.547310067008327,21.265566860386638,1,ETHUSDT,2024-03-05,50
1709598479300,36177.4,36177.4,2.764160448975872e-06,33586,8.037994918006618,20.400065550075855,1,ETHUSDT,2024-03-05,50
1709598481100,33825.869999999995,33825.869999999995,0.0,33622,7.515525470518956,20.269444867728563,1,ETHUSDT,2024-03-05,50
1709598485200,36278.3136,36278.3136,-5.2528050682454364e-05,33704,8.060416181114462,20.405479248885715,1,ETHUSDT,2024-03-05,50
1709598486300,-197504.44030000002,197504.44030000002,-4.976651212373895e-05,33726,-43.882083494533646,23.698883450545846,-1,ETHUSDT,2024-03-05,50
1709598487400,59093.7232,59093.7232,-6.08304462090814e-05,33748,13.129607068713886,21.353732093163636,1,ETHUSDT,2024-03-05,50
1709598489250,-191186.49589999998,191186.49589999998,-2.7652917164999735e-06,33785,-42.47834511146995,23.635695228022918,-1,ETHUSDT,2024-03-05,50
1709598492900,57195.5665,57195.5665,7.191021183494684e-05,33858,12.707869356546063,21.290279089669884,1,ETHUSDT,2024-03-05,50
1709598496850,-36173.1,36173.1,-2.7644813904714738e-06,33937,-8.037039532098635,20.399834533230077,-1,ETHUSDT,2024-03-05,50
1709598503950,93279.45289999999,93279.45289999999,3.3175381657812864e-05,34079,20.72508716393764,22.240908481810052,1,ETHUSDT,2024-03-05,50
1709598504950,-45387.075000000004,45387.075000000004,-5.8065506202353845e-05,34099,-10.084226013842487,20.84084078212683,-1,ETHUSDT,2024-03-05,50
1709598509700,-36161.399999999994,36161.399999999994,-2.7653758358781033e-06,34194,-8.034439993697847,20.39920581347062,-1,ETHUSDT,2024-03-05,50
1709598512500,-59807.0229,60168.594900000004,-0.00011615269113818272,34250,-13.28808997139942,21.388765840529857,-1,ETHUSDT,2024-03-05,50
1709598520950,-99728.94559999999,99728.94559999999,-1.6599117481419512e-05,34419,-22.158053312591793,22.37084622022167,-1,ETHUSDT,2024-03-05,50
1709598524150,-216697.24900000004,217348.32340000002,0.0,34483,-48.14639488210913,23.88495966791225,-1,ETHUSDT,2024-03-05,50
1709598528100,181542.19589999993,181542.19589999993,0.00013544011839883296,34562,40.33554782952786,23.53509447306851,1,ETHUSDT,2024-03-05,50
1709598530400,54259.34999999999,54259.34999999999,-1.935131623653774e-05,34608,12.055492643317162,21.187853072814967,1,ETHUSDT,2024-03-05,50
1709598533300,72377.4,72377.4,0.0,34666,16.08101116659937,21.747821234912816,1,ETHUSDT,2024-03-05,50
1709598534950,72377.52729999999,72377.52729999999,1.657962364198795e-05,34699,16.0810394504659,21.747824653272705,1,ETHUSDT,2024-03-05,50
1709598536600,119330.29920000001,119330.29920000001,1.6577653875415876e-05,34732,26.51313633743191,22.71959471670939,1,ETHUSDT,2024-03-05,50
1709598537600,107703.62749999999,107703.62749999999,0.0,34752,23.929890221405564,22.520357878031408,1,ETHUSDT,2024-03-05,50
1709598541900,72411.40000000001,72411.40000000001,0.0,34838,16.08856538075551,21.748734016126296,1,ETHUSDT,2024-03-05,50
1709598544000,-204325.47429999997,204325.47429999997,5.247495357885157e-05,34880,-45.39759971813042,23.764873163897143,-1,ETHUSDT,2024-03-05,50
1709598553200,-49387.55930000001,50039.2871,-2.4856762903979757e-05,35064,-10.97306469415023,21.03049180162182,-1,ETHUSDT,2024-03-05,50
1709598556800,118591.5276,118591.5276,0.0,35136,26.34899401746509,22.70752485242607,1,ETHUSDT,2024-03-05,50
1709598559300,-36194.8,36194.8,0.0,35186,-8.041860898192406,20.40100008216009,-1,ETHUSDT,2024-03-05,50
1709598565650,37777.185999999994,37777.185999999994,5.2506711888611335e-05,35313,8.393439801771015,20.484162747786932,1,ETHUSDT,2024-03-05,50
1709598580350,-171560.5322,171560.5322,-0.0003011403295243298,35607,-38.11779414645913,23.425182790187236,-1,ETHUSDT,2024-03-05,50
1709598586100,88974.68580000002,88974.68580000002,5.525090820057699e-05,35722,19.768642088476113,22.14908008327677,1,ETHUSDT,2024-03-05,50
1709598601500,201717.87049999996,201717.87049999996,5.5234886367827585e-05,36030,44.81823508461406,23.739909876564973,1,ETHUSDT,2024-03-05,50
1709598606050,-41345.969,41345.969,-2.4858479298117686e-05,36121,-9.186361891735148,20.659602924357557,-1,ETHUSDT,2024-03-05,50
1709598620700,-28709.750899999995,28709.750899999995,-6.629248245637598e-05,36414,-6.378811960821835,19.950731918575272,-1,ETHUSDT,2024-03-05,50
1709598626100,-34666.188,34666.188,0.0,36522,-7.702229650850033,20.31713640216251,-1,ETHUSDT,2024-03-05,50
1709598628500,-114509.69879999998,114509.69879999998,-2.76395416776154e-06,36570,-25.442081990880173,22.639451109292523,-1,ETHUSDT,2024-03-05,50
1709598630100,-32554.620199999998,32554.620199999998,0.0,36602,-7.233075669485246,20.19499581224898,-1,ETHUSDT,2024-03-05,50
1709598634800,-27818.878700000005,27818.878700000005,-8.293249299917704e-05,36696,-6.180875508335109,19.88946919841215,-1,ETHUSDT,2024-03-05,50
1709598637850,-289353.83269999997,289426.1449,-0.0002959557802810764,36757,-64.2894358563174,24.441591912703405,-1,ETHUSDT,2024-03-05,50
1709598642050,-144704.28829999996,144704.28829999996,-0.00016868979231610126,36841,-32.15079950381078,23.09430507239024,-1,ETHUSDT,2024-03-05,50
1709598645150,-117660.33859999999,171605.53820000004,-0.00025994856483357864,36903,-26.142099866705117,23.42569258132487,-1,ETHUSDT,2024-03-05,50
1709598652400,58274.1612,58274.1612,5.532472849623105e-06,37048,12.947514513942362,21.326588900390124,1,ETHUSDT,2024-03-05,50
1709598672800,-205892.1378,205892.1378,-1.9368878916736776e-05,37456,-45.745685353118745,23.77971850404427,-1,ETHUSDT,2024-03-05,50
1709598675150,30646.817200000005,30646.817200000005,5.5338811890237594e-05,37503,6.809194715669944,20.07762678159821,1,ETHUSDT,2024-03-05,50
1709598677500,-193891.28309999997,194035.8251,-0.00025182957082670043,37550,-43.07930222192811,23.66444706426466,-1,ETHUSDT,2024-03-05,50
1709598680050,-108114.72320000001,108114.72320000001,-0.00012180200545408582,37601,-24.02122860247813,22.52776210633062,-1,ETHUSDT,2024-03-05,50
1709598682150,97103.06509999999,99127.70029999998,0.00019639979869801039,37643,21.574627911255803,22.359093530363857,1,ETHUSDT,2024-03-05,50
1709598687150,102864.10449999999,102864.10449999999,-3.0423172503901696e-05,37743,22.85463159918351,22.431004323347267,1,ETHUSDT,2024-03-05,50
1709598690850,135882.4286,135882.4286,4.147249475572323e-05,37817,30.190734285305112,22.972051420316955,1,ETHUSDT,2024-03-05,50
1709598692250,52488.474,52488.474,7.464202930407282e-05,37845,11.662034509553546,21.123363490575937,1,ETHUSDT,2024-03-05,50
1709598696150,92279.87580000001,92279.87580000001,2.764420253598132e-06,37923,20.502998355732636,22.21996920101355,1,ETHUSDT,2024-03-05,50
1709598698000,-32562.801999999996,32562.801999999996,-0.00015477608629765882,37960,-7.23489352446709,20.195484202581532,-1,ETHUSDT,2024-03-05,50
1709598712250,35586.3946,36165.046800000004,-7.741971164954009e-05,38245,7.906683701564461,20.39940180240118,1,ETHUSDT,2024-03-05,50
1709598726450,-28348.5573,28348.5573,-0.00015486597210667696,38529,-6.298560966521071,19.92612594973199,-1,ETHUSDT,2024-03-05,50
1709598760350,-29688.062400000003,29688.062400000003,-5.530973452749777e-05,39207,-6.596175919128057,20.015855018568168,-1,ETHUSDT,2024-03-05,50
1709598769050,-94140.14439999998,94140.14439999998,-4.4258191230994726e-05,39381,-20.916317984919008,22.25875936334288,-1,ETHUSDT,2024-03-05,50
1709598772300,-30150.4344,30150.4344,-2.7661254744515418e-06,39446,-6.6989070105339765,20.045890438951492,-1,ETHUSDT,2024-03-05,50
1709598779900,94375.50630000001,94375.50630000001,5.2546064242875445e-05,39598,20.968611343648288,22.263612394769634,1,ETHUSDT,2024-03-05,50
1709598783650,-41175.669499999996,41175.669499999996,-0.00010234805817432857,39673,-9.148524277215058,20.651581262385708,-1,ETHUSDT,2024-03-05,50
1709598806200,49423.833199999994,49423.833199999994,0.00014105445140089046,40124,10.98112412970547,21.00643936969472,1,ETHUSDT,2024-03-05,50
1709598812050,-31171.384399999995,31171.384399999995,-2.7653605396693592e-06,40241,-6.925744508848914,20.110611279227793,-1,ETHUSDT,2024-03-05,50
1709598815800,-57072.588599999995,57072.588599999995,0.0,40316,-12.680545786161591,21.28609574970888,-1,ETHUSDT,2024-03-05,50
1709598817100,-251520.40589999998,251520.40589999998,-2.4900984005427063e-05,40342,-55.88350031785483,24.168763195318185,-1,ETHUSDT,2024-03-05,50
1709598818900,-42503.9245,42503.9245,-2.7667989659363457e-06,40378,-9.443639651449164,20.713285746741796,-1,ETHUSDT,2024-03-05,50
1709598827800,-165394.8901999999,184899.74419999996,-2.21481489699471e-05,40556,-36.74789473239817,23.570711331835213,-1,ETHUSDT,2024-03-05,50
1709598829250,221135.04909999997,221135.04909999997,9.412624551252691e-05,40585,49.13239759791869,23.918529430464567,1,ETHUSDT,2024-03-05,50
1709598835700,66772.652,66772.652,4.1513585326669045e-05,40714,14.835732734741148,21.591171296115522,1,ETHUSDT,2024-03-05,50
1709598837800,-50555.24329999999,50555.24329999999,4.704469385075072e-05,40756,-11.232503958935357,21.050428919536223,-1,ETHUSDT,2024-03-05,50
1709598842500,86909.0,86909.0,8.301821004863541e-06,40850,19.30968229693226,22.103425700859706,1,ETHUSDT,2024-03-05,50
1709598845950,-145288.8084,145939.3734,-0.00010513385209165449,40919,-32.28066979833922,23.11082333580247,-1,ETHUSDT,2024-03-05,50
1709598857400,57395.401600000005,57395.401600000005,2.766776001195126e-06,41148,12.752269272467036,21.297057736065238,1,ETHUSDT,2024-03-05,50
1709598859000,180282.28160000005,180282.28160000005,2.766776001195126e-06,41180,40.05561658127556,23.52155907128186,1,ETHUSDT,2024-03-05,50
1709598861900,28801.66459999938,34222.30539999934,-4.980989225522592e-05,41238,6.399233601224138,20.292090102526597,1,ETHUSDT,2024-03-05,50
1709598863600,-32518.71,32518.71,-2.767633631606259e-06,41272,-7.225097041803196,20.1928507977938,-1,ETHUSDT,2024-03-05,50
1709598867700,-143107.44000000003,143107.44000000003,0.0,41354,-31.796007326367764,23.072738290465306,-1,ETHUSDT,2024-03-05,50
1709598869650,47493.19750000001,47493.19750000001,0.0,41393,10.552170143373615,20.928997209245413,1,ETHUSDT,2024-03-05,50
1709598876250,-57363.0064,57363.0064,0.00013012019525326934,41525,-12.745071617219066,21.29596045640455,-1,ETHUSDT,2024-03-05,50
1709598879750,-36116.4435,36116.4435,-1.3844030384291273e-05,41595,-8.024451434029896,20.396788104171737,-1,ETHUSDT,2024-03-05,50
1709598882700,119043.72270000001,119043.72270000001,0.00013289441281472136,41654,26.449463977046143,22.714921596515538,1,ETHUSDT,2024-03-05,50
1709598885900,-40775.295000000006,40775.295000000006,-0.00013566623911032138,41718,-9.059567962048702,20.63259087027098,-1,ETHUSDT,2024-03-05,50
1709598890000,-313786.6929999997,314003.34459999966,-0.0003378902387396465,41800,-69.71799641964597,24.599998588839405,-1,ETHUSDT,2024-03-05,50
1709598891900,32309.679,32309.679,0.0,41838,7.1786539553540365,20.180317587942923,1,ETHUSDT,2024-03-05,50
1709598897850,-62059.82940000002,62059.82940000002,6.367284341557422e-05,41957,-13.78862475826228,21.448914985613474,-1,ETHUSDT,2024-03-05,50
1709598902450,29581.2972,29581.2972,0.0,42049,6.572454531327386,20.008853148718018,1,ETHUSDT,2024-03-05,50
1709598907450,91709.5056,91709.5056,2.766347384053347e-06,42149,20.3762719251715,22.207919133678526,1,ETHUSDT,2024-03-05,50
1709598908500,96430.9986,96430.9986,8.020233116567965e-05,42170,21.425306315133295,22.305488247304456,1,ETHUSDT,2024-03-05,50
1709598913650,36164.4785,36164.4785,8.019301633765963e-05,42273,8.035123983353131,20.399371261716556,1,ETHUSDT,2024-03-05,50
1709598915300,36161.0,36161.0,-5.807192901308156e-05,42306,8.034351120590127,20.399184315182076,1,ETHUSDT,2024-03-05,50
1709598916900,36157.1,36157.1,-2.4891067011978407e-05,42338,8.033484607789864,20.398974694405705,1,ETHUSDT,2024-03-05,50
1709598935100,72296.84250000001,72296.84250000001,0.0,42702,16.06311267816164,21.745656834840837,1,ETHUSDT,2024-03-05,50
1709598952150,-28561.4238,29212.1724,-3.0426033623243143e-05,43043,-6.345856234981874,19.984448992134507,-1,ETHUSDT,2024-03-05,50
1709598956100,33252.66499999999,33252.66499999999,2.766691796551868e-06,43122,7.388169196243413,20.23622845265994,1,ETHUSDT,2024-03-05,50
1709598962250,-100855.79040000003,100855.79040000003,-3.0429568692369457e-05,43245,-22.40841881082501,22.39268333203416,-1,ETHUSDT,2024-03-05,50
1709598965250,72308.2803,72308.2803,0.00013276943224660442,43305,16.065653960240315,21.745964289833392,1,ETHUSDT,2024-03-05,50
1709598967750,72287.28280000002,72287.28280000002,-3.873309577606676e-05,43355,16.06098867754198,21.745399826995612,1,ETHUSDT,2024-03-05,50
1709598971750,31766.526300000016,112798.2153,-6.363760874172897e-05,43435,7.0579747843162775,22.61018322823958,1,ETHUSDT,2024-03-05,50
1709598973450,-59769.63689999999,59769.63689999999,-9.685163029615751e-05,43469,-13.279783446386437,21.375836015984422,-1,ETHUSDT,2024-03-05,50
1709598981200,-37469.720799999996,37469.720799999996,-1.6605457107132793e-05,43624,-8.325126332172207,20.468279952968693,-1,ETHUSDT,2024-03-05,50
1709598982750,37214.014200000005,37214.014200000005,3.0443127396750924e-05,43655,8.268312731656398,20.45497128129899,1,ETHUSDT,2024-03-05,50
1709598999700,-35979.044,35979.044,-9.688702012233819e-05,43994,-7.993923632619715,20.389380218291254,-1,ETHUSDT,2024-03-05,50
1709599010700,-180599.6888,180599.6888,-1.3843455436202134e-05,44214,-40.12613899196671,23.524977905401084,-1,ETHUSDT,2024-03-05,50
1709599022150,77061.3008,77061.3008,-2.2153546229475296e-05,44443,17.121693217461157,21.869694880636136,1,ETHUSDT,2024-03-05,50
1709599031450,182167.12459999998,182167.12459999998,0.00019928644447730903,44629,40.47439621870776,23.54177334036676,1,ETHUSDT,2024-03-05,50
1709599051050,72270.9206,72270.9206,7.194981226987807e-05,45021,16.057353278634167,21.744959858394356,1,ETHUSDT,2024-03-05,50
1709599058750,72283.3062,72283.3062,2.7669137985242287e-06,45175,16.060105145541588,21.745292908045506,1,ETHUSDT,2024-03-05,50
1709599066100,-84494.14390000001,85144.62610000001,-0.0001549503885165393,45322,-18.773142881177748,22.06356309312438,-1,ETHUSDT,2024-03-05,50
1709599074000,361471.00000000006,361471.00000000006,2.7664774862046215e-06,45480,80.31262780096885,24.87360911108078,1,ETHUSDT,2024-03-05,50
1709599105250,29968.0385,29968.0385,2.766293816236498e-06,46105,6.65838178436335,20.034097480950166,1,ETHUSDT,2024-03-05,50
1709599109400,33591.27790000001,33591.27790000001,0.00018806141920180153,46188,7.463403148085492,20.255919140894175,1,ETHUSDT,2024-03-05,50
1709599114500,-99126.48750000002,99126.48750000002,-5.5303769794790014e-05,46290,-22.0241975035477,22.35906975149603,-1,ETHUSDT,2024-03-05,50
1709599136250,83514.3887,83514.3887,0.00036209201125991797,46725,18.55545815760749,22.02598987407992,1,ETHUSDT,2024-03-05,50
1709599137950,33950.093199999996,43939.99600000001,0.00015749141082643803,46759,7.543125725106033,20.777866075498682,1,ETHUSDT,2024-03-05,50
1709599143550,-33979.8797,33979.8797,-6.632307630916046e-05,46871,-7.549743772163732,20.27827359752544,-1,ETHUSDT,2024-03-05,50
1709599146400,-180921.8538,180921.8538,0.0,46928,-40.197718503837656,23.52844184749598,-1,ETHUSDT,2024-03-05,50
1709599152900,30609.4654,30609.4654,0.0,47058,6.800895789307673,20.075256633367278,1,ETHUSDT,2024-03-05,50
1709599164950,82697.29649999998,82697.29649999998,0.00019607599526416664,47299,18.373914349839577,22.006880937445125,1,ETHUSDT,2024-03-05,50
1709599178650,32068.152100000003,32068.152100000003,-8.288586478499838e-06,47573,7.124990839852042,20.165734602327184,1,ETHUSDT,2024-03-05,50
1709599197850,-144720.0,144720.0,-2.76395416776154e-06,47957,-32.15429037282717,23.09451608768705,-1,ETHUSDT,2024-03-05,50
1709599203250,65475.9835,65475.9835,6.634305998787227e-05,48065,14.54763533654948,21.55305823373896,1,ETHUSDT,2024-03-05,50
1709599216400,217126.35020000004,217126.35020000004,-8.291186473563528e-05,48328,48.24173377503429,23.882973742872853,1,ETHUSDT,2024-03-05,50
1709599218400,61392.5387,61392.5387,-7.739403240591969e-05,48368,13.64036426260938,21.427904234590006,1,ETHUSDT,2024-03-05,50
1709599223950,61561.9433,61561.9433,7.460696639149944e-05,48479,13.678003045769223,21.433259768588535,1,ETHUSDT,2024-03-05,50
1709599232400,72428.1403,72428.1403,8.284409298653372e-05,48648,16.092284786968392,21.749183277250612,1,ETHUSDT,2024-03-05,50
1709599234800,51974.6828,51974.6828,0.00017946753411379746,48696,11.54787895789653,21.10424527129047,1,ETHUSDT,2024-03-05,50
1709599250400,-30278.8934,30278.8934,-0.00010767665539113125,49008,-6.727448386895247,20.054153325503567,-1,ETHUSDT,2024-03-05,50
1709599251750,36217.1,36217.1,0.0,49035,8.046815573947754,20.402197130460927,1,ETHUSDT,2024-03-05,50
1709599266300,27202.3465,27202.3465,0.0,49326,6.043892676777632,19.845912331537086,1,ETHUSDT,2024-03-05,50
1709599269050,418473.15129999985,418473.15129999985,0.0003505038874198618,49381,92.97752363275451,25.15820616631273,1,ETHUSDT,2024-03-05,50
1709599270050,86799.3969,86799.3969,0.00013243498289483568,49401,19.2853303766506,22.100973105972482,1,ETHUSDT,2024-03-05,50
1709599274050,85928.7029,85928.7029,0.00017102032976978876,49481,19.09187717251932,22.081378797453155,1,ETHUSDT,2024-03-05,50
1709599275700,52773.066699999996,52773.066699999996,0.00012681853663032427,49514,11.72526610376158,21.133872833795973,1,ETHUSDT,2024-03-05,50
1709599276750,154889.00879999998,154889.00879999998,5.51223854898808e-05,49535,34.413668909028345,23.226498614959972,1,ETHUSDT,2024-03-05,50
1709599279500,-142727.23710000003,142727.23710000003,-0.00023158614556706425,49590,-31.711532793150578,23.06756786285041,-1,ETHUSDT,2024-03-05,50
1709599281350,55130.09790000001,55130.09790000001,4.686985207946748e-05,49627,12.248957823099706,21.218794972469016,1,ETHUSDT,2024-03-05,50
1709599284350,31132.9209,31132.9209,9.645712970218767e-05,49687,6.917198581902016,20.108211641991158,1,ETHUSDT,2024-03-05,50
1709599287850,35205.217899999996,35205.217899999996,7.990466551177633e-05,49757,7.8219928067665325,20.34712376636693,1,ETHUSDT,2024-03-05,50
1709599291050,-252054.36000000004,255102.53520000004,0.0,49821,-56.002135718470946,24.19624787404784,-1,ETHUSDT,2024-03-05,50
1709599292300,42863.0959,42863.0959,5.7862636872130224e-05,49846,9.523441347753854,20.729640076401896,1,ETHUSDT,2024-03-05,50
1709599313000,162789.1573,162789.1573,0.0002231254373636915,50260,36.16894578062492,23.323184580869974,1,ETHUSDT,2024-03-05,50
1709599321700,156956.2311,156956.2311,9.917246099000465e-05,50434,34.872970084397224,23.252266594912143,1,ETHUSDT,2024-03-05,50
1709599324750,-33436.4445,33436.4445,-2.7544756804331882e-06,50495,-7.429001834493643,20.24694016639948,-1,ETHUSDT,2024-03-05,50
1709599332600,-74884.2106,74884.2106,0.0,50652,-16.63798128781331,21.81399666422943,-1,ETHUSDT,2024-03-05,50
1709599333750,65245.835400000025,65245.835400000025,-0.00011566965859977074,50675,14.49650039434278,21.546214677324915,1,ETHUSDT,2024-03-05,50
1709599334800,-35290.95189999999,35290.95189999999,-1.9279630382840196e-05,50696,-7.841041424309539,20.351850968728755,-1,ETHUSDT,2024-03-05,50
1709599338700,-30145.516999999996,30145.516999999996,0.0,50774,-6.6978144489842295,20.04557343716033,-1,ETHUSDT,2024-03-05,50
1709599350050,-30383.3637,30383.3637,-0.00011570502944202588,51001,-6.750659887458655,20.060847378144945,-1,ETHUSDT,2024-03-05,50
1709599355250,146247.0594,146247.0594,0.0,51105,32.49357665920193,23.114916636156927,1,ETHUSDT,2024-03-05,50
1709599360750,-40058.754,40058.754,-2.7534517954563853e-06,51215,-8.90036489835304,20.59813398017653,-1,ETHUSDT,2024-03-05,50
1709599364400,194125.3275,197322.39089999994,0.0003606009136678523,51288,43.131302854858845,23.697091156920404,1,ETHUSDT,2024-03-05,50
1709599367300,140181.7883,150652.43149999998,0.00017605052695479628,51346,31.145977929659935,23.172597376881917,1,ETHUSDT,2024-03-05,50
1709599368600,-32643.466400000005,32643.466400000005,-5.5017151611380655e-05,51372,-7.252815764242865,20.200292686824888,-1,ETHUSDT,2024-03-05,50
1709599371850,-35725.365600000005,35725.365600000005,0.0,51437,-7.937560663196594,20.375628528729244,-1,ETHUSDT,2024-03-05,50
1709599373150,116334.82789999996,116334.82789999996,9.354820077867032e-05,51463,25.84759422864479,22.67018432682848,1,ETHUSDT,2024-03-05,50
1709599380600,-65795.08600000001,65795.08600000001,-2.475891011499698e-05,51612,-14.618534413689442,21.562507196936767,-1,ETHUSDT,2024-03-05,50
1709599388750,65873.49170000001,65873.49170000001,0.00014303042996743898,51775,14.635954809244202,21.564821859473223,1,ETHUSDT,2024-03-05,50
1709599390700,57355.045300000005,57355.045300000005,0.0001044831521870293,51814,12.743302797974408,21.29569070576595,1,ETHUSDT,2024-03-05,50
1709599395200,-56966.37700000002,60604.087000000036,0.0,51904,-12.65694739874201,21.402782192566278,-1,ETHUSDT,2024-03-05,50
1709599397450,-74245.3761,74245.3761,-2.748993525258925e-06,51949,-16.496043269480115,21.797345288691922,-1,ETHUSDT,2024-03-05,50
1709599404850,-55253.9288,55253.9288,0.0,52097,-12.276470915386387,21.223155548325426,-1,ETHUSDT,2024-03-05,50
1709599411150,30960.446099999997,30960.446099999997,0.00010994508254213997,52223,6.8788776532038725,20.09741481097119,1,ETHUSDT,2024-03-05,50
1709599413150,-132521.77860000002,132521.77860000002,-0.00022536264242489779,52263,-29.44405576166331,22.923379087581466,-1,ETHUSDT,2024-03-05,50
1709599414950,-45794.1054,45794.1054,0.0,52299,-10.174661155303017,20.858192550074296,-1,ETHUSDT,2024-03-05,50
1709599419500,-130024.6988,130024.6988,-6.872049316619666e-05,52390,-28.889247656540853,22.886407785278248,-1,ETHUSDT,2024-03-05,50
1709599424200,-2479580.925499998,2485913.034099999,-0.0008988048151028494,52484,-550.9201567264405,28.621209888789657,-1,ETHUSDT,2024-03-05,50
1709599425500,-49517.144400000005,49517.144400000005,0.0,52510,-11.001856270528005,21.01010524478667,-1,ETHUSDT,2024-03-05,50
1709599440900,-777428.7555999999,777501.5065999998,-0.00015119547541964096,52818,-172.7312738512167,26.36218885474171,-1,ETHUSDT,2024-03-05,50
1709599444100,193400.2413,193400.2413,0.00018967794665769588,52882,42.970201194962975,23.65807031037298,1,ETHUSDT,2024-03-05,50
1709599452150,-121091.74009999998,121091.74009999998,-4.947093583496098e-05,53043,-26.904498154548918,22.74807384508025,-1,ETHUSDT,2024-03-05,50
1709599454900,-171675.3731,171675.3731,-0.00020350915861477858,53098,-38.14330981564982,23.426483349299687,-1,ETHUSDT,2024-03-05,50
1709599457100,-28255.9158,28255.9158,0.0,53142,-6.2779776214991365,19.919764316823642,-1,ETHUSDT,2024-03-05,50
1709599463700,-48842.4755,49206.158500000005,-0.00014574192979921463,53274,-10.851956465966673,20.997860706995397,-1,ETHUSDT,2024-03-05,50
1709599466600,64214.409,64214.409,2.7501653523387404e-06,53332,14.26733522046356,21.515245259881603,1,ETHUSDT,2024-03-05,50
1709599472100,-37326.1878,37326.1878,0.0,53442,-8.293235772746538,20.460820764575278,-1,ETHUSDT,2024-03-05,50
1709599478700,-27386.0829,27386.0829,-2.749567974191791e-06,53574,-6.0847157389505035,19.8589953835523,-1,ETHUSDT,2024-03-05,50
1709599489600,86429.9277,86429.9277,0.00027204640894851195,53792,19.203240686624227,22.09268259672198,1,ETHUSDT,2024-03-05,50
1709599493900,-103994.15990000001,103994.15990000001,-5.494535685102164e-06,53878,-23.105710437415837,22.452239492043386,-1,ETHUSDT,2024-03-05,50
1709599498100,40070.8955,40070.8955,1.6485690421674803e-05,53962,8.903062530446473,20.59872295536588,1,ETHUSDT,2024-03-05,50
1709599501450,-51541.691,51541.691,-2.7472867110134302e-06,54029,-11.451675640689142,21.087986283712237,-1,ETHUSDT,2024-03-05,50
1709599503000,-107983.74940000002,109439.48540000002,-5.220590559851246e-05,54060,-23.992128480888628,22.551432231232422,-1,ETHUSDT,2024-03-05,50
1709599511450,-46795.422000000006,47886.996,-0.00014290307623276988,54229,-10.39713645043522,20.94504583890024,-1,ETHUSDT,2024-03-05,50
1709599513550,-374226.74160000007,374226.74160000007,-0.00016491218463521307,54271,-83.14673379410837,24.94101182279221,-1,ETHUSDT,2024-03-05,50
1709599516250,-55944.39510000001,55944.39510000001,-4.673674429866992e-05,54325,-12.42988063002743,21.247291851447294,-1,ETHUSDT,2024-03-05,50
1709599520750,-2152558.711399999,2152558.711399999,-0.0011970858584184896,54415,-478.2614555756927,28.34137033557892,-1,ETHUSDT,2024-03-05,50
1709599521900,-411097.3672,411097.3672,1.1017401986279651e-05,54438,-91.33875149567133,25.12364455202807,-1,ETHUSDT,2024-03-05,50
1709599524350,68485.871,69066.94299999998,0.0002010279972690654,54487,15.216380476575342,21.65682901115557,1,ETHUSDT,2024-03-05,50
1709599525800,-89202.72179999998,89202.72179999998,-0.00010187715551346344,54516,-19.819307758455775,22.15405487469534,-1,ETHUSDT,2024-03-05,50
1709599527300,-41568.0557,41568.0557,-7.437473576210607e-05,54546,-9.235705729765433,20.670014437530526,-1,ETHUSDT,2024-03-05,50
1709599530600,-99109.92,99109.92,0.0,54612,-22.020516490517352,22.358744890242548,-1,ETHUSDT,2024-03-05,50
1709599533700,36294.2,36294.2,-3.581775376204632e-05,54674,8.06394586546064,20.406330132385833,1,ETHUSDT,2024-03-05,50
1709599534900,58619.546,59272.892,0.00010193974818584195,54698,13.024253065279847,21.359615852297637,1,ETHUSDT,2024-03-05,50
1709599544800,-52595.597,52595.597,-0.0001238906625200542,54896,-11.685835394349072,21.127325964871847,-1,ETHUSDT,2024-03-05,50
1709599546950,54592.20940000001,54592.20940000001,9.085415299203703e-05,54939,12.129448266596084,21.1997394164263,1,ETHUSDT,2024-03-05,50
1709599549000,235886.2669999999,235886.2669999999,0.00010461143742901413,54980,52.409864041461006,24.044036774467443,1,ETHUSDT,2024-03-05,50
1709599571550,-51760.92219999999,51760.92219999999,-0.0001375595291026599,55431,-11.500385035821697,21.096235487504863,-1,ETHUSDT,2024-03-05,50
1709599583100,-28506.161599999992,28506.161599999992,-2.7502788100264297e-06,55662,-6.333577926348364,19.936900920899078,-1,ETHUSDT,2024-03-05,50
1709599584400,-41634.7322,41634.7322,-6.875564658592737e-05,55688,-9.250520099182541,20.673129403492947,-1,ETHUSDT,2024-03-05,50
1709599589950,-276110.4112,276110.4112,-2.7496208954147505e-06,55799,-61.34697579246483,24.350051705351557,-1,ETHUSDT,2024-03-05,50
1709599597500,31422.748300000003,31422.748300000003,5.499188869606542e-06,55950,6.981593236252498,20.126220688705853,1,ETHUSDT,2024-03-05,50
1709599598600,96431.11680000003,96431.11680000003,0.00010722548567621004,55972,21.425332577136633,22.305490629595305,1,ETHUSDT,2024-03-05,50
1709599602000,-61623.4406,61623.4406,-4.123501623176651e-05,56040,-13.691666686187583,21.435200290666476,-1,ETHUSDT,2024-03-05,50
1709599608200,-56761.19860000001,56761.19860000001,-9.619573365604595e-05,56164,-12.611360293629847,21.275462753347654,-1,ETHUSDT,2024-03-05,50
1709599612950,48080.899600000004,48735.592000000004,5.773870488212651e-05,56259,10.682747423473948,20.979185030030305,1,ETHUSDT,2024-03-05,50
1709599619000,373794.9042999999,373794.9042999999,2.7493789840349336e-06,56380,83.0507869869081,24.938767767212344,1,ETHUSDT,2024-03-05,50
1709599622550,78341.68860000002,78341.68860000002,0.0,56451,17.40617332464072,21.901721797481137,1,ETHUSDT,2024-03-05,50
1709599624800,41952.020300000004,41952.020300000004,0.00012918209884027476,56496,9.321016047905887,20.687884320185706,1,ETHUSDT,2024-03-05,50
1709599632200,-538336.3822999999,538336.3822999999,-0.00015668875460406184,56644,-119.60906823335749,25.64773218255105,-1,ETHUSDT,2024-03-05,50
1709599640200,190193.9405,190848.3341,0.000192553674930096,56804,42.257816404016125,23.63225451728488,1,ETHUSDT,2024-03-05,50
1709599644400,57017.812200000015,57017.812200000015,-3.8499509136258325e-05,56888,12.668375413917413,21.284229518119393,1,ETHUSDT,2024-03-05,50
1709599647200,68935.1362,149838.50459999996,8.247093930435767e-06,56944,15.316199462860624,23.16206852702575,1,ETHUSDT,2024-03-05,50
1709599655050,64902.4552,64902.4552,2.748744167391237e-06,57101,14.420207230584623,21.535959106210328,1,ETHUSDT,2024-03-05,50
1709599658550,-741290.2387,741290.2387,-0.0005029635100193275,57171,-164.70191808804702,26.269493925223472,-1,ETHUSDT,2024-03-05,50
1709599661150,-106144.2926,106144.2926,0.0,57223,-23.583432875060325,22.492013512526363,-1,ETHUSDT,2024-03-05,50
1709599675650,-526470.1085000002,526470.1085000002,-0.00046190520217237463,57513,-116.97258665922355,25.604412070195917,-1,ETHUSDT,2024-03-05,50
1709599678000,117393.56459999998,117393.56459999998,0.00017598856119782624,57560,26.082827280608374,22.687792102048277,1,ETHUSDT,2024-03-05,50
1709599683050,-27466.2205,27466.2205,2.7488348379733907e-06,57661,-6.10252093284341,19.864674158688917,-1,ETHUSDT,2024-03-05,50
1709599690150,-42192.564000000006,42192.564000000006,-2.749295838100352e-06,57803,-9.37446071330911,20.698996196890644,-1,ETHUSDT,2024-03-05,50
1709599691900,-41424.230800000005,41424.230800000005,-0.00018148121719185895,57838,-9.203750315189406,20.663278236251408,-1,ETHUSDT,2024-03-05,50
1709599694900,-1178121.3170999992,1178121.3170999992,-0.0006768971952588743,57898,-261.7582568024528,27.169915052503725,-1,ETHUSDT,2024-03-05,50
1709599697200,394576.82120000006,394576.82120000006,0.00013763791340615228,57944,87.66817083507401,25.043927086394163,1,ETHUSDT,2024-03-05,50
1709599702300,-56593.726800000004,56593.726800000004,-3.578777847756953e-05,58046,-12.574150945326501,21.26971996670097,-1,ETHUSDT,2024-03-05,50
1709599704600,-133629.41709999996,133629.41709999996,0.0,58092,-29.690153950974537,22.93955607324626,-1,ETHUSDT,2024-03-05,50
1709599706950,-844598.1216999997,844598.1216999997,-0.0006419148567484712,58139,-187.65514962331542,26.523067781531793,-1,ETHUSDT,2024-03-05,50
1709599708450,209345.06580000007,209997.9240000001,2.481427206824094e-05,58169,46.51286645834586,23.81809440149237,1,ETHUSDT,2024-03-05,50
1709599710250,108886.48120000002,108886.48120000002,0.00018191289729863058,58205,24.192699932146127,22.54158648304452,1,ETHUSDT,2024-03-05,50
1709599712500,-200338.79659999997,200338.79659999997,-0.00016806468050134526,58250,-44.51182862644527,23.726576855983435,-1,ETHUSDT,2024-03-05,50
1709599718900,-159296.51330000002,159296.51330000002,-1.1021014318046696e-05,58378,-35.39294046453238,23.28103182439933,-1,ETHUSDT,2024-03-05,50
1709599726050,-43514.551900000006,43514.551900000006,-6.888655902059782e-05,58521,-9.668183645909746,20.758956475767185,-1,ETHUSDT,2024-03-05,50
1709599728750,-667072.3918000001,667072.3918000001,-0.0003638378315713453,58575,-148.2119913324595,26.064460586652807,-1,ETHUSDT,2024-03-05,50
1709599729900,-239650.26710000003,239650.26710000003,-0.00013238603787968373,58598,-53.24616000731751,24.07480494806126,-1,ETHUSDT,2024-03-05,50
1709599733950,-128837.04490000001,128837.04490000001,0.0,58679,-28.62537142407112,22.868573715791495,-1,ETHUSDT,2024-03-05,50
1709599740200,823199.8910000005,823199.8910000005,0.00043275903852979525,58804,182.9008314683091,26.47319237364754,1,ETHUSDT,2024-03-05,50
1709599741450,-118891.1358,125493.8956,-6.063947080114929e-05,58829,-26.41556179704552,22.817475361840586,-1,ETHUSDT,2024-03-05,50
1709599746500,-36591.0844,36591.0844,-4.41202829275511e-05,58930,-8.129908463614058,20.42216326121786,-1,ETHUSDT,2024-03-05,50
1709599749100,-127848.36989999999,127848.36989999999,-4.689907457944287e-05,58982,-28.405704874635273,22.85360171436401,-1,ETHUSDT,2024-03-05,50
1709599754350,78771.59400000003,78771.59400000003,0.00015723205414808206,59087,17.501690896948944,21.912357943450502,1,ETHUSDT,2024-03-05,50
1709599764700,-29652.043499999996,29652.043499999996,-4.413902690636462e-05,59294,-6.5881731401789825,20.01349564733308,-1,ETHUSDT,2024-03-05,50
1709599771000,30763.7934,31416.0558,5.243411585453828e-05,59420,6.835184811727916,20.125806712496413,1,ETHUSDT,2024-03-05,50
1709599776600,84780.0891,84780.0891,0.0,59532,18.836674977581257,22.05522418181511,1,ETHUSDT,2024-03-05,50
1709599779700,-48719.86459999999,48719.86459999999,-2.7586244950583705e-06,59594,-10.824714436658534,20.978557736802802,-1,ETHUSDT,2024-03-05,50
1709599784250,47602.815,47602.815,-9.377577116786995e-05,59685,10.576525263087154,20.93347782168831,1,ETHUSDT,2024-03-05,50
1709599785400,-39951.01589999999,39951.01589999999,-6.620287874703479e-05,59708,-8.876427348936117,20.592899851042237,-1,ETHUSDT,2024-03-05,50
1709599794100,804962.9210000006,804962.9210000006,0.00038880731778512256,59882,178.84889097010196,26.429651091024528,1,ETHUSDT,2024-03-05,50
1709599800100,-33995.651999999995,33995.651999999995,-4.4100339303909664e-05,60002,-7.553248105455933,20.279175497514093,-1,ETHUSDT,2024-03-05,50
1709599802650,-53644.217399999994,53644.217399999994,0.0,60053,-11.918820778763596,21.16569365575803,-1,ETHUSDT,2024-03-05,50
1709599808250,64722.744,64722.744,1.1025601446945643e-05,60165,14.38027849849473,21.530570108233483,1,ETHUSDT,2024-03-05,50
1709599811750,-107116.26000000001,114378.4,-2.7540129412528813e-06,60235,-23.799387283659843,22.637221326633725,-1,ETHUSDT,2024-03-05,50
1709599813550,-103418.64710000015,106760.73129999984,0.0001183723527624636,60271,-22.977841409745338,22.503268107124562,-1,ETHUSDT,2024-03-05,50
1709599814600,-231304.1804999999,234066.48889999994,3.301692117396726e-05,60292,-51.39180337372737,24.028984806285916,-1,ETHUSDT,2024-03-05,50
1709599815700,-118827.6068,118827.6068,-2.2007950372326945e-05,60314,-26.401446747894777,22.711390010214114,-1,ETHUSDT,2024-03-05,50
1709599817300,-32566.318500000005,32566.318500000005,-8.529359574005468e-05,60346,-7.235674830175328,20.19569407279686,-1,ETHUSDT,2024-03-05,50
1709599818450,-39752.5211,39752.5211,-0.00010457487570647572,60369,-8.832325224580838,20.583219518527745,-1,ETHUSDT,2024-03-05,50
1709599822350,72672.15749999999,72672.15749999999,8.807105137798033e-05,60447,16.146501204220765,21.75572022923073,1,ETHUSDT,2024-03-05,50
1709599823950,158574.57679999998,158574.57679999998,0.00012383679427152572,60479,35.23253861370496,23.272203572465326,1,ETHUSDT,2024-03-05,50
1709599825350,129131.54230000002,129131.54230000002,2.7514971581155123e-06,60507,28.69080367195422,22.87301123450001,1,ETHUSDT,2024-03-05,50
1709599828650,30882.3218,30882.3218,2.4771448979166166e-05,60573,6.861519779880394,20.092504464443493,1,ETHUSDT,2024-03-05,50
1709599831400,-64173.00030000001,64173.00030000001,-0.0002504151814211042,60628,-14.258134920824526,21.513991567039422,-1,ETHUSDT,2024-03-05,50
1709599838200,96998.0748,96998.0748,-2.4754824096362427e-05,60764,21.551300875652363,22.316884056223497,1,ETHUSDT,2024-03-05,50
1709599848700,-49615.50379999999,49615.50379999999,-4.9521975387989414e-05,60974,-11.023710034406506,21.01396197517055,-1,ETHUSDT,2024-03-05,50
1709599851350,109070.0748,109070.0748,0.00012102608126873804,61027,24.233491266619538,22.544860737703857,1,ETHUSDT,2024-03-05,50
1709599854450,128761.54559999998,128761.54559999998,0.00017600792081040595,61089,28.60859678051704,22.867434450624792,1,ETHUSDT,2024-03-05,50
1709599860600,-169275.86209999994,169275.86209999994,-0.0003244851576518215,61212,-37.61017981670845,23.399126641270897,-1,ETHUSDT,2024-03-05,50
1709599870350,-36368.200000000004,36368.200000000004,-2.7496511378899413e-06,61407,-8.080387390388704,20.410288707714734,-1,ETHUSDT,2024-03-05,50
1709599874050,-1004938.1253999994,1004938.1253999994,-0.0005609219063344995,61481,-223.27993567465577,26.860898273927656,-1,ETHUSDT,2024-03-05,50
1709599875050,127916.56590000002,131478.9549,0.00012103773366156645,61501,28.420856850770335,22.90802466589983,1,ETHUSDT,2024-03-05,50
1709599882450,53147.793600000005,53147.793600000005,2.750823528074875e-06,61649,11.808523964134091,21.147624512536424,1,ETHUSDT,2024-03-05,50
1709599893200,30244.560100000002,30898.8997,2.4758024697035808e-05,61864,6.719820119222104,20.09354747261791,1,ETHUSDT,2024-03-05,50
1709599912650,38984.352,38984.352,0.0,62253,8.661651286653576,20.545295866487084,1,ETHUSDT,2024-03-05,50
1709599922200,-30376.7252,30376.7252,-1.1008487543762158e-05,62444,-6.749184927144669,20.060422694045197,-1,ETHUSDT,2024-03-05,50
1709599945150,-96919.04400000001,96919.04400000001,-8.257990637972057e-06,62903,-21.533741593648514,22.315299876286204,-1,ETHUSDT,2024-03-05,50
1709599949300,87460.2927,87460.2927,0.00013760836680631883,62986,19.43217003571211,22.1157152920735,1,ETHUSDT,2024-03-05,50
1709599950500,-83842.59769999998,83842.59769999998,-8.805360268659967e-05,63010,-18.628380542136064,22.0336129587131,-1,ETHUSDT,2024-03-05,50
1709599953950,32698.170000000006,32698.170000000006,-5.504743714190852e-05,63079,7.264969961581443,20.20354686588005,1,ETHUSDT,2024-03-05,50
1709599956050,173059.6745,173059.6745,0.00011284429563573894,63121,38.45087773424512,23.442092302200237,1,ETHUSDT,2024-03-05,50
1709599963300,-54598.5655,54598.5655,-2.7528567771994972e-05,63266,-12.130860482496017,21.199965685685346,-1,ETHUSDT,2024-03-05,50
1709599975500,-94454.263,94454.263,-4.4042798595711474e-05,63510,-20.98610972535507,22.265233611992848,-1,ETHUSDT,2024-03-05,50
1709599986350,-45780.336,45780.336,5.504561906732874e-06,63727,-10.171601831879444,20.857608083078357,-1,ETHUSDT,2024-03-05,50
1709600006500,39613.52460000001,39613.52460000001,2.751807594236766e-06,64130,8.801442597288093,20.576412023110805,1,ETHUSDT,2024-03-05,50
1709600027950,31042.899999999994,31042.899999999994,0.00016507552242650547,64559,6.897197489045304,20.10258386483732,1,ETHUSDT,2024-03-05,50
1709600040100,-132040.57110000003,132040.57110000003,-0.000101723666373843,64802,-29.337139746706278,22.916308910686126,-1,ETHUSDT,2024-03-05,50
1709600048050,-60018.420900000005,60018.420900000005,-0.00013471734808589986,64961,-13.33505896446351,21.38390894310472,-1,ETHUSDT,2024-03-05,50
1709600049400,-30222.9616,30222.9616,-0.0001429867739659585,64988,-6.715021304679417,20.050559933402187,-1,ETHUSDT,2024-03-05,50
1709600050950,38991.708399999996,38991.708399999996,9.348878141324235e-05,65019,8.663285751977641,20.545662575550732,1,ETHUSDT,2024-03-05,50
1709600056450,127312.20689999999,127312.20689999999,8.797250864844841e-05,65129,28.286578694500072,22.84543383648029,1,ETHUSDT,2024-03-05,50
1709600077450,-68768.9,68768.9,-0.00013474290935810984,65549,-15.279264643587025,21.648423969494637,-1,ETHUSDT,2024-03-05,50
1709600078550,-33744.9459,33744.9459,-8.525489155175592e-05,65571,-7.497545529877996,20.26478970567429,-1,ETHUSDT,2024-03-05,50
1709600084000,-218092.06230000002,218092.06230000002,-5.502033001647533e-06,65680,-48.45629836375701,23.891598916874855,-1,ETHUSDT,2024-03-05,50
1709600092100,-241670.24849999996,241670.24849999996,-0.00045139520415915513,65842,-53.69496506870024,24.09111827266928,-1,ETHUSDT,2024-03-05,50
1709600098700,27720.9148,27720.9148,0.000140383522508003,65974,6.159109617741861,19.882613126677963,1,ETHUSDT,2024-03-05,50
1709600100000,-38979.21699999999,38979.21699999999,-0.0002339776906072899,66000,-8.660510378133228,20.545039850944764,-1,ETHUSDT,2024-03-05,50
1709600103750,172027.072,172027.072,-0.00011562857910796254,66075,38.22145125121093,23.43046089106335,1,ETHUSDT,2024-03-05,50
1709600113750,289731.60030000005,290385.3153,0.00022030071136214247,66275,64.37336930783653,24.44802229223802,1,ETHUSDT,2024-03-05,50
1709600119100,35423.6081,35423.6081,4.128563467098445e-05,66382,7.870515346190109,20.359142784227185,1,ETHUSDT,2024-03-05,50
1709600125550,27286.7252,27286.7252,7.981450013438973e-05,66511,6.062640170013409,19.851931500900495,1,ETHUSDT,2024-03-05,50
1709600139100,-27395.4451,27468.1101,-3.5779997059393054e-05,66782,-6.086795858473226,19.86480786101661,-1,ETHUSDT,2024-03-05,50
1709600148400,-40823.8502,40823.8502,-6.057252046787198e-05,66968,-9.070356090848525,20.634903831114165,-1,ETHUSDT,2024-03-05,50
1709600153300,-351445.6692999999,374529.2892999999,-0.00017907199430666765,67066,-78.08517206291313,24.942582478950825,-1,ETHUSDT,2024-03-05,50
1709600159500,82516.43269999998,82516.43269999998,0.00012395072286075504,67190,18.33372952988979,22.002625647385482,1,ETHUSDT,2024-03-05,50
1709600160700,97655.7118,97655.7118,3.029681236554893e-05,67214,21.697416485505286,22.330016613659094,1,ETHUSDT,2024-03-05,50
1709600181350,31801.862200000007,31801.862200000007,-8.263586368073561e-06,67627,7.065825812433918,20.14952862100615,1,ETHUSDT,2024-03-05,50
1709600194850,-64097.384000000005,71067.0032,-0.00017631679766161312,67897,-14.241334281886447,21.712310964665846,-1,ETHUSDT,2024-03-05,50
1709600202350,113795.33060000002,113795.33060000002,8.818463664006515e-05,68047,25.28336168590565,22.62728832559127,1,ETHUSDT,2024-03-05,50
1709600207100,-41624.73530000001,41624.73530000001,-7.715900545868237e-05,68142,-9.248298960256147,20.67266269035711,-1,ETHUSDT,2024-03-05,50
1709600222000,-53449.207800000004,53449.207800000004,-3.307097030535999e-05,68440,-11.875493005795875,21.158615594977043,-1,ETHUSDT,2024-03-05,50
1709600224450,-60275.78399999997,92259.0444,-0.00021783398654662278,68489,-13.392240610736657,22.219530413243973,-1,ETHUSDT,2024-03-05,50
1709600226050,-67204.604,67204.604,5.2389152148890616e-05,68521,-14.93170502630502,21.603703520663856,-1,ETHUSDT,2024-03-05,50
1709600227700,-106681.19060000002,106681.19060000002,-0.0003116179754343307,68554,-23.702722359530963,22.501819554183378,-1,ETHUSDT,2024-03-05,50
1709600242500,68802.6958,68802.6958,8.275827823922555e-06,68850,15.286773488021673,21.6493788661827,1,ETHUSDT,2024-03-05,50
1709600265950,-29097.279000000002,29097.279000000002,-5.512542411878485e-06,69319,-6.464914027260685,19.976790019321925,-1,ETHUSDT,2024-03-05,50
1709600267200,-33264.206399999995,33264.206399999995,-0.00010475187598224522,69344,-7.390733496456991,20.236902891170985,-1,ETHUSDT,2024-03-05,50
1709600272400,27644.5795,27644.5795,4.961575356254855e-05,69448,6.142149229392657,19.877253931698167,1,ETHUSDT,2024-03-05,50
1709600287400,-38153.626699999986,38153.626699999986,-9.374190104338709e-05,69748,-8.477078438973544,20.50343353156999,-1,ETHUSDT,2024-03-05,50
1709600291300,59821.90500000001,59821.90500000001,-2.7581831840706172e-06,69826,13.291396517590394,21.377534876600667,1,ETHUSDT,2024-03-05,50
1709600294450,-215334.0022,215334.0022,-0.0001047998324157362,69889,-47.84350493284829,23.86686338263783,-1,ETHUSDT,2024-03-05,50
1709600315350,-77361.5546,77361.5546,-2.758472302133441e-06,70307,-17.18840443823745,21.87725277107763,-1,ETHUSDT,2024-03-05,50
1709600321750,-202138.51989999996,202138.51989999996,-6.621767407288814e-05,70435,-44.91169613320966,23.743958618132364,-1,ETHUSDT,2024-03-05,50
1709600352700,181607.6598,181607.6598,0.0,71054,40.35009278011893,23.535795189573857,1,ETHUSDT,2024-03-05,50
1709600353700,-128103.61260000002,128103.61260000002,0.0,71074,-28.462415404564414,22.857478040579544,-1,ETHUSDT,2024-03-05,50
1709600356600,30195.422600000005,30195.422600000005,0.0,71132,6.708902613395717,20.048788220086287,1,ETHUSDT,2024-03-05,50
1709600360600,-47232.42360000001,47232.42360000001,-4.4140122826163974e-05,71212,-10.49423067611094,20.918296382712906,-1,ETHUSDT,2024-03-05,50
1709600374100,-68218.4261,68218.4261,-0.00026497816845427735,71482,-15.156958828058677,21.632803967812087,-1,ETHUSDT,2024-03-05,50
1709600383600,-90984.64000000001,90984.64000000001,-2.7609017649865564e-06,71672,-20.215219278794542,22.19249647953793,-1,ETHUSDT,2024-03-05,50
1709600384700,-100581.563,100581.563,-8.006946720939823e-05,71694,-22.347490207675577,22.3873916281796,-1,ETHUSDT,2024-03-05,50
1709596801250,-18691.807399999998,18691.807399999998,4.4940790516534435e-05,25,-7.104311742022282,18.03966093420922,-1,SOLUSDT,2024-03-05,50
1709596803200,-17287.350899999998,17287.350899999998,-0.00010486812842458448,64,-6.570511206280108,17.896409696978196,-1,SOLUSDT,2024-03-05,50
1709596807250,75444.39739999997,75497.83019999998,0.0005466301883458868,145,28.674622354530314,20.59997479414492,1,SOLUSDT,2024-03-05,50
1709596809500,-140689.831,141090.244,-0.00031462559813633106,190,-53.472860968834425,21.746796117260075,-1,SOLUSDT,2024-03-05,50
1709596814700,-51821.48539999999,51821.48539999999,-0.00023984230483531377,294,-19.696114952278837,19.90982923826089,-1,SOLUSDT,2024-03-05,50
1709596815900,-20342.9579,20556.389900000002,-4.497818558757416e-05,318,-7.731874803954751,18.21404680596037,-1,SOLUSDT,2024-03-05,50
1709596821950,-20016.621600000002,20096.5836,-7.503592344804133e-06,439,-7.6078421324037855,18.17255863626157,-1,SOLUSDT,2024-03-05,50
1709596823600,50521.0733,51533.9177,0.0003601089368441279,472,19.201859220139323,19.899623506309204,1,SOLUSDT,2024-03-05,50
1709596824750,58318.121,59331.846999999994,-9.74545618879219e-05,495,22.16533173742076,20.15804951823509,1,SOLUSDT,2024-03-05,50
1709596830300,-112748.3703000004,112748.3703000004,-0.0005402363665441001,606,-42.85297584524486,21.335526653403317,-1,SOLUSDT,2024-03-05,50
1709596831450,-24743.366499999996,24903.2653,-0.000315182808636294,629,-9.40436552770765,18.565854434216742,-1,SOLUSDT,2024-03-05,50
1709596833700,50729.674399999996,50729.674399999996,0.000300291284800025,674,19.281143540398727,19.870775793230404,1,SOLUSDT,2024-03-05,50
1709596841550,-56850.8751,56850.8751,-0.00012012372758452017,831,-21.60766644306276,20.07970955438915,-1,SOLUSDT,2024-03-05,50
1709596846850,23219.677899999995,23219.677899999995,0.0002477393794420024,937,8.825247704560944,18.43747743365192,1,SOLUSDT,2024-03-05,50
1709596853950,475611.8522999999,475611.8522999999,0.0003753105739017215,1079,180.76876112792905,23.975546101348613,1,SOLUSDT,2024-03-05,50
1709596867300,-117548.89849999998,117548.89849999998,-0.0003600684168887369,1346,-44.67754251926089,21.411998909116054,-1,SOLUSDT,2024-03-05,50
1709596868400,35705.904599999994,35705.904599999994,6.0065020402788605e-05,1368,13.57096571139008,19.226676906734312,1,SOLUSDT,2024-03-05,50
1709596878300,20185.050299999995,20185.050299999995,0.0,1566,7.671857878206062,18.180614208698636,1,SOLUSDT,2024-03-05,50
1709596883450,-37015.5137,37015.5137,-0.00012776047183571393,1669,-14.068717004643258,19.29273999538424,-1,SOLUSDT,2024-03-05,50
1709596890300,-401286.3900999999,402376.6025,-0.0002782572092208113,1806,-152.5194194490343,23.668866307001796,-1,SOLUSDT,2024-03-05,50
1709596892650,-25621.5095,25621.5095,0.0,1853,-9.738126811064053,18.618000833701785,-1,SOLUSDT,2024-03-05,50
1709596894650,-52691.18220000001,52983.49620000001,-0.00026339059095370487,1893,-20.026666035757223,19.950499996487974,-1,SOLUSDT,2024-03-05,50
1709596898150,165995.86620000005,165995.86620000005,0.0006246448946471972,1963,63.091083496388904,22.044945455156622,1,SOLUSDT,2024-03-05,50
1709596899200,52264.70020000001,52264.70020000001,0.0002857980931141313,1984,19.86457036381267,19.925448480579934,1,SOLUSDT,2024-03-05,50
1709596903200,-147974.2239,147974.2239,-0.0003460936594068542,2064,-56.241485580971926,21.83416736153968,-1,SOLUSDT,2024-03-05,50
1709596905400,20810.764600000002,20810.764600000002,0.00010536138966443787,2108,7.909677012199562,18.236602036218887,1,SOLUSDT,2024-03-05,50
1709596908250,132954.00699999998,132954.00699999998,9.029005686933544e-05,2165,50.532658124811014,21.63785999805069,1,SOLUSDT,2024-03-05,50
1709596919050,38272.25409999999,38272.25409999999,0.00020323443915160055,2381,14.546374161563978,19.35397425633517,1,SOLUSDT,2024-03-05,50
1709596923600,15983.821799999998,15983.821799999998,0.0003985996420254878,2472,6.075070776522752,17.752631387714473,1,SOLUSDT,2024-03-05,50
1709596929350,181376.45379999996,181376.45379999996,0.000593947020847807,2587,68.93687929064055,22.20746432069876,1,SOLUSDT,2024-03-05,50
1709596934300,159397.37750000044,159397.37750000044,0.0008106221968908756,2686,60.583154768693554,21.97055155311451,1,SOLUSDT,2024-03-05,50
1709596938000,17159.198599999996,17159.198599999996,0.00021768585015369268,2760,6.521803562863176,17.882763803071537,1,SOLUSDT,2024-03-05,50
1709596948150,-105401.30059999997,105401.30059999997,-7.504887557630013e-06,2963,-40.060529271075204,21.211942035432113,-1,SOLUSDT,2024-03-05,50
1709596951200,19855.686099999995,19855.686099999995,-8.260087636724478e-05,3024,7.546674373829605,18.150442009909074,1,SOLUSDT,2024-03-05,50
1709596956350,74007.21299999999,75151.916,0.00010517221960704148,3127,28.128382721846577,20.591552323504047,1,SOLUSDT,2024-03-05,50
1709596961100,-24019.3165,24019.3165,-0.0001202302410563405,3222,-9.129171331302052,18.499573018821895,-1,SOLUSDT,2024-03-05,50
1709596963700,-18751.5584,18751.5584,-8.271143114235713e-05,3274,-7.127021677012174,18.045514115708563,-1,SOLUSDT,2024-03-05,50
1709596969600,20405.606200000002,20405.606200000002,0.00024073544795299995,3392,7.755685933814121,18.20054479166797,1,SOLUSDT,2024-03-05,50
1709596979700,-18118.15089999993,18118.15089999993,-0.00027101495265036135,3594,-6.886278540543977,17.98249429272132,-1,SOLUSDT,2024-03-05,50
1709596984400,-32074.511700000003,32074.511700000003,-0.00037613216222975865,3688,-12.190759577906901,19.029971300560113,-1,SOLUSDT,2024-03-05,50
1709596987000,-80890.71140000006,88354.5308,-0.0003162602999200459,3740,-30.74463686264797,20.888384384742217,-1,SOLUSDT,2024-03-05,50
1709596988550,19730.810799999996,19730.810799999996,7.53139650910839e-06,3771,7.499212240227771,18.138871473472847,1,SOLUSDT,2024-03-05,50
1709596992000,410453.84359999973,420133.52779999975,0.0016555796804027523,3840,156.00375064027546,23.748068546602077,1,SOLUSDT,2024-03-05,50
1709596997250,-57039.27350000001,57039.27350000001,-0.0004208596119568142,3945,-21.67927219721248,20.08577731365677,-1,SOLUSDT,2024-03-05,50
1709597010150,62507.29340000002,62507.29340000002,0.0001353933177945521,4203,23.75753660203304,20.253670613069044,1,SOLUSDT,2024-03-05,50
1709597013150,24029.2026,24029.2026,0.00027072758202528746,4263,9.132928802947776,18.50032771377112,1,SOLUSDT,2024-03-05,50
1709597017300,31422.547700000003,31422.547700000003,7.519814715273299e-05,4346,11.942963556823578,18.992308196784336,1,SOLUSDT,2024-03-05,50
1709597028700,-21847.526900000004,21847.526900000004,9.769991853580962e-05,4574,-8.30372572155958,18.325765190365896,-1,SOLUSDT,2024-03-05,50
1709597060700,-21649.400000000005,21649.400000000005,-0.00027089055434892373,5214,-8.228422395778443,18.30905765356127,-1,SOLUSDT,2024-03-05,50
1709597074050,-398248.59790000005,400056.69070000004,-0.0005040114148675556,5481,-151.36482683343297,23.658261392192617,-1,SOLUSDT,2024-03-05,50
1709597080800,-22227.4389,23317.005699999998,-0.00017311651160767383,5616,-8.448121243339628,18.44514871599401,-1,SOLUSDT,2024-03-05,50
1709597084550,-21659.1367,21659.1367,-0.00032379396444870423,5691,-8.232123084034974,18.30988229043973,-1,SOLUSDT,2024-03-05,50
1709597085800,-27529.734900000003,27529.734900000003,-0.0001355391070045897,5716,-10.46339793255256,18.74974491075686,-1,SOLUSDT,2024-03-05,50
1709597092650,21277.0027,21277.0027,0.00015058880250151674,5853,8.0868830328655,18.27723640539201,1,SOLUSDT,2024-03-05,50
1709597095050,-18595.354199999998,18595.354199999998,-0.00015057519753813864,5901,-7.067652173118548,18.030172828548615,-1,SOLUSDT,2024-03-05,50
1709597097150,-57470.65200000001,57470.65200000001,1.5045965423787777e-05,5943,-21.84322891243125,20.099595605318893,-1,SOLUSDT,2024-03-05,50
1709597101600,50558.648699999925,50558.648699999925,0.000218009871448821,6032,19.216140736619675,19.86458226167038,1,SOLUSDT,2024-03-05,50
1709597105300,-70450.393,70450.393,-7.518514345061789e-05,6106,-26.776519975269185,20.473068280991132,-1,SOLUSDT,2024-03-05,50
1709597107200,-74506.4066,74772.4086,-9.02289560373859e-05,6144,-28.31811434480469,20.582267197457508,-1,SOLUSDT,2024-03-05,50
1709597110450,38130.736999999994,38130.736999999994,0.00012778351985875958,6209,14.49258687531006,19.34718015203719,1,SOLUSDT,2024-03-05,50
1709597157400,-16626.4487,16626.4487,7.518090404445843e-06,7148,-6.319317987812196,17.82492145137717,-1,SOLUSDT,2024-03-05,50
1709597160150,-201494.3549000001,201494.3549000001,-0.00027071333127715036,7203,-76.58321535387078,22.400382356734102,-1,SOLUSDT,2024-03-05,50
1709597168850,21722.1195,21722.1195,2.2580924389004053e-05,7377,8.256061349394237,18.31520759739047,1,SOLUSDT,2024-03-05,50
1709597172050,-64923.990800000014,64923.990800000014,-0.000474081663799808,7441,-24.676065845798664,20.323242854225892,-1,SOLUSDT,2024-03-05,50
1709597190300,-26606.361300000004,26606.361300000004,-0.00018791129139117402,7806,-10.112445573137954,18.68717563701309,-1,SOLUSDT,2024-03-05,50
1709597192200,163346.39130000002,164704.0113,0.0009544818151825396,7844,62.08408105732764,22.03061619368631,1,SOLUSDT,2024-03-05,50
1709597195850,111341.5888,111341.5888,0.000503242922969882,7917,42.31829163226113,21.312498951314794,1,SOLUSDT,2024-03-05,50
1709597208450,-22177.221500000003,22177.221500000003,-0.0005777809620584051,8169,-8.429034803123374,18.353234507449354,-1,SOLUSDT,2024-03-05,50
1709597210400,159206.74150000006,160566.47290000005,0.0008329175480499273,8208,60.510698555965035,21.983954267951205,1,SOLUSDT,2024-03-05,50
1709597215650,85081.36800000002,85188.03760000001,0.0001725101353988734,8313,32.33740583640505,20.82144830742433,1,SOLUSDT,2024-03-05,50
1709597219700,21301.769099999998,21301.769099999998,0.00035989293573734926,8394,8.096296152879116,18.279369911668923,1,SOLUSDT,2024-03-05,50
1709597228100,176831.39720000004,176831.39720000004,0.0009381391760721058,8562,67.20941129995627,22.160919688751438,1,SOLUSDT,2024-03-05,50
1709597237750,-45538.613800000014,45538.613800000014,-6.747663624029343e-05,8755,-17.30814478297899,19.672791931232403,-1,SOLUSDT,2024-03-05,50
1709597257600,-44795.758499999996,44795.758499999996,-0.0001649261959020265,9152,-17.025803138991495,19.642627447867746,-1,SOLUSDT,2024-03-05,50
1709597265050,-156895.00610000003,156895.00610000003,-0.0005095694248709037,9301,-59.632062873753334,21.941530453028168,-1,SOLUSDT,2024-03-05,50
1709597275150,-106118.93209999996,107452.23089999995,-0.00041992232054255396,9503,-40.33328394818015,21.247286704770694,-1,SOLUSDT,2024-03-05,50
1709597288300,-85070.8261,85070.8261,-0.0003227004804715605,9766,-32.333399110765804,20.818923082993713,-1,SOLUSDT,2024-03-05,50
1709597298300,95292.816,95292.816,0.0003150196913352943,9966,36.21853452433759,21.02703252140965,1,SOLUSDT,2024-03-05,50
1709597300000,412941.1658000001,418275.76580000005,-7.498191060939519e-06,10000,156.94912269197204,23.739940649659466,1,SOLUSDT,2024-03-05,50
1709597304550,68243.32390000002,68243.32390000002,7.498191060939519e-06,10091,25.937665466069372,20.41469231706886,1,SOLUSDT,2024-03-05,50
1709597309350,-26468.184500000007,26468.184500000007,-1.4998125234200188e-05,10187,-10.059927855524673,18.677626195294035,-1,SOLUSDT,2024-03-05,50
1709597311100,40138.48889999998,40138.48889999998,0.00016498061515157758,10222,15.255685653988758,19.4412927391082,1,SOLUSDT,2024-03-05,50
1709597312150,-22977.755700000005,22977.755700000005,0.0,10243,-8.733298826138636,18.41826919408249,-1,SOLUSDT,2024-03-05,50
1709597321850,199087.20659999995,199087.20659999995,0.0,10437,75.66831549606036,22.37833992658439,1,SOLUSDT,2024-03-05,50
1709597326150,45891.24060000001,45891.24060000001,0.0,10523,17.442169848730078,19.68693893480685,1,SOLUSDT,2024-03-05,50
1709597327500,-52599.12729999999,52599.12729999999,-7.498191060939519e-06,10550,-19.99167815614849,19.937146530463743,-1,SOLUSDT,2024-03-05,50
1709597334700,1934167.2353000003,1973403.2183000012,0.0,10694,735.1309965229241,26.58525649786597,1,SOLUSDT,2024-03-05,50
1709597335850,16003.920000000002,16003.920000000002,0.0,10717,6.082709624666112,17.754935963572603,1,SOLUSDT,2024-03-05,50
1709597344500,-35835.175500000005,35835.175500000005,-7.498191060939519e-06,10890,-13.6200985080811,19.23330484009889,-1,SOLUSDT,2024-03-05,50
1709597363150,-104910.07359999997,104910.07359999997,-0.00040502531961905675,11263,-39.87382556343383,21.2033744064709,-1,SOLUSDT,2024-03-05,50
1709597366450,20535.438000000002,20535.438000000002,0.0,11329,7.8050319152641485,18.212176591655474,1,SOLUSDT,2024-03-05,50
1709597370800,-53225.8413,53225.8413,-2.2494741855005884e-05,11416,-20.229877252351987,19.958869672385944,-1,SOLUSDT,2024-03-05,50
1709597385700,140114.31960000002,140114.31960000002,0.0,11714,53.25412276395181,21.734065865612887,1,SOLUSDT,2024-03-05,50
1709597392550,-90754.5837,92354.96370000001,-1.4996550794066366e-05,11851,-34.49366028788923,20.969599467686955,-1,SOLUSDT,2024-03-05,50
1709597395500,-21736.864999999994,21736.864999999994,-7.498753332058072e-06,11910,-8.26166576348594,18.316452124846613,-1,SOLUSDT,2024-03-05,50
1709597397200,59890.179599999996,59890.179599999996,0.0,11944,22.762833847951125,20.17522768829387,1,SOLUSDT,2024-03-05,50
1709597400550,-39952.915199999996,39952.915199999996,-5.249284786135178e-05,12011,-15.185153501174021,19.432793794988235,-1,SOLUSDT,2024-03-05,50
1709597404200,16616.0715,16616.0715,0.00013498616412288555,12084,6.315373860728513,17.82377645357317,1,SOLUSDT,2024-03-05,50
1709597408150,-99441.60790000002,99441.60790000002,-8.248999813531555e-05,12163,-37.79539172062868,21.105192548835095,-1,SOLUSDT,2024-03-05,50
1709597413600,-95544.07099999998,95544.07099999998,-8.250175320956288e-05,12272,-36.314030578225974,21.031861915106784,-1,SOLUSDT,2024-03-05,50
1709597415450,-19945.734000000004,24765.826400000005,-7.510495921536631e-05,12309,-7.580899440438975,18.555704771844347,-1,SOLUSDT,2024-03-05,50
1709597418550,-33568.17289999999,33568.17289999999,-0.0004883161079831666,12371,-12.758464699978886,19.113449297952396,-1,SOLUSDT,2024-03-05,50
1709597423300,31425.2658,31425.2658,0.00013535157592503566,12466,11.943996642032127,18.99246683432176,1,SOLUSDT,2024-03-05,50
1709597425600,22213.487899999993,22213.487899999993,7.5179773633138325e-06,12512,8.44281879981493,18.356231167057306,1,SOLUSDT,2024-03-05,50
1709597431250,-16906.8668,16906.8668,-4.5072792567601994e-05,12625,-6.425898242887238,17.85559459515147,-1,SOLUSDT,2024-03-05,50
1709597433750,-29959.9324,29959.9324,-0.0001578383663245475,12675,-11.38705824346948,18.904890721367707,-1,SOLUSDT,2024-03-05,50
1709597436100,19469.031300000002,19469.031300000002,0.0,12722,7.399716074026601,18.11437632160687,1,SOLUSDT,2024-03-05,50
1709597441100,-32308.458699999992,32308.458699999992,-0.00030801708611427614,12822,-12.279677272356867,19.043299743387756,-1,SOLUSDT,2024-03-05,50
1709597450400,-157067.69919999997,158079.15799999994,-2.2542069137543308e-05,13008,-59.69769941664302,21.95532083496796,-1,SOLUSDT,2024-03-05,50
1709597461200,-123986.54650000003,123986.54650000003,-1.5035559097320572e-05,13224,-47.1243395196091,21.509787941542534,-1,SOLUSDT,2024-03-05,50
1709597465350,26917.431099999998,26917.431099999998,0.0,13307,10.230675810879891,18.708493524028075,1,SOLUSDT,2024-03-05,50
1709597471700,31108.274399999995,31108.274399999995,7.512498919837185e-06,13434,11.823515744869654,18.97387300603559,1,SOLUSDT,2024-03-05,50
1709597473250,27597.8465,27597.8465,9.755621684703897e-05,13465,10.489285532894938,18.754276819232725,1,SOLUSDT,2024-03-05,50
1709597475000,-16935.0652,17948.510000000002,-7.499203210414862e-06,13500,-6.436615784532048,17.96524194219275,-1,SOLUSDT,2024-03-05,50
1709597492400,-36747.7972,36747.7972,-7.502494583011554e-05,13848,-13.966964325847567,19.27942719591424,-1,SOLUSDT,2024-03-05,50
1709597496000,-22335.549199999998,22335.549199999998,-7.503704954281432e-06,13920,-8.489211398897487,18.36628116056934,-1,SOLUSDT,2024-03-05,50
1709597498200,-30778.146,30778.146,0.0,13964,-11.698041786236047,18.954306101320206,-1,SOLUSDT,2024-03-05,50
1709597499450,20043.406799999997,20043.406799999997,0.0,13989,7.618022550316308,18.167699399358902,1,SOLUSDT,2024-03-05,50
1709597501300,95829.88010000001,95829.88010000001,8.248319409531746e-05,14026,36.4226598242724,21.03734006025685,1,SOLUSDT,2024-03-05,50
1709597505550,151917.21060000002,151917.21060000002,0.0,14111,57.74012111214307,21.882398543336823,1,SOLUSDT,2024-03-05,50
1709597506800,58400.97140000001,58400.97140000001,0.0,14136,22.19682120534409,20.129046693338786,1,SOLUSDT,2024-03-05,50
1709597509100,-37502.241600000016,38515.8084,-4.49903270878238e-05,14182,-14.25371071130535,19.365608462589016,-1,SOLUSDT,2024-03-05,50
1709597519050,-29080.05190000001,29080.05190000001,-0.00019499756314900196,14381,-11.052636577658479,18.850221936145406,-1,SOLUSDT,2024-03-05,50
1709597522100,-37395.33050000001,37395.33050000001,-9.754816448293013e-05,14442,-14.213076343165941,19.311462957548297,-1,SOLUSDT,2024-03-05,50
1709597547350,-20068.193200000005,22571.902,-0.00020275978667072536,14947,-7.6274432718545855,18.385586237447395,-1,SOLUSDT,2024-03-05,50
1709597548750,-18453.4812,18453.4812,-7.510749760797353e-06,14975,-7.013729617733351,18.016126966706366,-1,SOLUSDT,2024-03-05,50
1709597567350,-28601.8884,28601.8884,-9.763461380085658e-05,15347,-10.870897995885134,18.819814768209373,-1,SOLUSDT,2024-03-05,50
1709597569300,22649.8154,22649.8154,7.510016484246762e-06,15386,8.608656512310153,18.391905855772386,1,SOLUSDT,2024-03-05,50
1709597573600,-128482.8059,128482.8059,-0.00010512167843934606,15472,-48.83326085434305,21.575120504305577,-1,SOLUSDT,2024-03-05,50
1709597579200,26966.380299999993,26966.380299999993,0.0003379862809742562,15584,10.249280238417624,18.711825607045057,1,SOLUSDT,2024-03-05,50
1709597586450,-30112.440700000006,30112.440700000006,-5.2537367214000597e-05,15729,-11.445023023614063,18.914202865463526,-1,SOLUSDT,2024-03-05,50
1709597605850,-579418.8977999988,580136.9087999987,-0.001457967221032419,16117,-220.2233519263707,24.339904336040814,-1,SOLUSDT,2024-03-05,50
1709597607250,43276.2659,43276.2659,-6.777082920184085e-05,16145,16.44828011571789,19.579336971479147,1,SOLUSDT,2024-03-05,50
1709597609600,-34545.08119999996,36456.726000000024,-0.00012051732074525034,16192,-13.129764326497014,19.2648425373795,-1,SOLUSDT,2024-03-05,50
1709597611550,-428452.4467999999,428452.4467999999,-0.0001053970836091267,16231,-162.8445919413559,23.784029273155188,-1,SOLUSDT,2024-03-05,50
1709597617300,25059.5977,25059.5977,0.00017302274540043072,16346,9.524557490917896,18.57733148315541,1,SOLUSDT,2024-03-05,50
1709597619000,-16006.693199999998,16006.693199999998,-6.769487665181373e-05,16380,-6.083763652075091,17.755253727494853,-1,SOLUSDT,2024-03-05,50
1709597620250,234760.07260000057,234760.07260000057,0.0010826417513642994,16405,89.22672402082355,22.680630949332723,1,SOLUSDT,2024-03-05,50
1709597622200,27731.371200000005,27731.371200000005,-5.260329974188238e-05,16444,10.540035097865314,18.76312872430529,1,SOLUSDT,2024-03-05,50
1709597626500,-61834.08870000002,61834.08870000002,-0.0002929764550518854,16530,-23.50166749571031,20.233810888137523,-1,SOLUSDT,2024-03-05,50
1709597628550,142249.47960000017,142249.47960000017,0.0011563212256939792,16571,54.06564633331501,21.761803609366883,1,SOLUSDT,2024-03-05,50
1709597642200,-22388.0293,22388.0293,-0.00017269017548482424,16844,-8.509157837605843,18.37058527103112,-1,SOLUSDT,2024-03-05,50
1709597653500,-19720.0049,19720.0049,-0.00015760618749460775,17070,-7.4951051744630615,18.137866794128826,-1,SOLUSDT,2024-03-05,50
1709597655250,-133193.2387,133193.2387,-0.00016514532826406025,17105,-50.6235844081288,21.641157143650748,-1,SOLUSDT,2024-03-05,50
1709597700300,24325.8773,25496.321300000003,6.014811475019144e-05,18006,9.245687805310004,18.60901787552714,1,SOLUSDT,2024-03-05,50
1709597702750,32545.933699999998,32545.933699999998,9.025745946367181e-05,18055,12.369935875756385,19.056730843048282,1,SOLUSDT,2024-03-05,50
1709597711550,52854.39879999997,52854.39879999997,0.0006391241960637117,18231,20.088700786226177,19.94602582286822,1,SOLUSDT,2024-03-05,50
1709597713000,-132997.37129999997,132997.37129999997,-0.00018793389292781626,18260,-50.549139864595816,21.63845809467991,-1,SOLUSDT,2024-03-05,50
1709597752250,-22894.334399999996,22894.334399999996,-2.256427999380861e-05,19045,-8.701592372693966,18.41159875394632,-1,SOLUSDT,2024-03-05,50
1709597760700,19503.4076,19503.4076,0.0,19214,7.412781688630422,18.11761169115776,1,SOLUSDT,2024-03-05,50
1709597779150,279503.9933,279503.9933,0.0008732967505258316,19583,106.23282484407083,23.00058687871391,1,SOLUSDT,2024-03-05,50
1709597780200,-138924.80930000002,151944.20950000003,-0.00018819136859438146,19604,-52.8020181701742,21.882724464207488,-1,SOLUSDT,2024-03-05,50
1709597785800,-66391.89989999999,66391.89989999999,-0.00029367801805246785,19716,-25.233983206714292,20.364247954339323,-1,SOLUSDT,2024-03-05,50
1709597796050,-91111.568,91111.568,-0.0003238964011789136,19921,-34.62934153582503,20.94473959231884,-1,SOLUSDT,2024-03-05,50
1709597798750,-91690.03700000001,91690.03700000001,-0.0005424423599666994,19975,-34.84920385417397,20.956347162170292,-1,SOLUSDT,2024-03-05,50
1709597816900,19994.326400000005,19994.326400000005,9.033151672799278e-05,20338,7.599368256776825,18.163203033328074,1,SOLUSDT,2024-03-05,50
1709597824700,-257318.8748000001,257318.8748000001,-0.000745793645602788,20494,-97.80078857893659,22.8489094096006,-1,SOLUSDT,2024-03-05,50
1709597830350,127728.21880000002,127728.21880000002,0.0003088337783241357,20607,48.54646023200685,21.56431726613647,1,SOLUSDT,2024-03-05,50
1709597842800,28718.998000000003,28718.998000000003,9.782490103038555e-05,20856,10.915408571485413,18.82730869719693,1,SOLUSDT,2024-03-05,50
1709597848750,22543.328499999996,22543.328499999996,0.0,20975,8.568183372508724,18.383263149839554,1,SOLUSDT,2024-03-05,50
1709597852400,-31742.49000000001,31742.49000000001,-5.265988859814996e-05,21048,-12.06456602094161,19.01088749852012,-1,SOLUSDT,2024-03-05,50
1709597864700,93264.32920000002,94594.85920000002,0.00018038195928671286,21294,35.44755490297807,21.013549920823486,1,SOLUSDT,2024-03-05,50
1709597866250,-24720.176100000004,24720.176100000004,-0.00013536989845341907,21325,-9.395551407837031,18.552321099073207,-1,SOLUSDT,2024-03-05,50
1709597875650,-199368.7392000003,199368.7392000003,-0.000429056946954276,21513,-75.77531934609706,22.380931662778444,-1,SOLUSDT,2024-03-05,50
1709597883500,18994.971300000005,20004.502100000005,0.0001204492759443454,21670,7.219537135074819,18.16413615835904,1,SOLUSDT,2024-03-05,50
1709597885350,26061.6385,27071.1693,-4.516847843216709e-05,21707,9.905409383358508,18.71893854534709,1,SOLUSDT,2024-03-05,50
1709597886550,37341.397300000004,38350.515699999996,5.271977557708141e-05,21731,14.192577615683605,19.357720743186594,1,SOLUSDT,2024-03-05,50
1709597904850,-255865.3503000002,255865.3503000002,-0.00012810610216984486,22097,-97.24833846260024,22.838519947832317,-1,SOLUSDT,2024-03-05,50
1709597908350,-217466.72139999986,217466.72139999986,-0.00012056636062496295,22167,-82.65393224312312,22.540292297885205,-1,SOLUSDT,2024-03-05,50
1709597911200,-49993.6226,49993.6226,7.536732148594183e-06,22224,-19.00138774506154,19.84397040663652,-1,SOLUSDT,2024-03-05,50
1709597912750,-99484.90609999996,99484.90609999996,0.0,22255,-37.81184833737448,21.10599094296026,-1,SOLUSDT,2024-03-05,50
1709597925050,63190.5062,63190.5062,0.00032398669677569103,22501,24.017209549301896,20.273608090452196,1,SOLUSDT,2024-03-05,50
1709597935200,19573.843100000006,19573.843100000006,0.0,22704,7.439552548130357,18.124223044463836,1,SOLUSDT,2024-03-05,50
1709597949950,-49896.9985,49896.9985,-3.0114132565373097e-05,22999,-18.964663221129605,19.840422299619554,-1,SOLUSDT,2024-03-05,50
1709597985000,20298.091800000002,20298.091800000002,7.532701339130199e-06,23700,7.714822265683425,18.190856282347653,1,SOLUSDT,2024-03-05,50
1709598001400,16338.616800000002,16338.616800000002,0.0001355074757025676,24028,6.209919923561942,17.792894603928165,1,SOLUSDT,2024-03-05,50
1709598002950,22417.063700000006,22417.063700000006,8.277803075795731e-05,24059,8.520193122981329,18.372962169713634,1,SOLUSDT,2024-03-05,50
1709598004450,25021.0211,25021.0211,0.0002406865595698804,24089,9.509895442113173,18.574506072843146,1,SOLUSDT,2024-03-05,50
1709598016050,94446.78889999999,94446.78889999999,-7.519447169812565e-06,24321,35.89697973126824,21.01067682257366,1,SOLUSDT,2024-03-05,50
1709598025500,29620.899199999996,29620.899199999996,0.00039085402100091926,24510,11.258199781997455,18.88401842179812,1,SOLUSDT,2024-03-05,50
1709598038800,44173.10549999999,44173.10549999999,0.00018784634224466856,24776,16.78914753236966,19.61695602803335,1,SOLUSDT,2024-03-05,50
1709598044350,16634.1374,16634.1374,-3.005981904191657e-05,24887,6.322240279943822,17.825769345126883,1,SOLUSDT,2024-03-05,50
1709598059200,20688.9629,20688.9629,7.5161126673606304e-06,25184,7.863383080907059,18.225836567476602,1,SOLUSDT,2024-03-05,50
1709598074550,72678.75510000002,72678.75510000002,0.00033034521374908365,25491,27.6234674476954,20.530180787796727,1,SOLUSDT,2024-03-05,50
1709598076050,-50780.474,50780.474,-0.0003527482502363455,25521,-19.300451260997757,19.87261143035171,-1,SOLUSDT,2024-03-05,50
1709598081150,49989.7769,49989.7769,0.00039055752582495273,25623,18.99992608589281,19.84382932082573,1,SOLUSDT,2024-03-05,50
1709598095500,22892.760000000002,24941.2236,-4.510701640381143e-05,25910,8.700993980672946,18.568647729108182,1,SOLUSDT,2024-03-05,50
1709598111250,55378.83869999999,55378.83869999999,0.0003455970222896454,26225,21.04818039351122,20.03159545262887,1,SOLUSDT,2024-03-05,50
1709598115600,-38504.0339,38504.0339,-0.00013510166420793723,26312,-14.63446815480209,19.365047707663386,-1,SOLUSDT,2024-03-05,50
1709598117200,-22417.542199999996,22417.542199999996,-0.00025524184303016284,26344,-8.52037498945875,18.373001316285382,-1,SOLUSDT,2024-03-05,50
1709598118600,20544.9578,20544.9578,0.00021765480784097235,26372,7.808650164985772,18.21302658708772,1,SOLUSDT,2024-03-05,50
1709598132850,23618.056000000004,23618.056000000004,7.49852841419596e-06,26657,8.976661752064695,18.468676100108254,1,SOLUSDT,2024-03-05,50
1709598135350,-21817.531400000003,21817.531400000003,-1.4997113056303135e-05,26707,-8.29232514491669,18.323245502410096,-1,SOLUSDT,2024-03-05,50
1709598138900,-104580.18430000001,104580.18430000001,-0.000270029029761254,26778,-39.74844248102751,21.197598167759125,-1,SOLUSDT,2024-03-05,50
1709598146800,34651.76,34651.76,-8.253208439512605e-05,26936,13.170310402927544,19.17171605581235,1,SOLUSDT,2024-03-05,50
1709598173100,-18849.605499999998,18849.605499999998,0.0,27462,-7.16428704942347,18.05507847475968,-1,SOLUSDT,2024-03-05,50
1709598178850,-17484.9584,17484.9584,7.509593509169576e-05,27577,-6.6456171204658965,17.91725432300974,-1,SOLUSDT,2024-03-05,50
1709598193600,-207517.61860000002,207517.61860000002,-0.00013521329918475544,27872,-78.87251473051673,22.45440423139458,-1,SOLUSDT,2024-03-05,50
1709598204600,-26614.1848,26614.1848,-0.00011271119271594188,28092,-10.115419099545768,18.687714837114566,-1,SOLUSDT,2024-03-05,50
1709598206900,20629.590900000003,20629.590900000003,9.017742414219043e-05,28138,7.840817194809424,18.22056596373284,1,SOLUSDT,2024-03-05,50
1709598215850,-28615.302299999996,28615.302299999996,-5.2594999730537495e-05,28317,-10.875996300465154,18.820674687879865,-1,SOLUSDT,2024-03-05,50
1709598218500,29663.139799999997,31260.0518,0.0,28370,11.274254430119393,18.982799367574593,1,SOLUSDT,2024-03-05,50
1709598222100,18503.3394,18503.3394,0.00011267817247873069,28442,7.0326795345667605,18.021075349373014,1,SOLUSDT,2024-03-05,50
1709598223150,-52623.7216,52623.7216,-0.00018028575340611752,28463,-20.001025865042436,19.938003885464635,-1,SOLUSDT,2024-03-05,50
1709598230000,24038.745000000003,24118.595400000002,0.000172808247140388,28600,9.136555642392263,18.507137807545995,1,SOLUSDT,2024-03-05,50
1709598239100,30915.894299999996,30915.894299999996,3.004333751643884e-05,28782,11.750396641183544,18.962495918362876,1,SOLUSDT,2024-03-05,50
1709598244000,-36542.108,36542.108,-8.26294183733367e-05,28880,-13.888786749570636,19.269132793523085,-1,SOLUSDT,2024-03-05,50
1709598253350,-19028.295,19028.295,-7.515095949095496e-06,29067,-7.2322026814359255,18.072382133742494,-1,SOLUSDT,2024-03-05,50
1709598258000,-31856.226400000003,34677.437600000005,-0.00019539616634833834,29160,-12.107794523393187,19.173074589052437,-1,SOLUSDT,2024-03-05,50
1709598263100,-28145.5365,28145.5365,0.0,29262,-10.69744948487254,18.790316787858938,-1,SOLUSDT,2024-03-05,50
1709598266450,-19536.6053,19536.6053,-4.508396889946198e-05,29329,-7.42539934538619,18.120730727406784,-1,SOLUSDT,2024-03-05,50
1709598269850,-16691.4924,16691.4924,-2.253817403286007e-05,29397,-6.344039552279769,17.832081996514834,-1,SOLUSDT,2024-03-05,50
1709598287550,-17007.322599999996,18923.6856,3.00575602301123e-05,29751,-6.464079104920635,18.062271951090803,-1,SOLUSDT,2024-03-05,50
1709598301850,34954.2935,34954.2935,2.2538004711414317e-05,30037,13.28529619592288,19.187658732504584,1,SOLUSDT,2024-03-05,50
1709598304900,60937.6026,64797.7166,-9.766321973359027e-05,30098,23.160934436006844,20.31967226464795,1,SOLUSDT,2024-03-05,50
1709598312750,31193.8885,31193.8885,0.00012764152271138585,30255,11.85605562947775,18.978913499148337,1,SOLUSDT,2024-03-05,50
1709598314100,-39957.6,39957.6,-5.255432804851523e-05,30282,-15.186934082309747,19.433008835743916,-1,SOLUSDT,2024-03-05,50
1709598315700,-18606.7383,18606.7383,-2.2524298088022476e-05,30314,-7.071978998961102,18.031295241119604,-1,SOLUSDT,2024-03-05,50
1709598316850,-30802.4727,30802.4727,-0.00027032100784118995,30337,-11.707287786730072,18.955755105343773,-1,SOLUSDT,2024-03-05,50
1709598324550,-133143.8264,133143.8264,-0.00018025325631310096,30491,-50.60480396728763,21.640476617645746,-1,SOLUSDT,2024-03-05,50
1709598330250,-94507.57630000002,94507.57630000002,-0.0001202311445203108,30605,-35.92008357726588,21.011856862166297,-1,SOLUSDT,2024-03-05,50
1709598334300,-78999.92480000001,78999.92480000001,-0.00023282450019745937,30686,-30.025993814569123,20.683135659141723,-1,SOLUSDT,2024-03-05,50
1709598335750,26787.3772,26787.3772,0.00024037378238705998,30715,10.181245414498544,18.699610938307345,1,SOLUSDT,2024-03-05,50
1709598381550,61127.0565,61127.0565,0.00020288929452849658,31631,23.232941360620348,20.21271909330068,1,SOLUSDT,2024-03-05,50
1709598386500,-15874.708700000003,15874.708700000003,-8.266667673417771e-05,31730,-6.0335994805185775,17.74006906020041,-1,SOLUSDT,2024-03-05,50
1709598389950,-30243.066500000004,30243.066500000004,-0.00023297497878882467,31799,-11.494670785592984,18.922141446245675,-1,SOLUSDT,2024-03-05,50
1709598391350,-42989.59899999999,42989.59899999999,0.0,31827,-16.339324840278916,19.567147787811773,-1,SOLUSDT,2024-03-05,50
1709598392600,42596.7853,42596.7853,7.515745490316306e-05,31852,16.190025688965324,19.550312545583278,1,SOLUSDT,2024-03-05,50
1709598396650,29800.6909,29800.6909,0.00010518565277362057,31933,11.326534334033775,18.895116725367174,1,SOLUSDT,2024-03-05,50
1709598406650,29191.7885,29191.7885,-6.004248007229762e-05,32133,11.095105003659572,18.857255361234987,1,SOLUSDT,2024-03-05,50
1709598410150,39941.550899999995,39941.550899999995,-9.013001260438358e-05,32203,15.180834200840879,19.43227204836807,1,SOLUSDT,2024-03-05,50
1709598413450,-44505.658800000005,44505.658800000005,-1.5026747611557312e-05,32269,-16.915543137860354,19.63071159172642,-1,SOLUSDT,2024-03-05,50
1709598419900,18470.9338,18470.9338,-5.259579009475601e-05,32398,7.020362936195044,18.017860641134174,1,SOLUSDT,2024-03-05,50
1709598425400,-26535.337899999995,26721.644299999996,-1.5029005981048726e-05,32508,-10.085451266820717,18.695105009851122,-1,SOLUSDT,2024-03-05,50
1709598443050,19492.7425,19492.7425,0.00012768370510407578,32861,7.408728137599298,18.11660854212605,1,SOLUSDT,2024-03-05,50
1709598444450,18037.1876,18037.1876,9.007791745929694e-05,32889,6.855506314479718,17.974280627564095,1,SOLUSDT,2024-03-05,50
1709598463000,-21570.1017,21570.1017,-0.00014277931227191232,33260,-8.198282996641876,18.30232774700302,-1,SOLUSDT,2024-03-05,50
1709598478150,60435.89069999999,60435.89069999999,3.0120935559097006e-05,33563,22.97024566707151,20.191863474684162,1,SOLUSDT,2024-03-05,50
1709598479250,18550.5233,18550.5233,5.2715011364945497e-05,33585,7.0506130135306195,18.025746046034982,1,SOLUSDT,2024-03-05,50
1709598482450,-55173.9149,55173.9149,-0.00021064668610293324,33649,-20.97029372758293,20.024796218454934,-1,SOLUSDT,2024-03-05,50
1709598486350,-19699.990899999993,19699.990899999993,-7.527654721783961e-06,33727,-7.487498328738507,18.136004536133733,-1,SOLUSDT,2024-03-05,50
1709598532550,40010.096,40010.096,0.0002481846807587118,34651,15.206886564230206,19.435416774031992,1,SOLUSDT,2024-03-05,50
1709598544400,-23236.482500000002,23236.482500000002,-1.50192998003007e-05,34888,-8.831634733623742,18.438804249686477,-1,SOLUSDT,2024-03-05,50
1709598555500,22259.384899999994,22259.384899999994,3.758338814652262e-05,35110,8.460263158674717,18.360016588700777,1,SOLUSDT,2024-03-05,50
1709598571550,19544.973,19544.973,7.521143815303333e-06,35431,7.428579709279933,18.12151606486299,1,SOLUSDT,2024-03-05,50
1709598575800,-125769.87920000001,125769.87920000001,-0.00046626007627992294,35516,-47.80214189416932,21.535979668071224,-1,SOLUSDT,2024-03-05,50
1709598587750,66486.1004,66486.1004,0.00031592724909579317,35755,25.269786577888254,20.366848342513574,1,SOLUSDT,2024-03-05,50
1709598600850,-34911.78800000001,36241.788,5.263613020378699e-05,36017,-13.269140865606857,19.25399773832022,-1,SOLUSDT,2024-03-05,50
1709598601950,120523.29560000003,123236.98520000004,5.262346782330951e-05,36039,45.80804016407224,21.498666535709567,1,SOLUSDT,2024-03-05,50
1709598604000,-128024.23229999996,128050.83809999995,-0.0008272356513945311,36080,-48.658967927963886,21.568943916907934,-1,SOLUSDT,2024-03-05,50
1709598608250,-32786.19820000003,32918.92120000001,-0.00046702925054553646,36165,-12.461254701807489,19.077629675354355,-1,SOLUSDT,2024-03-05,50
1709598612700,44289.5576,45298.2448,4.5206253539653574e-05,36254,16.833408207846833,19.663085662220478,1,SOLUSDT,2024-03-05,50
1709598613850,101420.56489999997,101420.56489999997,0.00016572754429677872,36277,38.547546242189654,21.141332906936256,1,SOLUSDT,2024-03-05,50
1709598615750,48355.5046,48355.5046,0.00024089492580969818,36315,18.378778026633878,19.782869095765758,1,SOLUSDT,2024-03-05,50
1709598618650,33203.3766,33203.3766,7.5296385393386345e-06,36373,12.619814296511953,19.093409432339193,1,SOLUSDT,2024-03-05,50
1709598621900,-16604.25,16604.25,-7.528164745806976e-06,36438,-6.310880789541705,17.822471223263598,-1,SOLUSDT,2024-03-05,50
1709598625200,16601.7562,16601.7562,8.282228225287014e-05,36504,6.3099329554321875,17.822195760219806,1,SOLUSDT,2024-03-05,50
1709598629050,-42842.623700000004,42842.623700000004,-0.00010541771780392395,36581,-16.283463021930782,19.560866787380412,-1,SOLUSDT,2024-03-05,50
1709598631350,-16997.2775,16997.2775,4.518378505391496e-05,36627,-6.460261201153888,17.865375678892235,-1,SOLUSDT,2024-03-05,50
1709598644350,17571.121399999996,17571.121399999996,0.0003313327891634188,36887,6.678365628918206,17.92626957941139,1,SOLUSDT,2024-03-05,50
1709598645800,-28334.6824,28334.6824,-0.0003991610140472446,36916,-10.769339346006321,18.80260054800212,-1,SOLUSDT,2024-03-05,50
1709598647050,18239.9874,18239.9874,7.532928313125353e-06,36941,6.932585698489408,17.994785598854612,1,SOLUSDT,2024-03-05,50
1709598649550,17018.410699999997,17018.410699999997,7.533751208921302e-05,36991,6.468293428198261,17.867654472774593,1,SOLUSDT,2024-03-05,50
1709598652650,65852.4384,66861.042,-0.00013562387000920495,37053,25.02894671201882,20.3771621511189,1,SOLUSDT,2024-03-05,50
1709598657350,-26767.786700000008,26767.786700000008,-3.767656179221035e-05,37147,-10.173799531058615,18.69826918556738,-1,SOLUSDT,2024-03-05,50
1709598660150,-222862.68210000003,222862.68210000003,-0.0006033364688731169,37203,-84.7048086586645,22.585244956382223,-1,SOLUSDT,2024-03-05,50
1709598668800,-596775.1814,603482.1211999998,-0.0008453085879498445,37376,-226.82006281358846,24.41226224442979,-1,SOLUSDT,2024-03-05,50
1709598670200,-285176.8274000001,288328.77200000006,-0.0004228234095746686,37404,-108.38893425846463,23.057598230041833,-1,SOLUSDT,2024-03-05,50
1709598673050,-86947.9963,86974.46429999999,-0.00046847256136572923,37461,-33.04686688882745,20.85951119216488,-1,SOLUSDT,2024-03-05,50
1709598675500,-55733.29709999999,55733.29709999999,-0.00021903571502601693,37510,-21.182901606890425,20.043296963896736,-1,SOLUSDT,2024-03-05,50
1709598677550,46956.698000000004,46956.698000000004,0.0002040114706858276,37551,17.847124883599765,19.729032727170576,1,SOLUSDT,2024-03-05,50
1709598679850,-20434.9944,20434.9944,0.0,37597,-7.766855690160791,18.20318418549303,-1,SOLUSDT,2024-03-05,50
1709598681950,23918.7672,23918.7672,7.555038458662011e-05,37639,9.090954932140882,18.491879492881814,1,SOLUSDT,2024-03-05,50
1709598683550,40373.638399999996,40373.638399999996,7.551985983234033e-06,37671,15.345060390108753,19.452005902450253,1,SOLUSDT,2024-03-05,50
1709598685100,53151.69640000001,55932.684400000006,0.00013593215496054967,37702,20.20169653807387,20.04984654930843,1,SOLUSDT,2024-03-05,50
1709598690550,-58304.723399999995,58304.723399999995,-7.55187192069684e-06,37811,-22.160239628083332,20.12602161348518,-1,SOLUSDT,2024-03-05,50
1709598697800,-16730.6914,16730.6914,-2.2647064374936576e-05,37956,-6.358938160531828,17.836383882523403,-1,SOLUSDT,2024-03-05,50
1709598702200,-32717.201299999997,32717.201299999997,-0.00011329176796337492,38044,-12.435030619976143,19.066356701923663,-1,SOLUSDT,2024-03-05,50
1709598703300,67070.06279999999,67070.06279999999,4.533125817651751e-05,38066,25.49173680701481,20.38288676822005,1,SOLUSDT,2024-03-05,50
1709598704750,-117711.28420000013,117711.28420000013,-0.0006196489358192281,38095,-44.73926146438802,21.41453077239978,-1,SOLUSDT,2024-03-05,50
1709598709650,-128300.43529999987,129279.00449999986,-0.000491458090407626,38193,-48.76394612370975,21.58645090763566,-1,SOLUSDT,2024-03-05,50
1709598713300,-85914.18699999999,95537.528,-0.0006882859305479272,38266,-32.65394054458308,21.031736312680152,-1,SOLUSDT,2024-03-05,50
1709598716350,15801.006800000001,15827.4524,1.5125503868951284e-05,38327,6.005587140011615,17.7346015664857,1,SOLUSDT,2024-03-05,50
1709598718900,-20137.8665,20137.8665,0.0,38378,-7.653924437249827,18.176322164806443,-1,SOLUSDT,2024-03-05,50
1709598722850,18743.9748,18743.9748,7.565126280972834e-06,38457,7.124139330892622,18.044772263750094,1,SOLUSDT,2024-03-05,50
1709598724050,-24694.7025,26757.102699999996,-0.00015885563460305008,38481,-9.385869497911528,18.697537024888486,-1,SOLUSDT,2024-03-05,50
1709598726450,-44703.89260000001,44703.89260000001,-1.5126304644397237e-05,38529,-16.990887093790782,19.638862422024435,-1,SOLUSDT,2024-03-05,50
1709598731300,67040.5435,67040.5435,0.00014376676515492903,38626,25.480517222674013,20.382079382653703,1,SOLUSDT,2024-03-05,50
1709598732950,-109728.43539999999,109728.43539999999,-0.00034041265907269747,38659,-41.70517036495644,21.285732295754467,-1,SOLUSDT,2024-03-05,50
1709598734600,55966.805199999995,55966.805199999995,3.7832214134780884e-05,38692,21.27165248588179,20.050965028407475,1,SOLUSDT,2024-03-05,50
1709598741550,-86581.65000000001,86581.65000000001,-8.320820588991751e-05,38831,-32.90762736719958,20.851209098474218,-1,SOLUSDT,2024-03-05,50
1709598751100,21025.6999,21025.6999,7.562151432161102e-06,39022,7.991368811333179,18.25544635113443,1,SOLUSDT,2024-03-05,50
1709598754100,97490.67629999998,97490.67629999998,4.53638178266047e-05,39082,37.053888987524196,21.068853007282414,1,SOLUSDT,2024-03-05,50
1709598757950,-57977.7795,57977.7795,-0.00027213764285072273,39159,-22.03597602221328,20.11570832740944,-1,SOLUSDT,2024-03-05,50
1709598761450,-17067.649100000002,17067.649100000002,-7.563695772816459e-06,39229,-6.487007773782542,17.872952893893967,-1,SOLUSDT,2024-03-05,50
1709598765600,27725.8528,27725.8528,0.00016638935146584544,39312,10.537937685181872,18.762763731829263,1,SOLUSDT,2024-03-05,50
1709598769050,-177797.34330000004,177797.34330000004,6.81490343925617e-05,39381,-67.57654445479452,22.170910991309746,-1,SOLUSDT,2024-03-05,50
1709598770550,-49996.12120000001,49996.12120000001,0.00011353787825107986,39411,-19.002337403536977,19.844062066058775,-1,SOLUSDT,2024-03-05,50
1709598772050,38307.012699999985,43592.33269999999,0.00020436044712557333,39441,14.559585079311622,19.59268301398684,1,SOLUSDT,2024-03-05,50
1709598782700,-58824.51849999999,58824.51849999999,-0.00023442669546813732,39654,-22.357801391552798,20.142299829456086,-1,SOLUSDT,2024-03-05,50
1709598787100,-22773.471399999995,22773.471399999995,-3.7807326308758604e-05,39742,-8.655655218961254,18.401891201602975,-1,SOLUSDT,2024-03-05,50
1709598792350,132349.31720000002,132349.31720000002,0.0003627350260435591,39847,50.302829903575386,21.62949950382179,1,SOLUSDT,2024-03-05,50
1709598794800,-22658.765300000006,22658.765300000006,0.0,39896,-8.61205815658667,18.39263039696631,-1,SOLUSDT,2024-03-05,50
1709598803700,-30034.610499999995,37662.3985,-0.00019633310239175472,40074,-11.415441614394963,19.32451448126226,-1,SOLUSDT,2024-03-05,50
1709598812050,-30238.533399999997,30238.533399999997,-1.5093656137388223e-05,40241,-11.492947862021783,18.921866528869277,-1,SOLUSDT,2024-03-05,50
1709598815450,-132792.9983000001,137029.06230000005,-0.0005437532702528003,40309,-50.47146254465663,21.693229582542084,-1,SOLUSDT,2024-03-05,50
1709598821050,-23695.5581,23695.5581,-0.00017375735207281195,40421,-9.006118458271787,18.47468443179553,-1,SOLUSDT,2024-03-05,50
1709598824950,-66169.14910000001,66169.14910000001,0.0,40499,-25.149320921782728,20.358084251128346,-1,SOLUSDT,2024-03-05,50
1709598826450,-24602.0152,24602.0152,5.289505999162003e-05,40529,-9.350641258093141,18.54353372388408,-1,SOLUSDT,2024-03-05,50
1709598835900,-22809.934499999996,22809.934499999996,-1.5107451750928647e-05,40718,-8.669513976647819,18.404825284480616,-1,SOLUSDT,2024-03-05,50
1709598842350,162466.34399999998,162466.34399999998,0.0,40847,61.74959599480098,22.00552795292048,1,SOLUSDT,2024-03-05,50
1709598844200,-26489.163399999998,26489.163399999998,6.0404255497914505e-05,40884,-10.067901436806313,18.679079258911006,-1,SOLUSDT,2024-03-05,50
1709598845500,-30535.861100000006,31357.175100000004,-5.284075684297562e-05,40910,-11.605955054164076,18.988488690683678,-1,SOLUSDT,2024-03-05,50
1709598858400,-33453.5998,33453.5998,-7.544749797361305e-06,41168,-12.714918187743272,19.107178847524082,-1,SOLUSDT,2024-03-05,50
1709598860250,-31938.751000000007,31938.751000000007,-1.5091378295473135e-05,41205,-12.139160162479845,19.02219208672237,-1,SOLUSDT,2024-03-05,50
1709598864800,-78888.1613,79100.1613,-0.00025660571164021206,41296,-29.98351516451736,20.68546124765526,-1,SOLUSDT,2024-03-05,50
1709598867300,-39388.8552,39388.8552,-5.2871488306571734e-05,41346,-14.970767701264428,19.40671639386963,-1,SOLUSDT,2024-03-05,50
1709598868700,16214.070399999997,16214.070399999997,7.555752005394822e-06,41374,6.162582797033095,17.77886115905657,1,SOLUSDT,2024-03-05,50
1709598875850,24891.504000000004,24891.504000000004,6.042159167396477e-05,41517,9.46066907065363,18.5649880736229,1,SOLUSDT,2024-03-05,50
1709598877800,-95366.99870000001,95366.99870000001,-7.5528986132056275e-06,41556,-36.246729605497315,21.028459716877226,-1,SOLUSDT,2024-03-05,50
1709598882950,-26476.3497,26476.3497,3.0216044722308766e-05,41659,-10.063031253981256,18.678191879189953,-1,SOLUSDT,2024-03-05,50
1709598892400,-49979.934100000006,49979.934100000006,-0.0002494227388218917,41848,-18.996185071547973,19.84346817212317,-1,SOLUSDT,2024-03-05,50
1709598906650,23610.2722,23610.2722,0.0001283110866312498,42133,8.973703314683323,18.468071573764632,1,SOLUSDT,2024-03-05,50
1709598921450,-45697.259900000005,45697.259900000005,-7.547255251871832e-06,42429,-17.368442395025642,19.679170146966644,-1,SOLUSDT,2024-03-05,50
1709598933500,20263.3138,20263.3138,-0.00015090922838556509,42670,7.7016039744568605,18.187711324553664,1,SOLUSDT,2024-03-05,50
1709598943900,-17942.3446,17942.3446,6.0373713303363274e-05,42878,-6.819458744326142,17.964611859160105,-1,SOLUSDT,2024-03-05,50
1709598947950,-24391.2009,24391.2009,-3.773969423814805e-05,42959,-9.270515753115157,18.527750577249886,-1,SOLUSDT,2024-03-05,50
1709598967650,-21903.407100000004,21903.407100000004,-0.0001207410483292648,43353,-8.3249644574673,18.33045003862306,-1,SOLUSDT,2024-03-05,50
1709598981550,-59901.048599999995,59901.048599999995,9.073312370144748e-05,43631,-22.76696489652613,20.17556050249057,-1,SOLUSDT,2024-03-05,50
1709598999700,-16412.5014,16412.5014,-8.311076024725139e-05,43994,-6.238001703996648,17.80116919485545,-1,SOLUSDT,2024-03-05,50
1709599019800,-104322.61850000001,104322.61850000001,7.558836090382215e-06,44396,-39.65054784204876,21.19307560592278,-1,SOLUSDT,2024-03-05,50
1709599021950,-19733.7888,19733.7888,-2.2681651678624348e-05,44439,-7.5003441072492425,18.139148256532994,-1,SOLUSDT,2024-03-05,50
1709599027300,-17608.1856,17608.1856,-2.267719392445855e-05,44546,-6.692452850428347,17.930134026307563,-1,SOLUSDT,2024-03-05,50
1709599051300,94002.47339999999,94002.47339999999,0.0004308992631774089,45026,35.728105969824895,21.00202838330843,1,SOLUSDT,2024-03-05,50
1709599094650,-17054.6051,17054.6051,-4.534907450892689e-05,45893,-6.482050059401057,17.871550751356605,-1,SOLUSDT,2024-03-05,50
1709599129300,-45229.409700000004,45229.409700000004,0.0,46586,-17.1906236534647,19.660296564758394,-1,SOLUSDT,2024-03-05,50
1709599138100,-114591.8406,114591.8406,-0.0010957828574911233,46762,-43.55363509226645,21.365271388595538,-1,SOLUSDT,2024-03-05,50
1709599142250,-21056.3378,21056.3378,-7.565154900213145e-05,46845,-8.003013548948061,18.25811681184113,-1,SOLUSDT,2024-03-05,50
1709599146850,18953.162000000004,23235.809600000008,0.00016644851861435939,46937,7.203646413832113,18.438751138956928,1,SOLUSDT,2024-03-05,50
1709599161350,24736.903299999998,24736.903299999998,2.2690229210198254e-05,47227,9.401909018999401,18.55356167045902,1,SOLUSDT,2024-03-05,50
1709599166350,-74061.3273,74061.3273,-0.0005370508474165092,47327,-28.148950281134688,20.56474212327249,-1,SOLUSDT,2024-03-05,50
1709599183450,21680.252799999995,21680.252799999995,4.538715241775293e-05,47669,8.240148811775764,18.31166941752119,1,SOLUSDT,2024-03-05,50
1709599197400,16040.2268,16040.2268,0.0,47948,6.096508976437479,17.75909178485588,1,SOLUSDT,2024-03-05,50
1709599206200,-23358.325500000003,23358.325500000003,-1.5129508594391439e-05,48124,-8.877944362064662,18.44839582470798,-1,SOLUSDT,2024-03-05,50
1709599224250,51532.06470000001,51532.06470000001,0.00042365509057518125,48485,19.586113022909814,19.899557559138685,1,SOLUSDT,2024-03-05,50
1709599231550,37891.75020000001,37891.75020000001,0.000173731102458774,48631,14.401753672661705,19.33564916809552,1,SOLUSDT,2024-03-05,50
1709599276750,24167.349599999998,24167.349599999998,1.5086141869957714e-05,49535,9.185435194289317,18.51084135557187,1,SOLUSDT,2024-03-05,50
1709599285050,-82058.7143,82058.7143,-0.00024882468167586325,49701,-31.188567004854853,20.7528074407822,-1,SOLUSDT,2024-03-05,50
1709599288850,-26513.255299999993,26513.255299999993,0.0,49777,-10.077058195400861,18.68074651966692,-1,SOLUSDT,2024-03-05,50
1709599295000,18768.4624,18768.4624,0.00032424321541224543,49900,7.133446485652517,18.04716663986094,1,SOLUSDT,2024-03-05,50
1709599297950,19892.574400000005,19892.574400000005,8.294343639381196e-05,49959,7.560694739930388,18.1538460393596,1,SOLUSDT,2024-03-05,50
1709599333000,-25220.460699999996,25220.460699999996,-8.282789497560117e-05,50660,-9.58569769396519,18.589066645968998,-1,SOLUSDT,2024-03-05,50
1709599336700,-45427.926400000004,45427.926400000004,-0.00021848125480072866,50734,-17.266075132961408,19.66832867626467,-1,SOLUSDT,2024-03-05,50
1709599342100,123915.15169999999,124074.42169999998,0.000429567838757805,50842,47.09720405297897,21.511087359698887,1,SOLUSDT,2024-03-05,50
1709599358250,65240.2734,65240.2734,0.0002863494236065023,51165,24.796277344927272,20.33215581994871,1,SOLUSDT,2024-03-05,50
1709599379800,-18779.795800000004,18779.795800000004,-3.0138183573669153e-05,51596,-7.137754041630066,18.048273752540304,-1,SOLUSDT,2024-03-05,50
1709599381450,-17795.2913,17795.2913,-0.00024114362480354146,51629,-6.763567280031837,17.94951899636586,-1,SOLUSDT,2024-03-05,50
1709599387250,17056.0396,18063.9896,0.00016586248530181535,51745,6.4825952787571,17.977003745067776,1,SOLUSDT,2024-03-05,50
1709599407850,-22685.477699999996,43762.865699999995,3.7623546324638824e-05,52157,-8.622210904949439,19.599843702927227,-1,SOLUSDT,2024-03-05,50
1709599410850,39878.862700000005,39878.862700000005,7.522812933746792e-05,52217,15.157007905939821,19.429391298466218,1,SOLUSDT,2024-03-05,50
1709599417650,132982.87050000002,132982.87050000002,0.00037605860940548297,52353,50.54362845515831,21.638258115932853,1,SOLUSDT,2024-03-05,50
1709599420950,19537.7286,24059.6594,7.518825258401307e-06,52419,7.425826285018567,18.50265080513299,1,SOLUSDT,2024-03-05,50
1709599422450,42448.15520000001,42448.15520000001,0.00032318556017685296,52449,16.133534920467042,19.5439020288321,1,SOLUSDT,2024-03-05,50
1709599424200,-64837.346399999995,64837.346399999995,-0.0002480223984449026,52484,-24.643134368647846,20.320793604437416,-1,SOLUSDT,2024-03-05,50
1709599429700,133059.61840000004,133059.61840000004,6.764704779627095e-05,52594,50.57279850787059,21.639316289157318,1,SOLUSDT,2024-03-05,50
1709599431000,161684.9283,161684.9283,0.0001352702024357555,52620,61.452598459243745,21.996685411844943,1,SOLUSDT,2024-03-05,50
1709599432700,47648.522899999974,47648.522899999974,0.00028546531039097545,52654,18.11007108539367,19.75585676588193,1,SOLUSDT,2024-03-05,50
1709599435000,105263.80059999997,105263.80059999997,0.00016522594685763892,52700,40.008268789056324,21.20954788980993,1,SOLUSDT,2024-03-05,50
1709599440900,-103195.18029999999,103195.18029999999,-0.0006008126171135331,52818,-39.22203537820513,21.1731467667241,-1,SOLUSDT,2024-03-05,50
1709599464000,18298.8609,18298.8609,5.2636921805238046e-05,53280,6.95496211658496,18.000695580439878,1,SOLUSDT,2024-03-05,50
1709599502150,-23549.6259,23549.6259,-8.267599657418856e-05,54043,-8.950653097442148,18.463354661528353,-1,SOLUSDT,2024-03-05,50
1709599517550,-26347.8431,26347.8431,-0.00012036591251884943,54351,-10.01418894955502,18.669268661257636,-1,SOLUSDT,2024-03-05,50
1709599519050,60504.57419999999,72384.3402,-8.277989958305199e-05,54381,22.996350633011463,20.522736177373197,1,SOLUSDT,2024-03-05,50
1709599520800,-47819.9386,47819.9386,-0.0004967485651281578,54416,-18.175222118903523,19.762442839234033,-1,SOLUSDT,2024-03-05,50
1709599527100,-21735.7595,21735.7595,-0.00028615966398337633,54542,-8.26124558921051,18.31635884938018,-1,SOLUSDT,2024-03-05,50
1709599535050,-41885.58779999999,41885.58779999999,8.286221148878781e-05,54701,-15.919716422342612,19.519433162411953,-1,SOLUSDT,2024-03-05,50
1709599555650,-38373.4608,38373.4608,5.2710248013454475e-05,55113,-14.584840422840639,19.358817706403922,-1,SOLUSDT,2024-03-05,50
1709599558200,-16574.6658,16574.6658,-0.000294105450235449,55164,-6.299636538253392,17.819200708616485,-1,SOLUSDT,2024-03-05,50
1709599562400,20378.3063,20908.9823,5.2763487678575416e-05,55248,7.745309890664541,18.245237240182053,1,SOLUSDT,2024-03-05,50
1709599568200,-33526.270300000004,33526.270300000004,-7.5366753460315294e-06,55364,-12.74253851762366,19.111158503878354,-1,SOLUSDT,2024-03-05,50
1709599601200,-27363.9662,27363.9662,-0.0001806807150837031,56024,-10.4003931895297,18.738668219831208,-1,SOLUSDT,2024-03-05,50
1709599610250,-51605.8965,56705.454900000004,-0.0004067520902122368,56205,-19.614174735319423,20.075012230572412,-1,SOLUSDT,2024-03-05,50
1709599627250,38552.859800000006,38552.859800000006,-2.25822841990464e-05,56545,14.653025718940313,19.367371900015232,1,SOLUSDT,2024-03-05,50
1709599633850,-43026.168999999994,43026.168999999994,-0.0003311806620764912,56677,-16.353224228114776,19.568707273305485,-1,SOLUSDT,2024-03-05,50
1709599644150,24202.32410000001,24202.32410000001,5.278417682408332e-05,56883,9.198728170495643,18.5134935477971,1,SOLUSDT,2024-03-05,50
1709599652250,36545.5067,36545.5067,0.00017331479661919502,57045,13.890078514663273,19.26930336314289,1,SOLUSDT,2024-03-05,50
1709599692250,55542.41019999999,55542.41019999999,0.0002338466655444904,57845,21.11035003303523,20.037004613424987,1,SOLUSDT,2024-03-05,50
1709599707450,16113.823999999997,16113.823999999997,7.546343984365933e-06,58149,6.124481522962859,17.767487232666895,1,SOLUSDT,2024-03-05,50
1709599715600,-25427.1256,26222.1256,-7.546885026776806e-05,58312,-9.664246110622527,18.660496899142817,-1,SOLUSDT,2024-03-05,50
1709599717050,-17886.5535,17886.5535,-0.00017360128357601923,58341,-6.798253873210772,17.958900333880255,-1,SOLUSDT,2024-03-05,50
1709599733050,-21129.245799999997,21129.245799999997,-0.00025682668117088525,58661,-8.030724146933752,18.264456026943765,-1,SOLUSDT,2024-03-05,50
1709599736600,-35558.0261,35743.298899999994,-3.778161471501562e-05,58732,-13.51476060818842,19.22859663792579,-1,SOLUSDT,2024-03-05,50
1709599740200,28414.076699999998,29419.9139,0.00021156345471329274,58804,10.799515232461241,18.87153184327393,1,SOLUSDT,2024-03-05,50
1709599741850,-21197.708,21197.708,-3.0211024005133424e-05,58837,-8.056745002003373,18.270388806573916,-1,SOLUSDT,2024-03-05,50
1709599743750,22356.2796,22356.2796,7.554952838439988e-06,58875,8.497090531235264,18.36798255369653,1,SOLUSDT,2024-03-05,50
1709599745600,113692.59959999997,113692.59959999997,0.0001964057749601622,58912,43.21185496054906,21.350822223536007,1,SOLUSDT,2024-03-05,50
1709599752400,23619.689,23619.689,0.0,59048,8.977282416552962,18.468802901249497,1,SOLUSDT,2024-03-05,50
1709599754100,-30774.13870000001,31091.52670000001,-0.0003856376490620761,59082,-11.696518706748092,18.972885370414723,-1,SOLUSDT,2024-03-05,50
1709599755800,20680.780899999998,20680.780899999998,9.831391641323961e-05,59116,7.86027329716976,18.225111129685132,1,SOLUSDT,2024-03-05,50
1709599757050,38938.967500000006,38938.967500000006,9.076194660284642e-05,59141,14.79977607903632,19.38564825008077,1,SOLUSDT,2024-03-05,50
1709599758300,-66097.2026,66097.2026,-0.00022690315114548554,59166,-25.121975767094934,20.356088996646864,-1,SOLUSDT,2024-03-05,50
1709599785750,40605.081600000005,40605.081600000005,0.0,59715,15.43302644968688,19.462489455474135,1,SOLUSDT,2024-03-05,50
1709599787300,-18691.070700000004,18691.070700000004,-3.782591756706921e-05,59746,-7.104031739861532,18.03958865070091,-1,SOLUSDT,2024-03-05,50
1709599790300,30825.959300000002,30825.959300000002,0.00013617072804272823,59806,11.71621448518087,18.957152984027967,1,SOLUSDT,2024-03-05,50
1709599792900,19329.5063,19329.5063,2.2690915693068803e-05,59858,7.3466859376361695,18.101185839103138,1,SOLUSDT,2024-03-05,50
1709599794450,38254.1428,39259.0832,3.0250778960017044e-05,59889,14.539490486887702,19.400663995198627,1,SOLUSDT,2024-03-05,50
1709599796350,-96520.16570000004,169974.72830000008,-0.0001512802090548604,59927,-36.68502097472108,22.08838846046201,-1,SOLUSDT,2024-03-05,50
1709599802950,18649.182600000007,18649.182600000007,9.07894140160792e-05,60059,7.088111068611679,18.035473982262445,1,SOLUSDT,2024-03-05,50
1709599804900,19548.534600000003,19548.534600000003,0.0,60098,7.429933388790903,18.121850231285844,1,SOLUSDT,2024-03-05,50
1709599807650,66255.9344,66255.9344,0.000264681306348713,60153,25.182305951674746,20.360488137519244,1,SOLUSDT,2024-03-05,50
1709599810550,52417.4121,52417.4121,0.0,60211,19.92261252747826,19.93079950503787,1,SOLUSDT,2024-03-05,50
1709599814050,27193.647100000002,27193.647100000002,2.2659893876841863e-05,60281,10.335658947616816,18.727217362524375,1,SOLUSDT,2024-03-05,50
1709599838850,16161.341,29408.146999999997,-7.548964470416308e-06,60777,6.142541605319886,18.870798162239883,1,SOLUSDT,2024-03-05,50
1709599840700,88000.79120000002,91523.37600000002,-3.020372412176897e-05,60814,33.447009208398505,20.953010466334923,1,SOLUSDT,2024-03-05,50
1709599865400,-33068.8134,33068.8134,2.267959403567943e-05,61308,-12.568670022373748,19.085961649643682,-1,SOLUSDT,2024-03-05,50
1709599886350,-24863.5655,24863.5655,-0.00011341940618248003,61727,-9.45005031082174,18.562928426313135,-1,SOLUSDT,2024-03-05,50
1709599894250,-177477.11459999997,177477.11459999997,-0.00031005290053354173,61885,-67.45483313684336,22.167604720204384,-1,SOLUSDT,2024-03-05,50
1709599923550,16908.5158,16908.5158,3.7820481308514786e-05,62471,6.426524988595233,17.855773460077398,1,SOLUSDT,2024-03-05,50
1709599972000,-17584.9143,17584.9143,-0.00012857504829799637,63440,-6.683607982390486,17.92770862823592,-1,SOLUSDT,2024-03-05,50
1709599974400,24809.737299999997,24809.737299999997,9.07420431186523e-05,63488,9.429591491343858,18.558953637797572,1,SOLUSDT,2024-03-05,50
1709599990900,-28993.686899999997,28993.686899999997,-3.783593581996314e-05,63818,-11.019811293807125,18.84476702254504,-1,SOLUSDT,2024-03-05,50
1709599994600,19895.7763,19895.7763,1.5138784810631023e-05,63892,7.561911706020395,18.154141210926166,1,SOLUSDT,2024-03-05,50
1709599995600,-282406.3852000002,283410.58840000007,-3.027321577420139e-05,63912,-107.33595502371959,23.02604379847372,-1,SOLUSDT,2024-03-05,50
1709599997050,-66050.88639999999,66050.88639999999,0.00014382335488960507,63941,-25.104372080278324,20.354803384401244,-1,SOLUSDT,2024-03-05,50
1709600003400,19406.2291,19406.2291,0.0003028009107159946,64068,7.375846450434992,18.10845083386646,1,SOLUSDT,2024-03-05,50
1709600005500,-25111.6293,25111.6293,-0.00024968316849083294,64110,-9.544333465435814,18.581135477162885,-1,SOLUSDT,2024-03-05,50
1709600087450,-140452.1027,140452.1027,-0.0005298574807373058,65749,-53.38250609212512,21.73848201604647,-1,SOLUSDT,2024-03-05,50
1709600098650,19174.1755,19174.1755,0.00012865483816693057,65973,7.287648392324328,18.086388635853066,1,SOLUSDT,2024-03-05,50
1709600112350,35512.989499999996,35512.989499999996,6.055376419222824e-05,66247,13.497643266919388,19.216741071405348,1,SOLUSDT,2024-03-05,50
1709600113750,23543.9939,23543.9939,3.0275277967284353e-05,66275,8.948512508098656,18.462916002923052,1,SOLUSDT,2024-03-05,50
1709600136150,74393.4323,74393.4323,6.049286564113743e-05,66723,28.275175498450178,20.572947918664045,1,SOLUSDT,2024-03-05,50
1709600148450,-522283.6012,554884.9228000002,-0.00046980019201470213,66969,-198.5075836310427,24.258282426360076,-1,SOLUSDT,2024-03-05,50
1709600150400,-474995.0121999999,482984.44499999995,-0.00046264520110383955,67008,-180.53431486644124,24.0037582831631,-1,SOLUSDT,2024-03-05,50
1709600152350,23113.135699999995,23113.135699999995,9.859801219214148e-05,67047,8.784753546543838,18.429042930059396,1,SOLUSDT,2024-03-05,50
1709600156250,16587.140900000002,16587.140900000002,6.82565384346745e-05,67125,6.304378027266003,17.820580534231798,1,SOLUSDT,2024-03-05,50
1709600157450,-37234.375700000004,37234.375700000004,-0.00013650531254327802,67149,-14.151901249120465,19.303552060043597,-1,SOLUSDT,2024-03-05,50
1709600159500,18423.189199999993,18423.189199999993,0.00017440427713832918,67190,7.002216348487416,18.013113979323833,1,SOLUSDT,2024-03-05,50
1709600163700,33903.980899999995,33903.980899999995,0.00017441750285929203,67274,12.886097339584676,19.13170513284131,1,SOLUSDT,2024-03-05,50
1709600179600,-105069.1838,105069.1838,-0.00013649289120643004,67592,-39.93429956886017,21.20615387713599,-1,SOLUSDT,2024-03-05,50
1709600192700,50158.15930000001,50158.15930000001,0.00018954830695339098,67854,19.06392423416551,19.84999656224852,1,SOLUSDT,2024-03-05,50
1709600251200,122494.4796,122494.4796,0.000386561314574152,69024,46.557240353075166,21.48758292475947,1,SOLUSDT,2024-03-05,50
1709600256400,-66094.5094,66094.5094,8.331092779112481e-05,69128,-25.120952145784578,20.356014265382484,-1,SOLUSDT,2024-03-05,50
1709600259800,67642.9306,67880.67460000001,3.7856561493576635e-05,69196,25.709470242368237,20.40492014029337,1,SOLUSDT,2024-03-05,50
1709600263100,-29844.931600000004,29844.931600000004,-0.0001590132097888386,69262,-11.343349172629068,18.897837380245154,-1,SOLUSDT,2024-03-05,50
1709600283350,-49277.95330000001,49383.57010000001,-0.00015905295360862937,69667,-18.72937885354071,19.821452826135733,-1,SOLUSDT,2024-03-05,50
1709600293650,-23611.392099999997,23611.392099999997,-8.334248842789549e-05,69873,-8.974128962056508,18.468158562713654,-1,SOLUSDT,2024-03-05,50
1709600297050,-23647.2782,23647.2782,-7.577967816807529e-06,69941,-8.98776841575671,18.47094385637979,-1,SOLUSDT,2024-03-05,50
1709600331000,75215.49839999998,75215.49839999998,9.091873386779525e-05,70620,28.58762328490385,20.593103359783992,1,SOLUSDT,2024-03-05,50
1709600380800,17366.8084,17366.8084,3.788926483938582e-05,71616,6.600711113552947,17.904819769646235,1,SOLUSDT,2024-03-05,50
1709596802600,-784411.9745000001,784411.9745000001,-6.87683946569706e-05,26,-35.31399388937403,12.329117848857225,-1,BTCUSDT,2024-03-05,100
1709596806600,-406326.63339999993,630301.2833999998,-0.00017707727420557262,66,-18.29270423634707,12.1304230311221,-1,BTCUSDT,2024-03-05,100
1709596808600,-194107.71029999992,196156.63849999994,-7.027952218763289e-05,86,-8.738671410241942,11.070092111168611,-1,BTCUSDT,2024-03-05,100
1709596809700,-222996.647,222996.647,-0.00013474522919665333,97,-10.03924275190791,11.186584721971332,-1,BTCUSDT,2024-03-05,100
1709596811000,-597943.4811,605588.1755,-9.961968727623116e-05,110,-26.919237752860738,12.094090055400908,-1,BTCUSDT,2024-03-05,100
1709596812500,-800902.1972000011,800902.1972000011,-0.00014507545781050624,125,-36.05637881284928,12.348016131298131,-1,BTCUSDT,2024-03-05,100
1709596814600,558856.4367000002,566907.3435000002,0.00016416438168143088,146,25.159550634398368,12.034133379935191,1,BTCUSDT,2024-03-05,100
1709596816200,-136516.60000000003,136516.60000000003,-1.4650222279755098e-06,162,-6.145936746148079,10.74083724252196,-1,BTCUSDT,2024-03-05,100
1709596819400,-144343.81040000002,144343.81040000002,-0.00012455097557761974,194,-6.498315431357001,10.791480531124778,-1,BTCUSDT,2024-03-05,100
1709596823400,-1979143.4582999984,1979143.4582999984,-0.00019932756326568324,234,-89.10045010104665,13.16980634017305,-1,BTCUSDT,2024-03-05,100
1709596825000,266511.8703,266511.8703,6.594078080723875e-05,250,11.998285167968001,11.348513170199222,1,BTCUSDT,2024-03-05,100
1709596829300,-169345.17429999996,169345.17429999996,-3.368164548334107e-05,293,-7.62386940132717,10.936584676188497,-1,BTCUSDT,2024-03-05,100
1709596833900,-158287.706,158287.706,-3.953990198901636e-05,339,-7.126065465803306,10.875247103761952,-1,BTCUSDT,2024-03-05,100
1709596837700,-207390.3955,207390.3955,-0.0001933151056885407,377,-9.33665394905552,11.120678883766438,-1,BTCUSDT,2024-03-05,100
1709596841900,-512088.1905000001,512088.1905000001,-0.00027388252075688513,419,-23.05405809449127,11.94175252083924,-1,BTCUSDT,2024-03-05,100
1709596852900,136774.13379999995,136774.13379999995,5.125565369290541e-05,529,6.157530841260282,10.742549236843907,1,BTCUSDT,2024-03-05,100
1709596860300,250359.2793,250359.2793,0.00012150019081680341,603,11.271100323250211,11.291720053611478,1,BTCUSDT,2024-03-05,100
1709596864200,677632.0588,691988.8978,0.00013602327920381185,642,30.506793829811865,12.215239844411089,1,BTCUSDT,2024-03-05,100
1709596869300,-1955531.3614999994,1955531.3614999994,-0.00027947695557806185,693,-88.03744052289484,13.158903823940904,-1,BTCUSDT,2024-03-05,100
1709596874500,176411.60270000002,176821.7141,-3.9501722353563196e-05,745,7.941997907073612,10.975828941104233,1,BTCUSDT,2024-03-05,100
1709596875600,-217896.33630000002,217896.33630000002,-6.145031524518174e-05,756,-9.80962828049636,11.165567423590906,-1,BTCUSDT,2024-03-05,100
1709596891300,-142520.30509999997,142520.30509999997,-0.00012153684082072402,913,-6.4162217648720015,10.779931922403337,-1,BTCUSDT,2024-03-05,100
1709596894600,1708541.1360999998,1727522.4066999997,0.000320789584559833,946,76.91801400461608,13.046289044538499,1,BTCUSDT,2024-03-05,100
1709596895700,-621134.2987000002,621134.2987000002,-0.0001742975556613402,957,-27.963281466673262,12.117114775883035,-1,BTCUSDT,2024-03-05,100
1709596898900,-942066.5413999998,960357.1737999998,-2.783872586675784e-05,989,-42.4115556211251,12.512946682119885,-1,BTCUSDT,2024-03-05,100
1709596901600,-347977.929,347977.929,-1.025928887088412e-05,1016,-15.66586291110097,11.590794884842598,-1,BTCUSDT,2024-03-05,100
1709596903100,-667516.7619000004,697670.3113000003,-0.00014070985212022435,1031,-30.05140617061214,12.222667400227381,-1,BTCUSDT,2024-03-05,100
1709596906000,452571.3599999999,453253.45599999995,1.4660682179368223e-06,1060,20.37462807950249,11.830889554088225,1,BTCUSDT,2024-03-05,100
1709596908700,345662.93530000007,345662.93530000007,0.00017442989684646193,1087,15.561642582965558,11.584731550126921,1,BTCUSDT,2024-03-05,100
1709596910100,-178254.4225,178254.4225,-1.4658404214884513e-06,1101,-8.024961106606483,10.98315941872577,-1,BTCUSDT,2024-03-05,100
1709596913900,-180776.5438,180776.5438,0.0,1139,-8.138506257715672,10.99592189144999,-1,BTCUSDT,2024-03-05,100
1709596914900,-767690.7303999999,797837.2993999998,-0.0001451405410133333,1149,-34.56120845115258,12.344533284893911,-1,BTCUSDT,2024-03-05,100
1709596919000,336346.72439999995,336346.72439999995,0.0001099541492308731,1190,15.142229537920661,11.559913333746918,1,BTCUSDT,2024-03-05,100
1709596920900,-147088.788,147088.788,0.0,1209,-6.621893506837882,10.808592759970631,-1,BTCUSDT,2024-03-05,100
1709596924600,390859.65120000014,394954.0992000001,0.00015827561679948587,1246,17.596385295976468,11.70582278401538,1,BTCUSDT,2024-03-05,100
1709596927400,172853.31100000002,172853.31100000002,1.4648269424100135e-06,1274,7.781804672605835,10.95521014197021,1,BTCUSDT,2024-03-05,100
1709596930700,-157990.45900000003,162086.18500000006,-0.00022704019514563356,1307,-7.1126834942336785,10.896788125263544,-1,BTCUSDT,2024-03-05,100
1709596933700,137873.492,137873.492,9.665118302848441e-05,1337,6.207023620589386,10.749821315510365,1,BTCUSDT,2024-03-05,100
1709596938000,154570.4844,154570.4844,4.540617656623169e-05,1380,6.958717254486766,10.853660484852089,1,BTCUSDT,2024-03-05,100
1709596941000,-352800.14289999957,353209.89969999954,1.6107009111365755e-05,1410,-15.882957547253595,11.604350954625508,-1,BTCUSDT,2024-03-05,100
1709596942400,-890203.5322000001,903869.9722000001,-3.512191695875799e-05,1424,-40.07669836561117,12.457881158677388,-1,BTCUSDT,2024-03-05,100
1709596944200,-136451.1043,151758.00990000003,-0.00010829400369161135,1442,-6.142988149205693,10.836980079302988,-1,BTCUSDT,2024-03-05,100
1709596954400,-427854.6759000001,434548.0661000001,-0.000106864742274837,1544,-19.261890309494134,11.79260617908503,-1,BTCUSDT,2024-03-05,100
1709596980100,250680.2405,250680.2405,2.6345755847145824e-05,1801,11.2855499010537,11.292883844409044,1,BTCUSDT,2024-03-05,100
1709596987400,669083.8723999999,697646.2602,0.00012293840362431752,1874,30.121957019426286,12.222636084852885,1,BTCUSDT,2024-03-05,100
1709596995600,-283638.2689000001,297300.7089,-4.9770251743908034e-05,1956,-12.769310541328599,11.44782141348647,-1,BTCUSDT,2024-03-05,100
1709596998500,-341800.8365000001,341800.8365000001,-6.882367888749741e-05,1985,-15.387772043176446,11.574525142508827,-1,BTCUSDT,2024-03-05,100
1709597010100,199382.6446,199382.6446,0.00018300659387193718,2101,8.976147384210583,11.084909751074944,1,BTCUSDT,2024-03-05,100
1709597012700,-153299.307,153299.307,0.0,2127,-6.901489225854842,10.846159215285152,-1,BTCUSDT,2024-03-05,100
1709597018000,133305.8153,133305.8153,4.8296205024556116e-05,2180,6.001388173507826,10.719217700973592,1,BTCUSDT,2024-03-05,100
1709597020200,-201692.0432,201692.0432,-0.0001316838711105106,2202,-9.0801158226074,11.095370729790371,-1,BTCUSDT,2024-03-05,100
1709597029600,142408.86389999997,143092.19789999997,0.0001112211941904917,2296,6.411204715179035,10.783569656856233,1,BTCUSDT,2024-03-05,100
1709597036300,267513.1245,267513.1245,1.4634806682067847e-06,2363,12.043361334383038,11.351919429371842,1,BTCUSDT,2024-03-05,100
1709597042200,285422.7816,286105.89259999996,0.00024592611800677844,2422,12.849648772553941,11.412956106345824,1,BTCUSDT,2024-03-05,100
1709597044400,335854.87210000004,335854.87210000004,7.317403346362994e-06,2444,15.120086493600434,11.55858401235795,1,BTCUSDT,2024-03-05,100
1709597053600,-325312.55280000006,326679.18280000007,-0.00017852543888530192,2536,-14.645474412904782,11.533421558516912,-1,BTCUSDT,2024-03-05,100
1709597059500,-1133338.8053000004,1133338.8053000004,-0.00027808717187305376,2595,-51.022576077406214,12.663390071148875,-1,BTCUSDT,2024-03-05,100
1709597071200,594934.9247999999,594934.9247999999,1.755813204873391e-05,2712,26.78379344266677,12.077968076707593,1,BTCUSDT,2024-03-05,100
1709597076800,159530.30040000004,159530.30040000004,0.0,2768,7.182006696272846,10.8823501789728,1,BTCUSDT,2024-03-05,100
1709597080700,668582.3086999998,668582.3086999998,0.00023401084454555132,2807,30.099376770765215,12.183982281974396,1,BTCUSDT,2024-03-05,100
1709597084600,-216389.15869999997,218987.67469999997,-0.0003407556179038096,2846,-9.741775593022371,11.17010567176277,-1,BTCUSDT,2024-03-05,100
1709597088300,158684.85030000002,160052.31630000003,0.00012286252138160592,2883,7.143944784119857,10.885317703325496,1,BTCUSDT,2024-03-05,100
1709597096800,294530.36880000035,294940.7676000003,1.4619893722311872e-06,2968,13.259669640647857,11.440582068820506,1,BTCUSDT,2024-03-05,100
1709597097800,166863.20950000003,167000.03850000005,-7.308125176663793e-05,2978,7.512132083909613,10.92391739995068,1,BTCUSDT,2024-03-05,100
1709597102400,-141510.55109999998,142194.83909999998,1.4613740582092305e-06,3024,-6.370762939987921,10.777855153190096,-1,BTCUSDT,2024-03-05,100
1709597106700,1073967.0859000003,1127353.0159000005,0.00020749192024815954,3067,48.34967892099848,12.658579720439244,1,BTCUSDT,2024-03-05,100
1709597112900,-225240.0679,767494.4236999999,1.752779250629999e-05,3129,-10.14024089386564,12.309312401787462,-1,BTCUSDT,2024-03-05,100
1709597116600,684634.9668,684634.9668,0.0,3166,30.822062666034675,12.205534659882533,1,BTCUSDT,2024-03-05,100
1709597118100,-210817.65069999997,210817.65069999997,-0.00011834155285228576,3181,-9.490947959249935,11.135567616901815,-1,BTCUSDT,2024-03-05,100
1709597119300,410611.1947999999,410611.1947999999,1.4612726223717232e-05,3193,18.4855939167917,11.741137857457684,1,BTCUSDT,2024-03-05,100
1709597120700,670783.9687000003,698165.2887000004,0.0002805225334974182,3207,30.198494849420317,12.223311638521013,1,BTCUSDT,2024-03-05,100
1709597127700,-412970.55650000006,412970.55650000006,-3.3611505076081016e-05,3277,-18.59181167909669,11.746342417028902,-1,BTCUSDT,2024-03-05,100
1709597130500,-693299.9773000001,693299.9773000001,-7.158787012429002e-05,3305,-31.212158862670904,12.216959273316046,-1,BTCUSDT,2024-03-05,100
1709597136600,311240.2061,311240.2061,3.506956926280225e-05,3366,14.011941548124485,11.489443889751668,1,BTCUSDT,2024-03-05,100
1709597141900,684554.0302999999,684690.9316999998,0.00010079724788170097,3419,30.818418928866773,12.205608911226031,1,BTCUSDT,2024-03-05,100
1709597154500,136588.59060000003,137273.25960000002,8.763742649620099e-05,3545,6.149177741557554,10.745858091529326,1,BTCUSDT,2024-03-05,100
1709597158400,549581.0277,549581.0277,-5.842836464964307e-05,3584,24.74197447876122,12.005937727339868,1,BTCUSDT,2024-03-05,100
1709597162100,-238031.46160000004,238031.46160000004,-2.4839547483779256e-05,3621,-10.71610563540826,11.245852528823503,-1,BTCUSDT,2024-03-05,100
1709597164500,-432432.3168000001,432432.3168000001,-0.00017974401869835788,3645,-19.467974341897374,11.788172636996874,-1,BTCUSDT,2024-03-05,100
1709597166300,-544067.9010000001,544067.9010000001,-0.00021197017585983247,3663,-24.493775153758257,11.996779340864666,-1,BTCUSDT,2024-03-05,100
1709597175100,-159556.7169,159556.7169,3.944568585190211e-05,3751,-7.183195959249321,10.88250058299859,-1,BTCUSDT,2024-03-05,100
1709597184300,2774328.784799999,3662386.7586000045,0.00038401589100267586,3843,124.89945709458524,13.728867462726708,1,BTCUSDT,2024-03-05,100
1709597191900,679321.0195999999,679321.0195999999,0.00010513066875716959,3919,30.582830342906412,12.198456595975806,1,BTCUSDT,2024-03-05,100
1709597193800,529299.501,530669.499,2.7737651453918488e-05,3938,23.82890617634589,11.974129332098217,1,BTCUSDT,2024-03-05,100
1709597195200,231804.0,231804.0,1.4598550812650046e-06,3952,10.435747165576267,11.221770953598423,1,BTCUSDT,2024-03-05,100
1709597196400,843178.4087,844822.4700999998,7.444989197225027e-05,3964,37.959641286026695,12.396512196190715,1,BTCUSDT,2024-03-05,100
1709597199000,-636608.0588,636608.0588,-0.00019416526152404856,3990,-28.65990554608682,12.139467035596507,-1,BTCUSDT,2024-03-05,100
1709597200500,-144993.2191,144993.2191,-3.504191889902586e-05,4005,-6.527551617964329,10.795558161461635,-1,BTCUSDT,2024-03-05,100
1709597207700,-1762638.5196,1762775.5196,-0.00024674576770067347,4077,-79.35346212684529,13.064639444441925,-1,BTCUSDT,2024-03-05,100
1709597221200,-200952.1755,201226.1387,-7.737977486321768e-05,4212,-9.046807198713179,11.09326998102144,-1,BTCUSDT,2024-03-05,100
1709597223700,-222051.73230000006,222188.62410000004,-6.2821366006105e-05,4237,-9.996702973033361,11.183287277824679,-1,BTCUSDT,2024-03-05,100
1709597226900,-494909.80080000014,494909.80080000014,-0.0002017694308609208,4269,-22.280692097265433,11.910757555333195,-1,BTCUSDT,2024-03-05,100
1709597228800,645164.9157999998,647901.4557999999,0.0002207410329262416,4288,29.04513270430665,12.155440305292453,1,BTCUSDT,2024-03-05,100
1709597231700,414289.5672999999,415657.6712999998,0.00021197544380413547,4317,18.65119315317592,11.752233878090411,1,BTCUSDT,2024-03-05,100
1709597243500,-388950.78429999994,388950.78429999994,-0.00011547453835802912,4435,-17.510448675637132,11.691909451089264,-1,BTCUSDT,2024-03-05,100
1709597246900,135315.0603,173622.7563,7.455252045751593e-05,4469,6.0918437860671375,10.959244725927473,1,BTCUSDT,2024-03-05,100
1709597249000,286236.5474,286236.5474,0.00017685753440943586,4490,12.886284266940546,11.413370834910905,1,BTCUSDT,2024-03-05,100
1709597256200,-186492.7746,186492.7746,-0.00018117900827618882,4562,-8.395849268918585,11.024200227650958,-1,BTCUSDT,2024-03-05,100
1709597257600,-7068360.192400006,7230429.200000007,-0.0004371936332940862,4576,-318.2154744659733,14.346730124768555,-1,BTCUSDT,2024-03-05,100
1709597263000,-698726.8631000002,714054.8919000002,-9.791707016582052e-05,4630,-31.456475647994957,12.24375368595456,-1,BTCUSDT,2024-03-05,100
1709597265700,-477339.9136999999,477339.9136999999,-0.00012572051760706415,4657,-21.489701003482224,11.877922815726734,-1,BTCUSDT,2024-03-05,100
1709597271600,-236447.65490000005,236447.65490000005,-2.192474404694167e-05,4716,-10.644803128633805,11.23978822577163,-1,BTCUSDT,2024-03-05,100
1709597275700,-244119.3182,252327.4142,-0.0001286617426075054,4757,-10.990179129644272,11.298833073201996,-1,BTCUSDT,2024-03-05,100
1709597285600,-233395.82700000002,233532.47560000003,-7.317783534510625e-05,4856,-10.507410743872319,11.228519221696395,-1,BTCUSDT,2024-03-05,100
1709597291200,-164775.9326,164775.9326,-2.4874438954824996e-05,4912,-7.418163498410881,10.91173843274338,-1,BTCUSDT,2024-03-05,100
1709597307300,-345002.8438,345002.8438,-3.51166751570986e-05,5073,-15.531925459878178,11.582995224732215,-1,BTCUSDT,2024-03-05,100
1709597309300,-1024563.5040000004,1026067.0390000003,-9.950379805445664e-05,5093,-46.1255443513524,12.573065808781791,-1,BTCUSDT,2024-03-05,100
1709597315000,-341975.54209999996,341975.54209999996,-0.00011854991514148594,5150,-15.395637237349147,11.57498932367123,-1,BTCUSDT,2024-03-05,100
1709597316400,-938128.1704999998,938128.1704999998,-0.00029721619915257236,5164,-42.23425133406939,12.49167370994131,-1,BTCUSDT,2024-03-05,100
1709597319200,-709289.8214000001,709289.8214000001,-9.664651252805356e-05,5192,-31.93201689033471,12.237671547665188,-1,BTCUSDT,2024-03-05,100
1709597321500,-495820.3676999999,544722.9528999999,-0.0001962237190973326,5215,-22.321685548395436,11.997872356920636,-1,BTCUSDT,2024-03-05,100
1709597331800,-1554806.6398000002,1582118.0398000001,-0.00018744993457531223,5318,-69.99693268585534,12.966421181366917,-1,BTCUSDT,2024-03-05,100
1709597336400,133956.11470000003,133956.11470000003,4.391666374559122e-05,5364,6.030664459164357,10.72363818576237,1,BTCUSDT,2024-03-05,100
1709597341800,1491394.4981,1713424.7137000002,1.6101279980418326e-05,5418,67.14213691870336,13.03884569749607,1,BTCUSDT,2024-03-05,100
1709597351400,249571.68940000006,250255.12540000005,0.00010681611177609796,5514,11.235643260099614,11.291342075625783,1,BTCUSDT,2024-03-05,100
1709597354400,273185.9409,273185.9409,0.00015515495034001958,5544,12.29874984220488,11.370980771586908,1,BTCUSDT,2024-03-05,100
1709597355900,-559129.6847,559129.6847,-6.292469598889738e-05,5559,-25.171852178122794,12.021584689936626,-1,BTCUSDT,2024-03-05,100
1709597358000,271485.13249999995,271485.13249999995,7.024393673304985e-05,5580,12.222179953680573,11.365307717317869,1,BTCUSDT,2024-03-05,100
1709597408700,-372618.1246,477720.2768,-0.00011998653823930283,6087,-16.775157191579066,11.87864635613276,-1,BTCUSDT,2024-03-05,100
1709597414200,-200255.81269999995,200529.12869999994,-0.00012879412131105994,6142,-9.015457152483116,11.090118086004939,-1,BTCUSDT,2024-03-05,100
1709597415500,-195943.34050000008,202501.81090000007,-8.489598051930614e-05,6155,-8.82131093612026,11.099010426670796,-1,BTCUSDT,2024-03-05,100
1709597416800,-254410.90970000002,302775.2483000001,-0.00012295747882440367,6168,-11.45350351932432,11.46439620221052,-1,BTCUSDT,2024-03-05,100
1709597420900,-554254.498,554254.498,-4.392418686016697e-05,6209,-24.95237272226276,12.013629615629492,-1,BTCUSDT,2024-03-05,100
1709597422300,252329.7471,252329.7471,6.882760956372636e-05,6223,11.35981019779383,11.298841471552613,1,BTCUSDT,2024-03-05,100
1709597432700,-1364614.533199999,1364751.0233999991,-0.00015240372949776315,6327,-61.434540590093654,12.832170019131716,-1,BTCUSDT,2024-03-05,100
1709597436100,182569.70690000002,182569.70690000002,0.00019780437212091329,6361,8.219233927377289,11.004887840896062,1,BTCUSDT,2024-03-05,100
1709597439700,239100.76800000004,239100.76800000004,-6.446111971314394e-05,6397,10.764245491635645,11.249924065578321,1,BTCUSDT,2024-03-05,100
1709597445500,-375017.8460999999,375836.8952999999,-9.96227521596893e-05,6455,-16.883191940081236,11.66075442679044,-1,BTCUSDT,2024-03-05,100
1709597454400,230412.711,230412.711,0.0,6544,10.373111748421051,11.216302466632616,1,BTCUSDT,2024-03-05,100
1709597461300,144838.44269999999,145657.56869999997,0.00011573828217770199,6613,6.520583630450749,10.79971075077201,1,BTCUSDT,2024-03-05,100
1709597462300,-384943.34969999996,388356.64469999995,-0.00010694066927108281,6623,-17.330035161339786,11.690520807835744,-1,BTCUSDT,2024-03-05,100
1709597463500,-138507.85890000005,138507.85890000005,0.0,6635,-6.235582629832587,10.753991213582271,-1,BTCUSDT,2024-03-05,100
1709597465400,139939.54659999997,139939.54659999997,6.738554348117987e-05,6654,6.3000367844514225,10.763332396281596,1,BTCUSDT,2024-03-05,100
1709597470000,-253647.82439999995,309094.5063999999,0.00012155802250291003,6700,-11.419149645980596,11.483159845586473,-1,BTCUSDT,2024-03-05,100
1709597471500,481902.6027000001,485864.30430000013,0.00025475245227291055,6715,21.695111905792615,11.894001534644074,1,BTCUSDT,2024-03-05,100
1709597473200,248351.8571,250539.3739,1.0239958806224081e-05,6732,11.18072677260499,11.292373252071297,1,BTCUSDT,2024-03-05,100
1709597477800,-308835.51580000005,308835.51580000005,-3.801958886562318e-05,6778,-13.90368310572352,11.482398399137088,-1,BTCUSDT,2024-03-05,100
1709597482600,-135107.5039,135107.5039,-8.775188452858629e-05,6826,-6.082499658644844,10.731412509756776,-1,BTCUSDT,2024-03-05,100
1709597484300,358535.1528999999,358535.1528999999,7.605341293448475e-05,6843,16.14114599245754,11.617944061422627,1,BTCUSDT,2024-03-05,100
1709597502400,-724851.4379,724851.4379,-8.921448117860109e-05,7024,-32.63259623875691,12.257385570633224,-1,BTCUSDT,2024-03-05,100
1709597522100,-189337.0741,189337.0741,-0.000342340500468552,7221,-8.523898786809454,11.037949701413474,-1,BTCUSDT,2024-03-05,100
1709597534300,341493.4855999999,341493.4855999999,1.4642478269877301e-06,7343,15.373935197032658,11.573707955458877,1,BTCUSDT,2024-03-05,100
1709597536800,140113.2708,140113.2708,1.4645308930028023e-06,7368,6.307857796287897,10.764459368911755,1,BTCUSDT,2024-03-05,100
1709597551800,-251377.27219999998,251377.27219999998,4.688521036122495e-05,7518,-11.316930060962896,11.295406126456554,-1,BTCUSDT,2024-03-05,100
1709597573600,136623.07739999998,136623.07739999998,1.4646145469754401e-06,7736,6.150730327040761,10.741545458185932,1,BTCUSDT,2024-03-05,100
1709597580600,-208442.6136,208442.6136,-7.762741335426426e-05,7806,-9.38402449509719,11.125275959787412,-1,BTCUSDT,2024-03-05,100
1709597591100,-2051158.3576999996,2051158.3576999996,-0.00024757497509675375,7911,-92.34253946228641,13.20227219479194,-1,BTCUSDT,2024-03-05,100
1709597602000,228498.5039,228498.5039,8.937591442403914e-05,8020,10.286934713865346,11.208724426202773,1,BTCUSDT,2024-03-05,100
1709597603800,196929.3369,196929.3369,0.00011423399528354139,8038,8.865700200915379,11.07366333321325,1,BTCUSDT,2024-03-05,100
1709597605800,-278311.54089999996,278311.54089999996,-5.710457826602067e-05,8058,-12.529502830384022,11.387866046950498,-1,BTCUSDT,2024-03-05,100
1709597629500,136459.3636,136732.56320000006,4.538909066731378e-05,8295,6.143359980436236,10.742273108367892,1,BTCUSDT,2024-03-05,100
1709597634400,257179.25629999998,274666.05309999996,1.4639605847577286e-06,8344,11.578133660237688,11.375889024163213,1,BTCUSDT,2024-03-05,100
1709597649100,295691.89690000005,295691.89690000005,7.02410585624591e-05,8491,13.311961290392077,11.442892494726307,1,BTCUSDT,2024-03-05,100
1709597651800,137600.47960000002,137600.47960000002,5.998102553306239e-05,8518,6.194732683506907,10.748020808437136,1,BTCUSDT,2024-03-05,100
1709597661300,195815.96909999996,202653.23909999998,4.24149926825379e-05,8613,8.815576713559276,11.099689441751984,1,BTCUSDT,2024-03-05,100
1709597676100,205413.16759999996,205960.3914,8.040624161509413e-05,8761,9.24763973681965,11.114393754916067,1,BTCUSDT,2024-03-05,100
1709597708400,2011150.5183000003,2012380.3863000004,0.00013463953212600188,9084,90.54139842667283,13.184934566349067,1,BTCUSDT,2024-03-05,100
1709597711100,-206843.2953,206843.2953,-7.607566606360194e-05,9111,-9.312023660702273,11.118279411961263,-1,BTCUSDT,2024-03-05,100
1709597723500,231849.90490000002,231849.90490000002,0.00011258997156993189,9235,10.43781379052692,11.221950823829374,1,BTCUSDT,2024-03-05,100
1709597736300,149972.78180000006,248225.14940000005,0.00010231135986593642,9363,6.7517300503137925,11.28394364468493,1,BTCUSDT,2024-03-05,100
1709597740200,-135349.10969999997,135349.10969999997,-1.0234868296876698e-05,9402,-6.093376679932382,10.73303545061584,-1,BTCUSDT,2024-03-05,100
1709597749500,-133368.38569999998,140207.4057,-9.796245414150917e-05,9495,-6.004205074313891,10.765069451304349,-1,BTCUSDT,2024-03-05,100
1709597752100,241659.6733,241933.27569999997,0.0,9521,10.879446647489091,11.260621867195173,1,BTCUSDT,2024-03-05,100
1709597760300,-159955.1153,159955.1153,-0.00012867811042305277,9603,-7.201131736775034,10.884765874975784,-1,BTCUSDT,2024-03-05,100
1709597765300,-143740.015,143740.015,0.0,9653,-6.471132741955015,10.78767281479995,-1,BTCUSDT,2024-03-05,100
1709597776100,-247355.2156,247355.2156,-0.00020186151490975135,9761,-11.135858268572614,11.280754554157351,-1,BTCUSDT,2024-03-05,100
1709597777500,-409951.6404000001,409951.6404000001,-9.074171109979545e-05,9775,-18.455900973786655,11.739677585133927,-1,BTCUSDT,2024-03-05,100
1709597789000,-194288.3415,265903.1071,-8.048295631368774e-05,9890,-8.746803373164996,11.346435901269432,-1,BTCUSDT,2024-03-05,100
1709597791500,135029.5128,135029.5128,2.1950571703399646e-05,9915,6.078988522509293,10.730887999743695,1,BTCUSDT,2024-03-05,100
1709597803900,272753.86739999993,272753.86739999993,8.783307031023924e-06,10039,12.279298021688643,11.369542942026632,1,BTCUSDT,2024-03-05,100
1709597821800,314107.5283,314107.5283,0.0001654185862527413,10218,14.141027541124794,11.49777403571518,1,BTCUSDT,2024-03-05,100
1709597825800,-247992.89829999994,247992.89829999994,3.803471692265248e-05,10258,-11.164566554146036,11.283093330262174,-1,BTCUSDT,2024-03-05,100
1709597831800,-136728.00000000003,136728.00000000003,-1.4627571065517486e-06,10318,-6.155453911299684,10.742242792663472,-1,BTCUSDT,2024-03-05,100
1709597835800,212880.70869999996,481144.1839,0.00023547358453512857,10358,9.58382621707085,11.885133622502865,1,BTCUSDT,2024-03-05,100
1709597842900,-133701.92410000003,133701.92410000003,-0.0001301886200888447,10429,-6.0192208739222295,10.72191285597419,-1,BTCUSDT,2024-03-05,100
1709597845300,-155728.8638,155728.8638,-5.851178206839336e-06,10453,-7.0108671506930955,10.860442600966465,-1,BTCUSDT,2024-03-05,100
1709597852800,170504.30650000004,170504.30650000004,0.0,10528,7.676053188365699,10.942781105907939,1,BTCUSDT,2024-03-05,100
1709597858400,633507.5148,633507.5148,7.458457492148796e-05,10584,28.52031997698644,12.135032063652515,1,BTCUSDT,2024-03-05,100
1709597861800,-370782.80070000014,384187.84030000016,-0.00016083399772881535,10618,-16.6925314552357,11.680717172388606,-1,BTCUSDT,2024-03-05,100
1709597864600,435469.71069999994,435469.71069999994,0.00011843031595937248,10646,19.604716912270025,11.794530735121505,1,BTCUSDT,2024-03-05,100
1709597872000,-154554.60109999994,154554.60109999994,-7.165162107547474e-05,10720,-6.958002193042807,10.853567137990693,-1,BTCUSDT,2024-03-05,100
1709597878300,-136799.8,136799.8,8.771981121924455e-06,10783,-6.158686325953823,10.742719680062017,-1,BTCUSDT,2024-03-05,100
1709597881100,160352.83669999999,174449.4947,0.00019142293787410836,10811,7.219037035962014,10.96355984783688,1,BTCUSDT,2024-03-05,100
1709597888200,221440.04109999991,221440.04109999991,1.4622416308895936e-06,10882,9.96916481706276,11.180221682292823,1,BTCUSDT,2024-03-05,100
1709597889700,156582.49100000004,156582.49100000004,1.4618611388073077e-06,10897,7.049297193457066,10.865408236170998,1,BTCUSDT,2024-03-05,100
1709597898600,269651.2360000001,269651.2360000001,0.00016073364716007177,10986,12.139618478460845,11.359150787591497,1,BTCUSDT,2024-03-05,100
1709597901300,425527.60019999987,426211.9835999999,7.4522671365429e-05,11013,19.157126053310638,11.775011209864727,1,BTCUSDT,2024-03-05,100
1709597907600,312827.4294,312827.4294,1.4612288499193937e-06,11076,14.083397869215197,11.49406452785065,1,BTCUSDT,2024-03-05,100
1709597917800,-199342.48500000007,199342.48500000007,-3.21480446707767e-05,11178,-8.974339410957878,11.084726768542444,-1,BTCUSDT,2024-03-05,100
1709597922100,-150519.11549999999,151887.60949999996,-0.0001914693819280444,11221,-6.776325831064915,10.837755486534979,-1,BTCUSDT,2024-03-05,100
1709597926400,-145829.1824,145829.1824,-0.00016226990784140582,11264,-6.565186437201706,10.80078036272084,-1,BTCUSDT,2024-03-05,100
1709597950000,156954.705,191179.655,7.597085644661661e-05,11500,7.066054157079295,11.046747012756041,1,BTCUSDT,2024-03-05,100
1709597951900,725645.086,725645.086,0.00014751384429523284,11519,32.66832604027043,12.258379617300003,1,BTCUSDT,2024-03-05,100
1709597952900,230551.958,230551.958,0.0,11529,10.379380606963462,11.216851264451613,1,BTCUSDT,2024-03-05,100
1709597955600,269373.78359999997,269373.78359999997,3.066120897443625e-05,11556,12.127127653898354,11.358215653200537,1,BTCUSDT,2024-03-05,100
1709597957700,378282.73920000007,393898.9608,9.928630674771455e-05,11577,17.030176456803275,11.703392771488199,1,BTCUSDT,2024-03-05,100
1709597959800,-273602.48610000004,278396.26110000006,-0.00010805159620197458,11598,-12.317502583271622,11.38814252085636,-1,BTCUSDT,2024-03-05,100
1709597967700,-279204.89719999995,279204.89719999995,-8.770250147627223e-05,11677,-12.569721465418683,11.390777178839567,-1,BTCUSDT,2024-03-05,100
1709597974400,330908.09289999993,330908.09289999993,0.00021488008093228927,11744,14.897383964674562,11.545105133722274,1,BTCUSDT,2024-03-05,100
1709597981400,-263122.47640000004,263122.47640000004,-3.801214049659052e-05,11814,-11.84569566224357,11.336886744211464,-1,BTCUSDT,2024-03-05,100
1709597984900,1215457.5204000003,1249379.1092000003,4.386490778784946e-05,11849,54.71953621763498,12.751937428581634,1,BTCUSDT,2024-03-05,100
1709597986400,-156582.0722,156582.0722,-8.771275831520597e-05,11864,-7.049278339205571,10.865405806612683,-1,BTCUSDT,2024-03-05,100
1709597992800,-182538.15680000006,182538.15680000006,0.0,11928,-8.217813551255011,11.004730850452818,-1,BTCUSDT,2024-03-05,100
1709598005900,1011004.9754,1011004.9754,0.00012562722329256815,12059,45.51514342467797,12.559632542513913,1,BTCUSDT,2024-03-05,100
1709598012800,229120.7565,229120.7565,7.742340747185494e-05,12128,10.314948340924078,11.211194766796751,1,BTCUSDT,2024-03-05,100
1709598024400,-573293.0374999999,573293.0374999999,0.0,12244,-25.809482110469325,12.044308200074457,-1,BTCUSDT,2024-03-05,100
1709598040600,-1185775.0479999997,1185775.0479999997,-0.0002731895185252853,12406,-53.38324013467006,12.704474682723918,-1,BTCUSDT,2024-03-05,100
1709598047100,310516.8696000001,310516.8696000001,-5.550848696955768e-05,12471,13.979377153939604,11.487330330227476,1,BTCUSDT,2024-03-05,100
1709598051500,273594.6679,298796.56390000007,0.00018691479660226662,12515,12.317150610231941,11.452380395274986,1,BTCUSDT,2024-03-05,100
1709598054000,391136.90589999995,393876.9019,7.444989197225027e-05,12540,17.608867220143722,11.70334189980355,1,BTCUSDT,2024-03-05,100
1709598055000,1936162.448700001,2078954.7565000013,0.000491813934960561,12550,87.16545782694104,13.214499449949693,1,BTCUSDT,2024-03-05,100
1709598057000,179410.75700000004,179410.75700000004,0.00010218008519125021,12570,8.077018942022756,10.989032985991846,1,BTCUSDT,2024-03-05,100
1709598067600,143482.6179,153624.37709999998,0.00012113030643945422,12676,6.4595448010361665,10.848083370025698,1,BTCUSDT,2024-03-05,100
1709598069300,-197034.02830000003,335851.72809999995,-0.0001736616564524951,12693,-8.870413376619037,11.558575508858873,-1,BTCUSDT,2024-03-05,100
1709598070400,496302.5852999999,496302.5852999999,0.00011529135524490641,12704,22.34339484138603,11.913310331017879,1,BTCUSDT,2024-03-05,100
1709598072600,411227.20200000005,411227.20200000005,0.0,12726,18.51332637779917,11.742499598180371,1,BTCUSDT,2024-03-05,100
1709598074200,327145.81730000017,332903.3801000001,9.77486445457032e-05,12742,14.728007435672412,11.550565939142654,1,BTCUSDT,2024-03-05,100
1709598076800,206197.86669999998,236359.82269999993,1.4588019734418367e-05,12768,9.282966657013674,11.239450733654946,1,BTCUSDT,2024-03-05,100
1709598078900,220290.4602,220290.4602,9.77457924502545e-05,12789,9.917411026710676,11.175493685145833,1,BTCUSDT,2024-03-05,100
1709598080600,-795818.1208,812953.3457999999,-5.835837882095518e-05,12806,-35.82749520479729,12.361582616890459,-1,BTCUSDT,2024-03-05,100
1709598084900,300312.8979999997,328287.2772000005,0.00011522157194043814,12849,13.519997386108484,11.537882104959152,1,BTCUSDT,2024-03-05,100
1709598088500,1356563.5632000004,1493718.1632000003,0.0001414362194260832,12885,61.07208831421565,12.914193129115514,1,BTCUSDT,2024-03-05,100
1709598093400,497186.2182000001,497186.2182000001,7.4367385124674e-05,12934,22.38317573184343,11.914926192694775,1,BTCUSDT,2024-03-05,100
1709598096000,-548689.9606,548689.9606,-1.4580033074196308e-06,12960,-24.70185890282999,12.004463731553013,-1,BTCUSDT,2024-03-05,100
1709598097500,-137173.8,137173.8,-1.4580033074196308e-06,12975,-6.175523694765084,10.745199704872585,-1,BTCUSDT,2024-03-05,100
1709598099400,-206227.87649999998,211302.0087,-0.0001618886428431665,12994,-9.284317689287878,11.13765222812431,-1,BTCUSDT,2024-03-05,100
1709598102600,2023775.2651000007,2087783.0939000004,0.00023350335402305689,13026,91.10976077432093,13.218348727498084,1,BTCUSDT,2024-03-05,100
1709598108300,-342698.8793,342698.8793,-3.209860692443556e-05,13083,-15.428201663047824,11.576908662417097,-1,BTCUSDT,2024-03-05,100
1709598117200,-182492.29979999998,182492.29979999998,-0.0002729510624437381,13172,-8.215749082748115,11.004502621782033,-1,BTCUSDT,2024-03-05,100
1709598127600,143914.918,143914.918,9.047172254028624e-05,13276,6.479006823017035,10.788777449055459,1,BTCUSDT,2024-03-05,100
1709598136000,-228794.3861,244152.49809999997,-4.812982803237276e-05,13360,-10.300255242544722,11.268916271241942,-1,BTCUSDT,2024-03-05,100
1709598137900,290754.47060000006,290754.47060000006,7.583093205631997e-05,13379,13.08967982624363,11.427596520385928,1,BTCUSDT,2024-03-05,100
1709598142600,1631012.7151000325,1705370.185699965,0.00024930439101567003,13426,73.42770754009427,13.034565501681072,1,BTCUSDT,2024-03-05,100
1709598145200,-336840.2082,336840.2082,-8.74927636758116e-05,13452,-15.164446031885857,11.561245112404956,-1,BTCUSDT,2024-03-05,100
1709598158200,-205858.5465,205995.6943,-1.458281836619335e-06,13582,-9.267690562488244,11.114549442289752,-1,BTCUSDT,2024-03-05,100
1709598166100,-200166.3696,200166.3696,-0.0001939707197813334,13661,-9.011430450712203,11.088473343773627,-1,BTCUSDT,2024-03-05,100
1709598167700,1359780.3078000003,1383090.7078000004,0.00020272600920101524,13677,61.21690519978204,12.84429559339736,1,BTCUSDT,2024-03-05,100
1709598171100,-274266.2952,274266.2952,-4.958277553690493e-05,13711,-12.347387071605768,11.374565984800123,-1,BTCUSDT,2024-03-05,100
1709598174300,330866.7265,330866.7265,0.0,13743,14.895521661644633,11.544991571935432,1,BTCUSDT,2024-03-05,100
1709598184200,-342479.24919999996,342616.2716,0.0,13842,-15.418313981240994,11.576689672069847,-1,BTCUSDT,2024-03-05,100
1709598186100,-239274.34230000002,239274.34230000002,-1.459829505279231e-06,13861,-10.772059755018681,11.250583256307452,-1,BTCUSDT,2024-03-05,100
1709598187100,-155007.5177,155144.46349999998,-0.00017818178678830066,13871,-6.978392363724474,10.857027364912334,-1,BTCUSDT,2024-03-05,100
1709598191200,-165797.15860000005,166207.89540000007,-4.236325616346903e-05,13912,-7.464138789324383,10.919598406338999,-1,BTCUSDT,2024-03-05,100
1709598193000,-1426558.213400001,1426695.052400001,-0.00016222129212017933,13930,-64.22322665708359,12.872491570854658,-1,BTCUSDT,2024-03-05,100
1709598194600,-209633.15139999997,209633.15139999997,-0.00011403975613788475,13946,-9.43762215291095,11.13044944643474,-1,BTCUSDT,2024-03-05,100
1709598198300,-444433.9905,457971.29010000004,-0.00015356388909459895,13983,-20.00828612382066,11.840295795645886,-1,BTCUSDT,2024-03-05,100
1709598202600,136773.2,136773.2,1.4622758435223204e-06,14026,6.1574888018619,10.742543035094005,1,BTCUSDT,2024-03-05,100
1709598205300,-156840.9731,156840.9731,-1.4626265993911147e-06,14053,-7.0609339807533456,10.866906513936325,-1,BTCUSDT,2024-03-05,100
1709598206800,880929.6115000001,880929.6115000001,0.00018868297148344482,14068,39.65918921279757,12.43452882662624,1,BTCUSDT,2024-03-05,100
1709598215800,-549739.7148,552200.2211999999,-0.00039649649780848506,14158,-24.749118524826166,12.01025657889981,-1,BTCUSDT,2024-03-05,100
1709598217400,-147924.3554,148061.0062,-0.0001331773258073099,14174,-6.659510502774958,10.814577095427936,-1,BTCUSDT,2024-03-05,100
1709598219600,161629.7476,163269.2692,2.7812604526999962e-05,14196,7.276523185059392,10.903394342453147,1,BTCUSDT,2024-03-05,100
1709598222100,-282237.73860000004,283057.5318,-0.0001522228193717723,14221,-12.706259083594786,11.403225765545718,-1,BTCUSDT,2024-03-05,100
1709598223400,-136620.8,136620.8,-9.66131245281332e-05,14234,-6.150627799169824,10.74153031623835,-1,BTCUSDT,2024-03-05,100
1709598226100,-458930.07809999975,461524.0986999998,-0.00012011836067493675,14261,-20.66089567794243,11.847315511173013,-1,BTCUSDT,2024-03-05,100
1709598230500,525534.8937000001,526763.6079000002,0.00015381606705133777,14305,23.65942467490294,11.967418684682439,1,BTCUSDT,2024-03-05,100
1709598232000,1209281.8161,1236601.5760999997,0.00019767866738185091,14320,54.44150784606173,12.742599538016515,1,BTCUSDT,2024-03-05,100
1709598234600,-666045.9086,666045.9086,-4.9787451521510206e-05,14346,-29.98518879232506,12.180529625488608,-1,BTCUSDT,2024-03-05,100
1709598236900,-216261.40999999997,216261.40999999997,-0.00015234680020626,14369,-9.73602438452756,11.158725996256212,-1,BTCUSDT,2024-03-05,100
1709598239100,295118.30960000004,295118.30960000004,0.00015673212095812517,14391,13.28613856067134,11.441128707292243,1,BTCUSDT,2024-03-05,100
1709598240700,530766.2022000003,530766.2022000003,2.9285964266989595e-06,14407,23.894936628325365,11.974294849011198,1,BTCUSDT,2024-03-05,100
1709598243900,1145464.2285000002,1145464.2285000002,0.00015225780789940302,14439,51.568459025029256,12.673057030093453,1,BTCUSDT,2024-03-05,100
1709598246100,-241304.86680000005,296074.48780000006,-0.0001405662479321279,14461,-10.863473364341681,11.444067064924964,-1,BTCUSDT,2024-03-05,100
1709598250700,-251661.40180000008,358596.33820000006,-9.957709032271111e-05,14507,-11.329721491084282,11.618099065502731,-1,BTCUSDT,2024-03-05,100
1709598252300,-441773.6579999998,452149.6795999999,-0.00023439995184837414,14523,-19.888518745577112,11.828674754643036,-1,BTCUSDT,2024-03-05,100
1709598254000,635238.4032000001,635238.4032000001,0.0001362640359570122,14540,28.59824405816808,12.137510569994888,1,BTCUSDT,2024-03-05,100
1709598264000,-246202.53870000006,246202.53870000006,-0.00010990242873454292,14640,-11.083965097220958,11.276511635748184,-1,BTCUSDT,2024-03-05,100
1709598267100,-292272.8636,293910.2756,-8.35486176491429e-05,14671,-13.158037427691319,11.437402749242404,-1,BTCUSDT,2024-03-05,100
1709598269800,-194297.4915,194297.4915,-4.688995075952107e-05,14698,-8.747215303444737,11.06144161920282,-1,BTCUSDT,2024-03-05,100
1709598283200,-277308.2095,277308.2095,-1.9051931904101593e-05,14832,-12.484333149042529,11.384585383515995,-1,BTCUSDT,2024-03-05,100
1709598285600,149631.6797,149904.60530000002,-7.3279668182379964e-06,14856,6.736373735180113,10.825817941740553,1,BTCUSDT,2024-03-05,100
1709598287500,-395553.23010000004,525312.6405,-0.00012166814369152235,14875,-17.807688822671793,11.964913118210712,-1,BTCUSDT,2024-03-05,100
1709598288600,237410.11379999996,237410.11379999996,-8.061779620227583e-05,14886,10.68813274217653,11.243478248084683,1,BTCUSDT,2024-03-05,100
1709598289900,-163740.48,163740.48,-1.4657329945322317e-06,14899,-7.371547730194895,10.906012213319647,-1,BTCUSDT,2024-03-05,100
1709598292200,-720221.935,720221.935,-0.0002755547755839416,14922,-32.42417739453204,12.251565324020232,-1,BTCUSDT,2024-03-05,100
1709598294700,-682265.9927,682265.9927,-0.00014949654866747153,14947,-30.715412156339415,12.202386048189554,-1,BTCUSDT,2024-03-05,100
1709598297000,-315873.56179999997,315873.56179999997,-0.00017147316743582053,14970,-14.220533844259933,11.502866960040128,-1,BTCUSDT,2024-03-05,100
1709598301800,150685.74909999996,150685.74909999996,0.00010700980176103769,15018,6.783827626197395,10.830539116514824,1,BTCUSDT,2024-03-05,100
1709598310200,137497.59879999998,137497.59879999998,5.1290806426962376e-05,15102,6.190101020476965,10.747341386321889,1,BTCUSDT,2024-03-05,100
1709598313200,-144865.11190000005,187173.97390000007,-0.00012163694026412486,15132,-6.521784269906102,11.027512178911406,-1,BTCUSDT,2024-03-05,100
1709598317900,149880.2308,149880.2308,0.0001567766719521302,15179,6.747563431808841,10.825670228577401,1,BTCUSDT,2024-03-05,100
1709598319500,-2890384.9725000057,3161297.3725000094,-0.0005772555614935726,15195,-130.12427216178827,13.595215703334183,-1,BTCUSDT,2024-03-05,100
1709598320500,-203328.96180000002,206195.63820000002,-1.4651123763087526e-06,15205,-9.153809411329895,11.115430700692256,-1,BTCUSDT,2024-03-05,100
1709598328400,-134048.6188,134048.6188,-0.00010109616085074435,15284,-6.0348289662452475,10.724265248990907,-1,BTCUSDT,2024-03-05,100
1709598329900,-143177.7267,143177.7267,-1.3188658632756756e-05,15299,-6.445818689855129,10.784112444152056,-1,BTCUSDT,2024-03-05,100
1709598334400,-156732.20679999999,161101.2244,-0.00010839378006188838,15344,-7.0560373542631405,10.891251321615721,-1,BTCUSDT,2024-03-05,100
1709598345100,179567.1312,179567.1312,5.860634122178965e-05,15451,8.084058862017315,10.989824376889299,1,BTCUSDT,2024-03-05,100
1709598351800,-570975.6169999999,573022.5469999998,-0.0001875804183271157,15518,-25.70515252851939,12.043879510313673,-1,BTCUSDT,2024-03-05,100
1709598354400,144014.09929999997,144969.11189999996,0.00013486591856093355,15544,6.483471935656821,10.795407119285398,1,BTCUSDT,2024-03-05,100
1709598359900,640049.5019,640049.5019,1.1728330809646081e-05,15599,28.81483829132123,12.144364401844042,1,BTCUSDT,2024-03-05,100
1709598364000,-2162066.9456999972,2504147.1768999984,-3.9589762092617775e-05,15640,-97.33561112135632,13.383532843480088,-1,BTCUSDT,2024-03-05,100
1709598365100,-144123.767,147396.16700000002,-1.613484032780832e-05,15651,-6.4884091429070425,10.810489048115606,-1,BTCUSDT,2024-03-05,100
1709598366200,171664.68989999997,171664.68989999997,3.373613793478114e-05,15662,7.728293304056243,10.948942174133899,1,BTCUSDT,2024-03-05,100
1709598372200,-210021.854,253509.14620000002,-0.00017456935325199652,15722,-9.455121428403187,11.303077351896697,-1,BTCUSDT,2024-03-05,100
1709598373700,-158742.3525,158742.3525,-5.719594673081474e-05,15737,-7.146533516068677,10.877852459373145,-1,BTCUSDT,2024-03-05,100
1709598385800,516038.4876000001,516038.4876000001,6.308116273778808e-05,15858,23.231899295525377,11.948732923318467,1,BTCUSDT,2024-03-05,100
1709598388900,584178.6331,584178.6331,4.8410556738431865e-05,15889,26.29954838813628,12.061394574545087,1,BTCUSDT,2024-03-05,100
1709598391300,-6126883.635799997,6352758.789999999,-0.00026117744221032524,15913,-275.8304797851436,14.229177801939205,-1,BTCUSDT,2024-03-05,100
1709598398600,-350003.7106999995,350003.7106999995,-3.0821593611563e-05,15986,-15.75706300097796,11.596067725655974,-1,BTCUSDT,2024-03-05,100
1709598400000,859937.8937,860482.9729,1.614428884799679e-05,16000,38.71414831819727,12.413196621934484,1,BTCUSDT,2024-03-05,100
1709598409500,754570.6599999999,758114.1583999998,0.00010418523851463135,16095,33.97054678229026,12.298141893313884,1,BTCUSDT,2024-03-05,100
1709598421900,408798.6,408798.6,1.4677164763554629e-06,16219,18.40399143777306,11.737119067878446,1,BTCUSDT,2024-03-05,100
1709598423900,-981773.3362,983136.1322000001,1.4675840045441646e-05,16239,-44.19914371834612,12.534241125561207,-1,BTCUSDT,2024-03-05,100
1709598434300,-1534463.3697999988,1545772.501599999,-0.0001908214870773861,16343,-69.08108471842998,12.945309886709365,-1,BTCUSDT,2024-03-05,100
1709598439500,-982372.2638999996,1360053.4180999992,-0.00017766514278783063,16395,-44.226107265341234,12.829037906744,-1,BTCUSDT,2024-03-05,100
1709598442800,1147078.9025,1147078.9025,0.00019381780012928118,16428,51.64115116847298,12.674336597209178,1,BTCUSDT,2024-03-05,100
1709598443800,740092.6175999999,740092.6175999999,1.4679254611849046e-06,16438,33.31874961770771,12.276287609922372,1,BTCUSDT,2024-03-05,100
1709598454400,147234.90159999998,148188.3044,0.0,16544,6.628471497670878,10.815357748457581,1,BTCUSDT,2024-03-05,100
1709598460500,204433.3237999999,204433.3237999999,6.899452230335612e-05,16605,9.20352746024738,11.107633649167852,1,BTCUSDT,2024-03-05,100
1709598463600,-195242.11549999999,195242.11549999999,-2.642287164000834e-05,16636,-8.78974199509171,11.065847188283914,-1,BTCUSDT,2024-03-05,100
1709598466000,-255886.89909999995,264605.10709999996,-5.432161480456443e-05,16660,-11.519952123306433,11.341990838998454,-1,BTCUSDT,2024-03-05,100
1709598467600,-454084.29070000007,483224.6789000001,-0.00022322608783120756,16676,-20.44273976982811,11.88905301999353,-1,BTCUSDT,2024-03-05,100
1709598472400,1001826.5312,1001826.5312,0.0001247815407143804,16724,45.10193259550958,12.551348157599174,1,BTCUSDT,2024-03-05,100
1709598483600,-196453.10290000003,196453.10290000003,-0.0002422969765110139,16836,-8.844260287817889,11.071463957257384,-1,BTCUSDT,2024-03-05,100
1709598489300,-951793.2668999997,1028711.5888999989,-0.00013073825265763617,16893,-42.84944991141761,12.575404013775168,-1,BTCUSDT,2024-03-05,100
1709598492000,-189540.3682,190220.9656,-3.085542251213269e-05,16920,-8.533051026752911,11.04218043131048,-1,BTCUSDT,2024-03-05,100
1709598500900,167578.47139999992,167578.47139999992,1.028420397730656e-05,17009,7.54433296200304,10.927058261703406,1,BTCUSDT,2024-03-05,100
1709598506900,-704596.1818000001,760122.791,-0.00011609187729888504,17069,-31.72071063094343,12.300545462744887,-1,BTCUSDT,2024-03-05,100
1709598510400,-1122719.744100023,1161914.2066999762,-0.00013372490749219423,17104,-50.54450909918865,12.686009408362818,-1,BTCUSDT,2024-03-05,100
1709598517700,-338348.9956,342431.2276,0.0,17177,-15.232371192077258,11.576198934728739,-1,BTCUSDT,2024-03-05,100
1709598521600,146566.56320000003,146566.56320000003,0.00017048093300253697,17216,6.5983831015972765,10.805361937362324,1,BTCUSDT,2024-03-05,100
1709598523900,715355.3352000002,715355.3352000002,0.0001292691885765862,17239,32.205084518357154,12.245406523192939,1,BTCUSDT,2024-03-05,100
1709598531500,204306.59999999998,204306.59999999998,1.468382421876413e-06,17315,9.197822392445875,11.107070394166103,1,BTCUSDT,2024-03-05,100
1709598532500,480529.12319999986,480529.12319999986,1.468382421876413e-06,17325,21.633278267032697,11.883971677392001,1,BTCUSDT,2024-03-05,100
1709598535100,569606.9027000001,569606.9027000001,0.00011599539849171947,17351,25.643533417646815,12.038448710453393,1,BTCUSDT,2024-03-05,100
1709598545200,201452.56729999997,201452.56729999997,1.4673438943901829e-06,17452,9.069334688784648,11.09429154729401,1,BTCUSDT,2024-03-05,100
1709598547700,-219223.75310000003,220586.6851,-0.00013353750405897813,17477,-9.869388190196531,11.176714354695982,-1,BTCUSDT,2024-03-05,100
1709598550900,139404.8754,139404.8754,0.0,17509,6.275966045983083,10.759855111586138,1,BTCUSDT,2024-03-05,100
1709598556700,136271.8,136271.8,0.0,17567,6.134915922926161,10.739206901381593,1,BTCUSDT,2024-03-05,100
1709598570800,-139123.417,139123.417,-4.992782493395964e-05,17708,-6.263294872491565,10.758019258315327,-1,BTCUSDT,2024-03-05,100
1709598576900,-209234.48150000005,209234.48150000005,-7.928607300300428e-05,17769,-9.419674152535958,11.128720304104972,-1,BTCUSDT,2024-03-05,100
1709598580300,-160132.7226,160132.7226,-1.468156062500725e-06,17803,-7.209127564619077,10.885773931791906,-1,BTCUSDT,2024-03-05,100
1709598592900,-369349.8617000001,369349.8617000001,-0.00013655154511660328,17929,-16.628020967462867,11.644938783376999,-1,BTCUSDT,2024-03-05,100
1709598602200,-2063005.1696,2063005.1696,-0.00013358102112448478,18022,-92.87587941201353,13.207503583284007,-1,BTCUSDT,2024-03-05,100
1709598620700,499983.0619999999,499983.0619999999,0.0,18207,22.509088808228682,11.920021796223294,1,BTCUSDT,2024-03-05,100
1709598622800,-227860.78790000002,227860.78790000002,-0.00017485150523377513,18228,-10.258224929135823,11.206185706020397,-1,BTCUSDT,2024-03-05,100
1709598627900,-501512.91979999986,505186.39759999985,-0.000216073042349052,18279,-22.57796255156393,11.929426423931158,-1,BTCUSDT,2024-03-05,100
1709598629000,-2646218.5009999997,2676002.3696,-0.00021321381676742135,18290,-119.13197020459623,13.443827058078188,-1,BTCUSDT,2024-03-05,100
1709598631000,364337.6642,365697.6402,8.088705157049958e-05,18310,16.402373326119598,11.635911852114939,1,BTCUSDT,2024-03-05,100
1709598632800,-278089.72209999996,278089.72209999996,-0.00013089303631019789,18328,-12.519516613953884,11.387141769862815,-1,BTCUSDT,2024-03-05,100
1709598635200,-182314.06740000006,191286.72060000006,-0.00013386969496842482,18352,-8.207725113087914,11.047255582448605,-1,BTCUSDT,2024-03-05,100
1709598644300,355809.54089999996,356353.24569999997,0.00011770400692689975,18443,16.018439750531343,11.61239915527172,1,BTCUSDT,2024-03-05,100
1709598645600,340152.73740000004,340152.73740000004,0.00010737939135019303,18456,15.313575111667868,11.570134539965162,1,BTCUSDT,2024-03-05,100
1709598657200,629069.4406000002,637365.6232000001,6.029300933896309e-05,18572,28.32051919592457,12.140547360807664,1,BTCUSDT,2024-03-05,100
1709598658700,-167618.0348,167618.0348,-7.353000649246155e-06,18587,-7.546114094508998,10.927272692705289,-1,BTCUSDT,2024-03-05,100
1709598664600,203268.87199999997,204628.528,0.0,18646,9.151104186398356,11.108500599320832,1,BTCUSDT,2024-03-05,100
1709598668500,-411624.98169999995,494406.75149999995,-7.209312080291852e-05,18685,-18.531234301634814,11.909833771253426,-1,BTCUSDT,2024-03-05,100
1709598672300,268966.62139999995,268966.62139999995,7.063373175597576e-05,18723,12.108797332702085,11.356841595453352,1,BTCUSDT,2024-03-05,100
1709598679800,-2284041.3101000013,2323987.268300001,-0.0003208529417211281,18798,-102.82686074414242,13.315709944765686,-1,BTCUSDT,2024-03-05,100
1709598681900,890945.2227000002,890945.2227000002,6.473644178406346e-05,18819,40.110089051419486,12.444798215336826,1,BTCUSDT,2024-03-05,100
1709598683700,503513.424,503513.424,5.882525958256224e-05,18837,22.668024655905853,11.926413260270195,1,BTCUSDT,2024-03-05,100
1709598690000,1230732.1569,1242700.1393000002,0.0001838066359383106,18900,55.40719581177521,12.747068377071376,1,BTCUSDT,2024-03-05,100
1709598693900,492354.7938,492354.7938,0.0,18939,22.165666441719026,11.906055858071255,1,BTCUSDT,2024-03-05,100
1709598694900,476099.39999999997,476099.39999999997,0.0,18949,21.433853445508106,11.87555905297996,1,BTCUSDT,2024-03-05,100
1709598696000,145006.2744,145006.2744,0.0,18960,6.52813936368904,10.795639948157278,1,BTCUSDT,2024-03-05,100
1709598711800,136184.4946,136184.4946,6.909229630913671e-05,19118,6.130985459773716,10.738624748397818,1,BTCUSDT,2024-03-05,100
1709598713800,-502102.5239,502102.5239,-7.352346504596596e-05,19138,-22.60450635285894,11.92386432049895,-1,BTCUSDT,2024-03-05,100
1709598718800,-211675.20230000003,211675.20230000003,-0.0002088305935572521,19188,-9.529554677335197,11.13925514616755,-1,BTCUSDT,2024-03-05,100
1709598720800,136021.7769,136021.7769,1.4710890550162503e-06,19208,6.123659957295052,10.737538749033238,1,BTCUSDT,2024-03-05,100
1709598724500,340007.21680000005,340007.21680000005,0.0,19245,15.307023817518575,11.569745845650587,1,BTCUSDT,2024-03-05,100
1709598725700,218499.74370000002,218499.74370000002,1.4704833564138653e-06,19257,9.836793502253697,11.168079449519906,1,BTCUSDT,2024-03-05,100
1709598733800,-147517.1438,148740.7946,-9.120664932282807e-05,19338,-6.641177957605375,10.818738127766823,-1,BTCUSDT,2024-03-05,100
1709598746200,1105625.6881000001,1105625.6881000001,0.00016173996953305902,19462,49.7749397800637,12.64090180333117,1,BTCUSDT,2024-03-05,100
1709598747400,-135145.04340000002,137185.43340000004,-5.4400364643214516e-05,19474,-6.084189675774498,10.745276738430173,-1,BTCUSDT,2024-03-05,100
1709598749000,282623.37720000005,282623.37720000005,0.0,19490,12.723620418717935,11.401831429435145,1,BTCUSDT,2024-03-05,100
1709598750200,-481483.47250000003,481483.47250000003,-7.204457356735361e-05,19502,-21.676242788794383,11.885773955804849,-1,BTCUSDT,2024-03-05,100
1709598757400,498907.08129999996,498907.08129999996,6.910143873284369e-05,19574,22.460648476999545,11.918064835576004,1,BTCUSDT,2024-03-05,100
1709598759200,-332586.38220000005,333266.48020000005,-5.73430326529234e-05,19592,-14.972940050011713,11.551556169344519,-1,BTCUSDT,2024-03-05,100
1709598760300,-286551.67059999995,286551.67059999995,-0.00013382264402039823,19603,-12.90047101971965,11.414370330471701,-1,BTCUSDT,2024-03-05,100
1709598789200,197657.87120000002,197657.87120000002,7.795246815511803e-05,19892,8.89849859851098,11.07701762882556,1,BTCUSDT,2024-03-05,100
1709598795200,340086.47200000007,340086.47200000007,0.0,19952,15.310591863060314,11.56995756170254,1,BTCUSDT,2024-03-05,100
1709598811600,-208562.50270000004,208698.55150000003,-1.470061823383162e-06,20116,-9.38942186673663,11.126390627868082,-1,BTCUSDT,2024-03-05,100
1709598813700,-195499.8152,195499.8152,-3.235346454388832e-05,20137,-8.801343558972597,11.067045356446048,-1,BTCUSDT,2024-03-05,100
1709598823200,188934.85960000008,188934.85960000008,0.0,20232,8.505791209596257,11.036017966579397,1,BTCUSDT,2024-03-05,100
1709598833300,-240297.0374,240297.0374,-1.4706779900564015e-06,20333,-10.818101184377422,11.25445750776996,-1,BTCUSDT,2024-03-05,100
1709598850200,-145763.1344,145763.1344,-5.883347920843107e-05,20502,-6.562212975877519,10.800368856254764,-1,BTCUSDT,2024-03-05,100
1709598862200,-288646.652,290957.85639999993,-0.0001265061217416985,20622,-12.994786459517863,11.428231715174004,-1,BTCUSDT,2024-03-05,100
1709598863700,-654414.8571,654414.8571,-0.00011770573873093326,20637,-29.461562311661243,12.164526673890828,-1,BTCUSDT,2024-03-05,100
1709598868000,-3980666.712699992,4073038.8534999914,-0.0004873628100234839,20680,-179.20843196908913,13.825404560680457,-1,BTCUSDT,2024-03-05,100
1709598875800,345726.5214,345726.5214,0.00015016606628570628,20758,15.564505210283656,11.58489863387982,1,BTCUSDT,2024-03-05,100
1709598880800,-794966.8886,794966.8886,-7.362295626123228e-05,20808,-35.789172984221295,12.34125929275999,-1,BTCUSDT,2024-03-05,100
1709598885400,-349452.9924,349452.9924,-0.0001560698666125404,20854,-15.732269826838383,11.594637305701928,-1,BTCUSDT,2024-03-05,100
1709598890000,-276624.7212000001,276624.7212000001,-6.332641899220448e-05,20900,-12.453562708974935,11.382343729447872,-1,BTCUSDT,2024-03-05,100
1709598892200,-623248.3278999991,623519.894699999,-0.00014728625109583504,20922,-28.05845443276459,12.12059689854472,-1,BTCUSDT,2024-03-05,100
1709598896700,308852.9578000001,323116.82980000007,7.066544771738847e-05,20967,13.904468339378083,11.523461567084079,1,BTCUSDT,2024-03-05,100
1709598897800,-324790.45489999995,324790.45489999995,-9.862796729187551e-05,20978,-14.621969720664444,11.528154463661208,-1,BTCUSDT,2024-03-05,100
1709598906400,177620.0696,177620.0696,0.00013245461977007267,21064,7.996402727639122,10.97992103633801,1,BTCUSDT,2024-03-05,100
1709598921200,-472667.6456999999,479871.6388999999,-0.000238354823178355,21212,-21.27935688716925,11.88272794170874,-1,BTCUSDT,2024-03-05,100
1709598981200,-250335.11340000006,277498.7934000001,-0.0001958305762563839,21812,-11.270012381616642,11.38520946136426,-1,BTCUSDT,2024-03-05,100
1709598983400,193606.27920000002,193606.27920000002,0.0,21834,8.716097131193454,11.058204328371309,1,BTCUSDT,2024-03-05,100
1709598999700,-374209.1740000001,374209.1740000001,-0.00030768574193018594,21997,-16.8467857625543,11.65681178181992,-1,BTCUSDT,2024-03-05,100
1709599004000,-1641444.8826000008,1709356.2084000006,-6.920868704440863e-05,22040,-73.8973606195002,13.036686204625767,-1,BTCUSDT,2024-03-05,100
1709599041800,360276.56350000005,360276.56350000005,0.00015756043469217218,22418,16.219543779954975,11.622345368984181,1,BTCUSDT,2024-03-05,100
1709599044900,1006513.6438999999,1006513.6438999999,8.243913861782914e-05,22449,45.31294501580328,12.555588144515099,1,BTCUSDT,2024-03-05,100
1709599055200,-317870.01420000003,317870.01420000003,-7.80015703725212e-05,22552,-14.310413537770435,11.508590193955543,-1,BTCUSDT,2024-03-05,100
1709599066000,-2808621.9941000016,2808621.9941000016,-0.00022663590009663892,22660,-126.4433271820342,13.487765176043892,-1,BTCUSDT,2024-03-05,100
1709599087600,-418267.73450000025,418267.73450000025,-9.422725559815603e-05,22876,-18.83028905782637,11.757920053271155,-1,BTCUSDT,2024-03-05,100
1709599091100,339569.35920000006,339569.35920000006,0.0,22911,15.28731159853993,11.568575297417897,1,BTCUSDT,2024-03-05,100
1709599095700,-290528.2981,290528.2981,-1.4728310535616629e-06,22957,-13.07949760753383,11.42688963839493,-1,BTCUSDT,2024-03-05,100
1709599106400,-277411.38430000003,277682.8775,-0.00012964722712993648,23064,-12.488978047865066,11.385811848447219,-1,BTCUSDT,2024-03-05,100
1709599109300,264919.0018,264919.0018,0.00028723040126088506,23093,11.926574701651585,11.343067781943772,1,BTCUSDT,2024-03-05,100
1709599112000,178590.44439999998,178590.44439999998,8.391342789160205e-05,23120,8.040088712646483,10.98487015027162,1,BTCUSDT,2024-03-05,100
1709599130900,-191074.23480000003,191074.23480000003,-3.387247015318451e-05,23309,-8.602105245072364,11.046245980482553,-1,BTCUSDT,2024-03-05,100
1709599159800,150966.99019999997,150966.99019999997,0.00014865215937298615,23598,6.796489016907516,10.832232926938408,1,BTCUSDT,2024-03-05,100
1709599165800,2120922.2934,2121058.2931999997,5.73524773113121e-05,23658,95.48329110695485,13.232712317125896,1,BTCUSDT,2024-03-05,100
1709599166900,4779479.584999998,4784512.117799998,0.0002823629088020141,23669,215.17074999608877,13.971648373456793,1,BTCUSDT,2024-03-05,100
1709599181500,-739537.5677,739537.5677,-0.00027797940042795233,23815,-33.29376143622388,12.275606096647243,-1,BTCUSDT,2024-03-05,100
1709599183300,-1970604.2329999993,1972507.6757999992,-8.531908607878336e-05,23833,-88.71601671671901,13.166755568009966,-1,BTCUSDT,2024-03-05,100
1709599184700,135950.8592,135950.8592,5.2962439346160295e-05,23847,6.120467263524608,10.73706502841437,1,BTCUSDT,2024-03-05,100
1709599195100,-151306.834,151306.834,-1.4718425482840303e-06,23951,-6.811788683749282,10.834275474417497,-1,BTCUSDT,2024-03-05,100
1709599197400,361308.8224000002,361308.8224000002,0.000260482010922658,23974,16.266015768746442,11.624944307706851,1,BTCUSDT,2024-03-05,100
1709599206200,168028.24709999998,168028.24709999998,0.0,24062,7.564581730300484,10.92949303793783,1,BTCUSDT,2024-03-05,100
1709599214400,340055.5082999999,340055.5082999999,0.00015880648140331743,24144,15.309197886491695,11.56987485360466,1,BTCUSDT,2024-03-05,100
1709599216200,-183806.03000000003,183806.03000000003,-1.4705774223244816e-05,24162,-8.27489282578526,11.01101840724387,-1,BTCUSDT,2024-03-05,100
1709599221500,136721.004,136721.004,0.0,24215,6.1551389534595655,10.74219631264211,1,BTCUSDT,2024-03-05,100
1709599222800,259787.78040000002,260195.9346,2.499086730978206e-05,24228,11.695568639715663,11.326726886506625,1,BTCUSDT,2024-03-05,100
1709599223900,172662.6682,172662.6682,4.409663631577132e-05,24239,7.773221990427194,10.954207730929696,1,BTCUSDT,2024-03-05,100
1709599232000,311435.0177,311435.0177,2.6444804552383516e-05,24320,14.020711908439758,11.490012281660855,1,BTCUSDT,2024-03-05,100
1709599236400,-231919.25879999998,231919.25879999998,-1.4690468148614855e-06,24364,-10.440936082486274,11.222222507283327,-1,BTCUSDT,2024-03-05,100
1709599243300,1208328.5834000006,1208328.5834000006,0.00024532865715976016,24433,54.39859359330012,12.721589813011994,1,BTCUSDT,2024-03-05,100
1709599248100,869300.5248999997,869300.5248999997,0.0001865508587854947,24481,39.13565119134757,12.422457572794494,1,BTCUSDT,2024-03-05,100
1709599263200,484529.1638999999,484529.1638999999,0.0001718582805043667,24632,21.813358910150225,11.891501911759272,1,BTCUSDT,2024-03-05,100
1709599269800,288193.7631999994,295822.6307999993,0.00016002572190565445,24698,12.974397540383908,11.443294024154762,1,BTCUSDT,2024-03-05,100
1709599272700,941844.6240000002,941844.6240000002,0.00013504428592447937,24727,42.4015649657523,12.495265188539781,1,BTCUSDT,2024-03-05,100
1709599274300,457273.1968999999,457273.1968999999,4.402890937171833e-06,24743,20.586303378902745,11.838910088483939,1,BTCUSDT,2024-03-05,100
1709599276700,962601.5751000005,997087.2461000003,0.0002538605526805071,24767,43.33603673331383,12.547040757700724,1,BTCUSDT,2024-03-05,100
1709599278300,249137.5017,249818.75990000003,-2.4953524063064947e-05,24783,11.216096258927918,11.289756778599,1,BTCUSDT,2024-03-05,100
1709599279400,-204714.8341,205804.8325,-1.761485989604239e-05,24794,-9.216200970261474,11.113707415169445,-1,BTCUSDT,2024-03-05,100
1709599282100,646773.105,646773.105,3.962817035052524e-05,24821,29.11753290398229,12.153856947710755,1,BTCUSDT,2024-03-05,100
1709599285900,186621.32310000004,186621.32310000004,-4.403071876879494e-06,24859,8.401636484171618,11.024826148019137,1,BTCUSDT,2024-03-05,100
1709599290800,-163545.6,163545.6,0.0,24908,-7.3627742905319575,10.904930447701148,-1,BTCUSDT,2024-03-05,100
1709599293600,-284939.5953,284939.5953,-0.00025385682758027883,24936,-12.82789586897734,11.409245595639353,-1,BTCUSDT,2024-03-05,100
1709599301400,204461.46089999998,204597.76649999997,4.842163802543098e-05,25014,9.204794184124335,11.108364034796521,1,BTCUSDT,2024-03-05,100
1709599303500,295560.795,297332.9938,9.096057305590932e-05,25035,13.306059121830158,11.447920051542614,1,BTCUSDT,2024-03-05,100
1709599306900,571870.5798999999,571870.5798999999,-3.227216584633652e-05,25069,25.745443492208416,12.042051534033948,1,BTCUSDT,2024-03-05,100
1709599310100,302943.482,302943.482,1.466939224314956e-06,25101,13.638425495726151,11.464900789853553,1,BTCUSDT,2024-03-05,100
1709599312900,959704.7019999999,959704.7019999999,0.00025078039028869625,25129,43.20562036758086,12.512329316946863,1,BTCUSDT,2024-03-05,100
1709599321700,345788.66109999997,346470.5731,0.00026394355280423554,25217,15.567302721103763,11.586851481217847,1,BTCUSDT,2024-03-05,100
1709599324500,340921.4997999999,340921.4997999999,0.0,25245,15.348184566365802,11.572185195104229,1,BTCUSDT,2024-03-05,100
1709599333900,-449356.7033,449356.7033,-0.00012610765798193313,25339,-20.229905190573373,11.823046225606872,-1,BTCUSDT,2024-03-05,100
1709599336900,-472638.4164999999,539619.1635,-8.063836264504687e-05,25369,-21.278040997274974,11.98932120020555,-1,BTCUSDT,2024-03-05,100
1709599348800,-471870.9436,471870.9436,-3.5196189429598235e-05,25488,-21.243489595483677,11.867455320228192,-1,BTCUSDT,2024-03-05,100
1709599355500,257542.687,257542.687,3.8150353480759236e-05,25555,11.594495202305161,11.317416549927602,1,BTCUSDT,2024-03-05,100
1709599359000,-152910.15089999998,152910.15089999998,-3.6672081915156696e-05,25590,-6.88396953392743,10.843850349546276,-1,BTCUSDT,2024-03-05,100
1709599380600,-161598.24730000002,161598.24730000002,-0.00012759301658249456,25806,-7.2751050509183095,10.894049477058738,-1,BTCUSDT,2024-03-05,100
1709599388800,238852.60100000008,239807.73980000004,8.941128537465204e-05,25888,10.753073087074727,11.252605974843242,1,BTCUSDT,2024-03-05,100
1709599390000,135821.94959999996,289531.2649999999,0.00016408982196480792,25900,6.114663791656926,11.423766926223955,1,BTCUSDT,2024-03-05,100
1709599393700,636023.3850000004,636023.3850000004,0.0,25937,28.633583705432073,12.138632381802426,1,BTCUSDT,2024-03-05,100
1709599395300,-413876.38139999984,417561.91379999986,-0.00019631599906411168,25953,-18.632591646796474,11.756385889498766,-1,BTCUSDT,2024-03-05,100
1709599402100,350060.2117,350060.2117,0.0001084083891580434,26021,15.759606659200456,11.596214352415922,1,BTCUSDT,2024-03-05,100
1709599404300,330095.0193000002,330368.11530000024,0.0001347600321359721,26043,14.86077963292618,11.543621633314741,1,BTCUSDT,2024-03-05,100
1709599407800,2730667.1187999975,2803030.8773999987,0.00013036787929721072,26078,122.93382187170792,13.485955070960593,1,BTCUSDT,2024-03-05,100
1709599408800,2227150.4824000006,2242038.780200001,0.00021526019109430194,26088,100.26565259450923,13.28310037660266,1,BTCUSDT,2024-03-05,100
1709599411600,212977.75630000004,212977.75630000004,0.0,26116,9.588195271170981,11.144827734221959,1,BTCUSDT,2024-03-05,100
1709599419600,467088.76059999986,675019.3816000003,0.00014064532787827488,26196,21.028197138547995,12.192686236285939,1,BTCUSDT,2024-03-05,100
1709599424200,-1240201.8201000001,1241704.1077000003,-0.00018453751436453558,26242,-55.83351723374533,12.746340016265036,-1,BTCUSDT,2024-03-05,100
1709599429400,-618904.3046000001,619040.8762000002,-0.00013180768399223552,26294,-27.862887795259795,12.114048087793787,-1,BTCUSDT,2024-03-05,100
1709599430600,317621.81719999993,323630.13159999996,0.0,26306,14.299239782618429,11.524903460566529,1,BTCUSDT,2024-03-05,100
1709599432700,403514.70530000003,404197.50730000006,0.00013913084252870078,26327,18.166112069260315,11.726837197469587,1,BTCUSDT,2024-03-05,100
1709599445600,990088.6320000004,990088.6320000004,1.4644418865117359e-05,26456,44.573495863157184,12.540642331877619,1,BTCUSDT,2024-03-05,100
1709599454500,-604011.8288999998,604011.8288999998,-8.057102889935663e-05,26545,-27.192432966720634,12.091722470821,-1,BTCUSDT,2024-03-05,100
1709599458700,-141550.5,141550.5,0.0,26587,-6.372561427589271,10.77372962579399,-1,BTCUSDT,2024-03-05,100
1709599464300,-136808.9814,136808.9814,-5.1293888343906247e-05,26643,-6.159099669852229,10.742780643821714,-1,BTCUSDT,2024-03-05,100
1709599478600,-681942.0069999995,683170.7517999995,-8.789856511270955e-05,26786,-30.70082641644508,12.203589855127403,-1,BTCUSDT,2024-03-05,100
1709599496500,136724.38789999997,136860.9755,0.0,26965,6.155291295631545,10.743125803307285,1,BTCUSDT,2024-03-05,100
1709599498000,682993.1882999999,682993.1882999999,1.464260691363961e-06,26980,30.748150286059005,12.203353727781309,1,BTCUSDT,2024-03-05,100
1709599508100,399342.0042000002,400024.86820000014,1.317987082316563e-05,27081,17.97825830626606,11.717411065222064,1,BTCUSDT,2024-03-05,100
1709599511100,-478181.9447,478318.49009999994,-3.3687861460407476e-05,27111,-21.5276089887697,11.879783134367601,-1,BTCUSDT,2024-03-05,100
1709599519600,160187.3863,160869.34030000004,8.798273192667239e-06,27196,7.211588508141773,10.88994289846715,1,BTCUSDT,2024-03-05,100
1709599520700,-1361331.7315,1368289.3555,-0.00018913444656476486,27207,-61.28674983352382,12.834522079744831,-1,BTCUSDT,2024-03-05,100
1709599521800,-313101.5441,313101.5441,9.237976889764354e-05,27218,-14.095738431515967,11.494860140998817,-1,BTCUSDT,2024-03-05,100
1709599526500,-136698.9783,136698.9783,0.0,27265,-6.1541473629937204,10.742049962774697,-1,BTCUSDT,2024-03-05,100
1709599531000,216334.94070000006,223703.06510000004,0.00011872158848724723,27310,9.739334714781174,11.189457754900364,1,BTCUSDT,2024-03-05,100
1709599533000,-224833.89640000003,224833.89640000003,-0.00010844635945872483,27330,-10.121955173688841,11.194038062110963,-1,BTCUSDT,2024-03-05,100
1709599537100,277489.8161,277489.8161,0.0,27371,12.492509024183596,11.385180074303966,1,BTCUSDT,2024-03-05,100
1709599547000,-1708852.1765999994,1921237.4648000002,-0.00023571939545341536,27470,-76.93201695545494,13.142832410427841,-1,BTCUSDT,2024-03-05,100
1709599556600,-346500.0298999999,346500.0298999999,-0.00015675783802926446,27566,-15.599328332992595,11.586928707573675,-1,BTCUSDT,2024-03-05,100
1709599558600,185588.57200000001,186270.92300000004,6.008818309233277e-05,27586,8.355142336682485,11.023118986127786,1,BTCUSDT,2024-03-05,100
1709599567800,169456.2764,169456.2764,8.794546214296872e-05,27678,7.628871184838951,10.937180435033403,1,BTCUSDT,2024-03-05,100
1709599574700,421864.834,421864.834,0.0,27747,18.992229407912728,11.765698668517743,1,BTCUSDT,2024-03-05,100
1709599582700,-136548.73530000003,136548.73530000003,-7.176285455123832e-05,27827,-6.147383467800379,10.741051042988543,-1,BTCUSDT,2024-03-05,100
1709599589800,-136581.4,136581.4,-1.4643271608605346e-06,27898,-6.14885402288329,10.741268314065136,-1,BTCUSDT,2024-03-05,100
1709599601300,-276788.06799999997,317756.368,-9.080603544298071e-05,28013,-12.460916533348565,11.50826537027533,-1,BTCUSDT,2024-03-05,100
1709599605800,556677.0839,809416.8715000001,0.00020350333252139308,28058,25.06143681925543,12.357622420404937,1,BTCUSDT,2024-03-05,100
1709599611500,136245.3605,136928.2965,4.1000289936476975e-05,28115,6.133725624496521,10.74357251467885,1,BTCUSDT,2024-03-05,100
1709599634100,-303208.83089999994,303208.83089999994,-1.4646660311257165e-06,28341,-13.650371424316956,11.465696088347606,-1,BTCUSDT,2024-03-05,100
1709599650300,140558.583,141240.91300000003,1.9051903981548435e-05,28503,6.327905619142321,10.771740740941297,1,BTCUSDT,2024-03-05,100
1709599658500,-347223.18789999996,349816.95769999997,-5.127900836399135e-05,28585,-15.631884691160549,11.595582911120891,-1,BTCUSDT,2024-03-05,100
1709599677500,202125.0098,202125.0098,8.499139833517688e-05,28775,9.09960785022012,11.09731861695549,1,BTCUSDT,2024-03-05,100
1709599694900,-463399.2146,523543.793,-0.00018771906723635823,28949,-20.862094874515616,11.96184925078304,-1,BTCUSDT,2024-03-05,100
1709599700300,-681623.9999999998,681623.9999999998,1.46708556947317e-06,29003,-30.686509835847332,12.20153089054472,-1,BTCUSDT,2024-03-05,100
1709599701800,-202536.72619999998,202536.72619999998,-0.00010565410909002537,29018,-9.118143200146443,11.099167034449296,-1,BTCUSDT,2024-03-05,100
1709599706900,-210568.26960000003,234683.9726,-9.981402307168707e-05,29069,-9.479720896267965,11.232987201542686,-1,BTCUSDT,2024-03-05,100
1709599708400,196770.94559999995,196770.94559999995,1.4682056406201127e-06,29084,8.858569471678493,11.07293243070134,1,BTCUSDT,2024-03-05,100
1709599717200,145106.8103,145106.8103,0.00010275319865016286,29172,6.53266546001811,10.796269522349654,1,BTCUSDT,2024-03-05,100
1709599727700,-681207.4303000002,681207.4303000002,-4.8440615850964264e-05,29277,-30.667755991797897,12.200975573564783,-1,BTCUSDT,2024-03-05,100
1709599732200,-174949.20399999997,174949.20399999997,-4.258352796426834e-05,29322,-7.8761611523650314,10.966158152061386,-1,BTCUSDT,2024-03-05,100
1709599733300,-242980.78110000002,242980.78110000002,-4.405383379157968e-05,29333,-10.938922527884905,11.26454638606321,-1,BTCUSDT,2024-03-05,100
1709599745600,-358742.1128000004,359014.39840000035,-0.00011164124391704888,29456,-16.15046326562719,11.619157453181208,-1,BTCUSDT,2024-03-05,100
1709599749600,206322.1436,207955.298,0.0,29496,9.288561566104638,11.123149799881125,1,BTCUSDT,2024-03-05,100
1709599759000,348080.327,348080.327,1.4692410719163718e-06,29590,15.670472838618444,11.591062148976036,1,BTCUSDT,2024-03-05,100
1709599771200,-1078804.2742,1078804.2742,-4.40892159936368e-06,29712,-48.56744770018728,12.618593783999497,-1,BTCUSDT,2024-03-05,100
1709599792600,-999353.6203999997,1000714.5145999996,-9.112313681569617e-05,29926,-44.99060288648029,12.55033931016198,-1,BTCUSDT,2024-03-05,100
1709599794100,173975.3477000001,173975.3477000001,2.204600118815847e-05,29941,7.832318431262711,10.961087567525249,1,BTCUSDT,2024-03-05,100
1709599801700,582053.6089000002,582053.6089000002,3.3804216270638676e-05,30017,26.203880430413687,12.058084219218651,1,BTCUSDT,2024-03-05,100
1709599807100,220930.57319999998,220930.57319999998,2.0575526882282702e-05,30071,9.94622872366758,11.1781293781042,1,BTCUSDT,2024-03-05,100
1709599810400,981754.6116000002,981754.6116000002,0.00013073364360849382,30104,44.198300742420884,12.532963761690853,1,BTCUSDT,2024-03-05,100
1709599814700,290476.7638999999,290476.7638999999,7.922802563520293e-05,30147,13.07717755317074,11.42672849586829,1,BTCUSDT,2024-03-05,100
1709599815900,-178855.24219999998,188265.07559999992,-7.479667407750412e-05,30159,-8.052009830879133,11.03279201864788,-1,BTCUSDT,2024-03-05,100
1709599817300,-229234.25019999995,229234.25019999995,3.080075359385148e-05,30173,-10.320057793556842,11.211644612865259,-1,BTCUSDT,2024-03-05,100
1709599824000,204436.4001,204572.72410000002,0.00011736038895016065,30240,9.203665954358813,11.10825284483973,1,BTCUSDT,2024-03-05,100
1709599828700,340714.9365,340851.2407,0.0,30287,15.33888514801027,11.571997972743342,1,BTCUSDT,2024-03-05,100
1709599831400,-143749.27240000002,143749.27240000002,-0.00024940399909212374,30314,-6.471549507350826,10.787731315408287,-1,BTCUSDT,2024-03-05,100
1709599846500,-251182.68759999995,251182.68759999995,-0.00017603490230833074,30465,-11.308169920120138,11.294702706127595,-1,BTCUSDT,2024-03-05,100
1709599850600,217630.12540000002,227581.25180000003,1.7605866275971493e-05,30506,9.79764354492182,11.205070644128611,1,BTCUSDT,2024-03-05,100
1709599851800,-344064.09389999986,344064.09389999986,-0.00013055644200932193,30518,-15.48966321846685,11.580520177222603,-1,BTCUSDT,2024-03-05,100
1709599856600,340933.94440000004,340933.94440000004,0.00014959982076057088,30566,15.348744818558078,11.572218352727736,1,BTCUSDT,2024-03-05,100
1709599868600,-458781.9482,574072.2272,-6.00986644343493e-05,30686,-20.65422691388288,12.045541977600825,-1,BTCUSDT,2024-03-05,100
1709599870700,341069.5335999999,341069.5335999999,4.3979048388820274e-05,30707,15.354849004031934,11.572579540701424,1,BTCUSDT,2024-03-05,100
1709599874000,-389500.10630000004,389500.10630000004,-3.810958852312751e-05,30740,-17.535178988765853,11.693191459189928,-1,BTCUSDT,2024-03-05,100
1709599895000,650206.6640000001,650206.6640000001,6.449173188904922e-05,30950,29.272110709378616,12.158666533745315,1,BTCUSDT,2024-03-05,100
1709599918900,-184476.67,184476.67,-1.4657684438645902e-05,31189,-8.305084839206607,11.01432668752696,-1,BTCUSDT,2024-03-05,100
1709599926800,-1046483.5019000004,1047574.1611000005,-0.00013935554683186524,31268,-47.11237614008065,12.591909235471162,-1,BTCUSDT,2024-03-05,100
1709599950500,-2224474.5899999975,2224474.5899999975,-0.0003713578897883707,31505,-100.14518471419346,13.275956111237603,-1,BTCUSDT,2024-03-05,100
1709599964200,340462.9745,340599.1953,9.543785057708476e-05,31642,15.327541893677589,11.571326019139558,1,BTCUSDT,2024-03-05,100
1709599994700,238254.72659999994,238254.72659999994,0.0,31947,10.726156959332442,11.246704150892734,1,BTCUSDT,2024-03-05,100
1709600021100,681268.2375999995,681268.2375999995,0.00020257505254761554,32211,30.67049351836609,12.201056655175604,1,BTCUSDT,2024-03-05,100
1709600103200,-301619.3886,301619.3886,1.614900540580777e-05,33032,-13.578815204505947,11.460921803520053,-1,BTCUSDT,2024-03-05,100
1709600105800,170208.8996,170208.8996,6.606682882370762e-05,33058,7.662754057551014,10.941205943756769,1,BTCUSDT,2024-03-05,100
1709600114000,561438.8601,575065.5401000001,0.00036101560243650965,33140,25.275810568121972,12.047112374286293,1,BTCUSDT,2024-03-05,100
1709600120100,625561.8129000003,625561.8129000003,0.00011732854646417934,33201,28.162606839674588,12.123566808099797,1,BTCUSDT,2024-03-05,100
1709600122000,-388858.67159999994,388858.67159999994,-0.00022439495953463506,33220,-17.50630178926788,11.691694301154097,-1,BTCUSDT,2024-03-05,100
1709600139900,-204696.7611,205514.48789999995,-8.070805918336532e-05,33399,-9.215387329174506,11.112425000006489,-1,BTCUSDT,2024-03-05,100
1709600159500,533476.2431999999,533476.2431999999,0.00012183441543633933,33595,24.016941868460744,11.978921124045648,1,BTCUSDT,2024-03-05,100
1709600163600,172278.5158,172278.5158,1.4679728685962345e-06,33636,7.7559275635862015,10.952184468566353,1,BTCUSDT,2024-03-05,100
1709600174200,-202418.86500000005,202418.86500000005,0.0,33742,-9.112837123962121,11.098638275943545,-1,BTCUSDT,2024-03-05,100
1709600192800,177145.02259999994,177145.02259999994,6.748717379423397e-05,33928,7.975016252928738,10.97748833075777,1,BTCUSDT,2024-03-05,100
1709600206900,-242798.5626,242798.5626,-5.1343550712346087e-05,34069,-10.930719105187752,11.263864914565833,-1,BTCUSDT,2024-03-05,100
1709600222000,-503507.9329000001,503507.9329000001,-0.00018477159497187756,34220,-22.66777744821634,11.926403353870434,-1,BTCUSDT,2024-03-05,100
1709600256900,579597.5106,582325.8465999999,0.00023606917082830137,34569,26.09330761513611,12.058508984522675,1,BTCUSDT,2024-03-05,100
1709600259700,-227770.1906000001,227770.1906000001,-4.251348521222553e-05,34597,-10.254146265624048,11.205824465756876,-1,BTCUSDT,2024-03-05,100
1709600289500,-149220.29069999998,149220.29069999998,-0.0001129064541913749,34895,-6.717853124704455,10.82166173502779,-1,BTCUSDT,2024-03-05,100
1709600313400,324739.47520000016,325421.1582000001,4.4009693874969e-05,35134,14.619674629726518,11.529916704339996,1,BTCUSDT,2024-03-05,100
1709600320200,483031.68829999986,483713.28829999984,0.00011150856426667133,35202,21.74594300383187,11.889971053185215,1,BTCUSDT,2024-03-05,100
1709600332300,-428148.09239999996,428148.09239999996,0.0,35323,-19.275099833092547,11.779128245066289,-1,BTCUSDT,2024-03-05,100
1709600352700,138219.9892,138902.2772,0.00011579087009394584,35527,6.222622821521123,10.756574234560748,1,BTCUSDT,2024-03-05,100
1709600357400,902024.8395000001,926728.5023000006,0.00014361604714174803,35574,40.608890105828685,12.48056796394961,1,BTCUSDT,2024-03-05,100
1709600369500,-217599.57109999994,219645.84709999996,-0.00016711891429110892,35695,-9.796267999419491,11.172831711823545,-1,BTCUSDT,2024-03-05,100
1709600370700,-862719.5565000003,862719.5565000003,-0.0002771640997849545,35707,-38.8393779504758,12.415554626234762,-1,BTCUSDT,2024-03-05,100
1709600378200,-354177.5128000002,354177.5128000002,-0.00012761322941123865,35782,-15.944966330664933,11.606836029595867,-1,BTCUSDT,2024-03-05,100
1709600380100,136333.0224,136333.0224,0.0,35801,6.13767213717298,10.739614910320181,1,BTCUSDT,2024-03-05,100
1709596802800,-58075.04000000001,58075.04000000001,0.0,28,-9.059588589103797,15.799466863700525,-1,ETHUSDT,2024-03-05,100
1709596804500,92897.30139999998,92897.30139999998,0.0001487500863568414,45,14.491790823079517,16.476054511006563,1,ETHUSDT,2024-03-05,100
1709596816700,-60170.97540000001,60170.97540000001,0.0,167,-9.386550265468355,15.85053085766294,-1,ETHUSDT,2024-03-05,100
1709596821500,-39304.976899999994,40611.4115,-0.00011573340547421651,215,-6.131496770699223,15.28429839783463,-1,ETHUSDT,2024-03-05,100
1709596830300,-41825.6825,42479.197700000004,-0.0001377186630246996,303,-6.52472173774617,15.349060835696326,-1,ETHUSDT,2024-03-05,100
1709596841900,-121427.67950000001,121427.67950000001,-0.00015978489681067742,419,-18.942472008621138,16.86180019371683,-1,ETHUSDT,2024-03-05,100
1709596854400,108065.09999999999,108065.09999999999,5.7852913117883986e-05,544,16.857936677105354,16.693883348242718,1,ETHUSDT,2024-03-05,100
1709596858200,182655.5708,182655.5708,0.00011569196201755005,582,28.49389901334412,17.449849914945524,1,ETHUSDT,2024-03-05,100
1709596861300,40315.4499,40315.4499,8.25987778085846e-06,613,6.289128511639867,15.273763771571664,1,ETHUSDT,2024-03-05,100
1709596862600,56785.750799999994,56785.750799999994,0.00019266656083694045,626,8.858462085800916,15.767131743383947,1,ETHUSDT,2024-03-05,100
1709596864800,72019.3259,72019.3259,5.22883731424173e-05,648,11.234868940573909,16.109414150260314,1,ETHUSDT,2024-03-05,100
1709596867700,-51196.9651,51850.9807,-0.00020364805283712428,677,-7.986622838601665,15.636193514806369,-1,ETHUSDT,2024-03-05,100
1709596886500,-69800.342,69800.342,-0.00018742954219952424,865,-10.888711947486259,16.064339510328292,-1,ETHUSDT,2024-03-05,100
1709596907300,-365003.5962,365003.5962,-0.00022620003351470075,1073,-56.93982156732685,18.446978090212248,-1,ETHUSDT,2024-03-05,100
1709596908700,85263.7347,85263.7347,0.00015722468128842593,1087,13.300969882284942,16.35255616884743,1,ETHUSDT,2024-03-05,100
1709596923600,44010.9038,44010.9038,3.310034369441439e-05,1236,6.8656118336315375,15.400079567597203,1,ETHUSDT,2024-03-05,100
1709596924600,82247.48189999998,82247.48189999998,0.00012133780459677723,1246,12.830440555938676,16.300682034505613,1,ETHUSDT,2024-03-05,100
1709596926700,-285620.3372,285620.3372,-2.756411758397803e-06,1267,-44.556193981323105,18.093752711714803,-1,ETHUSDT,2024-03-05,100
1709596945200,-57353.14830000001,58223.78190000001,-5.237644329270097e-05,1452,-8.946974946342833,15.803151002960334,-1,ETHUSDT,2024-03-05,100
1709596954400,-60989.487499999996,60989.487499999996,-0.00010755253193117653,1544,-9.514236494891584,15.869991128413709,-1,ETHUSDT,2024-03-05,100
1709596955600,92096.33600000001,92096.33600000001,0.0,1556,14.366841843309436,16.463582392085968,1,ETHUSDT,2024-03-05,100
1709596962400,72528.94689999998,72528.94689999998,2.7575519006006743e-06,1624,11.314368784161921,16.119569981133704,1,ETHUSDT,2024-03-05,100
1709596967900,-78850.71000000002,78850.71000000002,-2.758373387479196e-06,1679,-12.30055102086426,16.2399357167755,-1,ETHUSDT,2024-03-05,100
1709596980500,-50141.0799,50141.0799,0.0,1805,-7.821906886458996,15.587896311248956,-1,ETHUSDT,2024-03-05,100
1709596982500,83567.0835,83567.0835,3.309970458786893e-05,1825,13.0362957322334,16.3236070346597,1,ETHUSDT,2024-03-05,100
1709596995600,-53975.1082,53975.1082,-0.00011310391641394801,1956,-8.42000753412073,15.694019523789486,-1,ETHUSDT,2024-03-05,100
1709596996800,181229.38580000005,181229.38580000005,0.0,1968,28.271417042570608,17.438559839090352,1,ETHUSDT,2024-03-05,100
1709596998900,-83751.3312,83968.7736,-8.278088589719346e-06,1989,-13.065038000176543,16.33051363402883,-1,ETHUSDT,2024-03-05,100
1709597010100,911703.9277000001,911703.9277000001,0.0004551830949104385,2101,142.22396575244775,19.765444991711366,1,ETHUSDT,2024-03-05,100
1709597015400,-57276.28070000001,57276.28070000001,-8.000099315808029e-05,2154,-8.934983756464499,15.779519843461628,-1,ETHUSDT,2024-03-05,100
1709597016900,54805.76970000001,54805.76970000001,7.724329711322753e-05,2169,8.54958904533119,15.716016208984897,1,ETHUSDT,2024-03-05,100
1709597018600,193967.46659999996,193967.46659999996,0.0002702583465623576,2186,30.258531842022514,17.53639494066254,1,ETHUSDT,2024-03-05,100
1709597025100,69727.4298,91267.41420000001,-7.170158904834523e-05,2251,10.877337791994908,16.450560216089375,1,ETHUSDT,2024-03-05,100
1709597042200,72430.2983,72502.80089999999,2.7585179580569275e-06,2422,11.29897980240847,16.119050677391396,1,ETHUSDT,2024-03-05,100
1709597078500,-251456.74550000008,263425.36970000004,-0.00015163315832644741,2785,-39.22674288618618,17.97724184706229,-1,ETHUSDT,2024-03-05,100
1709597081400,114760.89400000001,114760.89400000001,0.00017083419480812267,2814,17.902466976479918,16.780469484515315,1,ETHUSDT,2024-03-05,100
1709597106700,-84868.9324,84868.9324,0.0,3067,-13.239381523292304,16.345871607730587,-1,ETHUSDT,2024-03-05,100
1709597111200,100016.8588,100016.8588,0.0001569592859098634,3112,15.60242735437609,16.582411719339905,1,ETHUSDT,2024-03-05,100
1709597116100,-41274.515199999994,41274.515199999994,-2.7522998902185236e-06,3161,-6.438740755524424,15.307625260315158,-1,ETHUSDT,2024-03-05,100
1709597117400,-73861.61709999999,73861.61709999999,-9.08301463127259e-05,3174,-11.522262635581718,16.145794101341973,-1,ETHUSDT,2024-03-05,100
1709597130500,-61965.36379999999,61965.36379999999,-1.6518732241621592e-05,3305,-9.666471220719698,15.892854296932601,-1,ETHUSDT,2024-03-05,100
1709597141700,-72631.9704,72631.9704,-0.00012391317832616267,3417,-11.33044024145252,16.12161438147994,-1,ETHUSDT,2024-03-05,100
1709597153900,-107807.16470000001,107807.16470000001,-6.609712975702564e-05,3539,-16.817699292841702,16.69044147099205,-1,ETHUSDT,2024-03-05,100
1709597156600,290437.3144,290437.3144,0.00012945964389210474,3566,45.30763266608497,18.117840810095977,1,ETHUSDT,2024-03-05,100
1709597160500,127661.49559999998,162811.40520000004,0.00017627794670715957,3605,19.914934691490256,17.284201461479455,1,ETHUSDT,2024-03-05,100
1709597174900,123576.8613,123576.8613,0.0001543835275850114,3749,19.277740015516862,16.88706941598737,1,ETHUSDT,2024-03-05,100
1709597183600,291338.8243000001,291338.8243000001,0.00039409410540258705,3836,45.44826638416773,18.122304548248238,1,ETHUSDT,2024-03-05,100
1709597185700,-71632.72450000001,71632.72450000001,0.0,3857,-11.174559905367538,16.101661827325042,-1,ETHUSDT,2024-03-05,100
1709597190300,-50833.86,50833.86,5.78371388968435e-05,3903,-7.929979178595484,15.60765987566286,-1,ETHUSDT,2024-03-05,100
1709597198300,145325.7769,145325.7769,0.00013762465374611565,3983,22.670526789234824,17.120562624088645,1,ETHUSDT,2024-03-05,100
1709597200500,70080.3771,70080.3771,0.0,4005,10.932396855779194,16.07010630176288,1,ETHUSDT,2024-03-05,100
1709597203500,42148.02,42148.02,0.0,4035,6.5750057347410955,15.337788128236868,1,ETHUSDT,2024-03-05,100
1709597209800,113565.74399999999,113565.74399999999,9.358450687813047e-05,4098,17.716025997665827,16.765391223515554,1,ETHUSDT,2024-03-05,100
1709597224000,-69618.4345,69618.4345,-8.807177855629789e-05,4240,-10.860334746002241,16.060581061731092,-1,ETHUSDT,2024-03-05,100
1709597235300,41838.309199999996,41838.309199999996,8.535465552839128e-05,4353,6.526691477366461,15.327165679665333,1,ETHUSDT,2024-03-05,100
1709597238900,-82222.81730000001,82222.81730000001,-0.0001128992953258745,4389,-12.82659292830528,16.30025005158462,-1,ETHUSDT,2024-03-05,100
1709597256100,-55260.7622,55260.7622,-2.7523983714417e-06,4561,-8.62056695358795,15.727923934033575,-1,ETHUSDT,2024-03-05,100
1709597266100,-522708.41289999994,522708.41289999994,-0.00030840316247449095,4661,-81.54145348737417,18.96421524608922,-1,ETHUSDT,2024-03-05,100
1709597267300,59658.941699999996,60312.5793,9.63883293767509e-05,4673,9.306674045568089,15.853916380078763,1,ETHUSDT,2024-03-05,100
1709597283500,-63952.87819999999,63952.87819999999,-0.0002286750221074385,4835,-9.976519440728147,15.938325460137795,-1,ETHUSDT,2024-03-05,100
1709597287300,102458.93470000001,103765.19290000002,0.0001074870224240243,4873,15.98338624751444,16.63540274756159,1,ETHUSDT,2024-03-05,100
1709597343500,253306.4171,253306.4171,9.362522380662597e-05,5435,39.51528790864245,17.92082491235667,1,ETHUSDT,2024-03-05,100
1709597375300,-272298.08280000003,272298.08280000003,-0.0001844396275139104,5753,-42.47794928371501,18.024955111693327,-1,ETHUSDT,2024-03-05,100
1709597392100,-118372.94239999999,118372.94239999999,0.0,5921,-18.46593920943801,16.825103353961822,-1,ETHUSDT,2024-03-05,100
1709597395400,-70646.85110000001,70646.85110000001,-2.7531334101382754e-06,5954,-11.020765652191976,16.081701636262764,-1,ETHUSDT,2024-03-05,100
1709597397200,540125.1778000001,540125.1778000001,0.00020921826772024588,5972,84.25843352814805,19.01142432641714,1,ETHUSDT,2024-03-05,100
1709597400000,-97072.1545,97072.1545,-2.752595353427978e-06,6000,-15.143059449083818,16.539369718921435,-1,ETHUSDT,2024-03-05,100
1709597402100,199986.15039999998,199986.15039999998,0.0,6021,31.19743432191584,17.580407161476177,1,ETHUSDT,2024-03-05,100
1709597403900,-40506.596399999995,40506.596399999995,-7.982834158148933e-05,6039,-6.318946978407124,15.280576354965728,-1,ETHUSDT,2024-03-05,100
1709597408500,125309.34890000001,125309.34890000001,0.00015692385233379014,6085,19.548004571369496,16.907121433965354,1,ETHUSDT,2024-03-05,100
1709597413600,-42785.81019999999,42785.81019999999,-5.231140706563053e-05,6136,-6.67449971387847,15.359419314104384,-1,ETHUSDT,2024-03-05,100
1709597415500,-81091.11350000002,81091.11350000002,-6.333532061475466e-05,6155,-12.65004942815917,16.28028840162631,-1,ETHUSDT,2024-03-05,100
1709597424800,-39270.3244,39270.3244,-2.7552573751421505e-06,6248,-6.126091050899738,15.23593412268561,-1,ETHUSDT,2024-03-05,100
1709597433800,-116306.4385,116306.4385,-6.0639136517437464e-05,6338,-18.143568787449865,16.79973723179025,-1,ETHUSDT,2024-03-05,100
1709597443600,61379.1612,61379.1612,-3.859215807722194e-05,6436,9.575024802673962,15.87916411083647,1,ETHUSDT,2024-03-05,100
1709597445000,256551.2954,256551.2954,0.00028938096102848476,6450,40.02148234982941,17.939158136171912,1,ETHUSDT,2024-03-05,100
1709597447600,38943.462000000014,38943.462000000014,0.0,6476,6.07510117867155,15.223896011848192,1,ETHUSDT,2024-03-05,100
1709597457300,42013.862199999996,42013.862199999996,0.0,6573,6.554077389723696,15.333196404017842,1,ETHUSDT,2024-03-05,100
1709597461300,298323.7609,298323.7609,0.00021218346509144226,6613,46.53790234338485,18.156428789069082,1,ETHUSDT,2024-03-05,100
1709597462300,-1801957.2322000007,1819588.7676000006,-0.0010611806008729019,6623,-281.1016777412841,20.760769527748558,-1,ETHUSDT,2024-03-05,100
1709597472900,145251.8716,145251.8716,0.00015147112920388395,6729,22.65899771215534,17.119829975596808,1,ETHUSDT,2024-03-05,100
1709597475300,145309.13870000007,145309.13870000007,9.635065037372215e-05,6753,22.66793126374121,17.12039771643007,1,ETHUSDT,2024-03-05,100
1709597485800,576189.6975,576189.6975,-3.85474229727123e-05,6858,89.88442554030385,19.104519911547385,1,ETHUSDT,2024-03-05,100
1709597513000,-40310.3985,40310.3985,-3.304401463033457e-05,7130,-6.28834050347321,15.273583298691067,-1,ETHUSDT,2024-03-05,100
1709597522100,-50050.9294,50050.9294,-0.0002617227709613701,7221,-7.807843591089729,15.585304449919894,-1,ETHUSDT,2024-03-05,100
1709597532900,143681.2175,143681.2175,8.270420703837544e-06,7329,22.41397885445349,17.104170767208185,1,ETHUSDT,2024-03-05,100
1709597551400,87526.812,87526.812,0.0,7514,13.654005356446302,16.39028596659705,1,ETHUSDT,2024-03-05,100
1709597557100,-105147.32999999999,105147.32999999999,0.0,7571,-16.402770468048427,16.654460605704994,-1,ETHUSDT,2024-03-05,100
1709597565700,-185166.9964,185166.9964,-1.654606424317251e-05,7657,-28.88567631919089,17.469518430951805,-1,ETHUSDT,2024-03-05,100
1709597574300,-47155.02819999999,47155.02819999999,4.135415561634659e-05,7743,-7.356088870530052,15.499463263830787,-1,ETHUSDT,2024-03-05,100
1709597583300,-138904.05350000004,138904.05350000004,8.271880156840439e-06,7833,-21.66875094823634,17.055469059233538,-1,ETHUSDT,2024-03-05,100
1709597600400,-104204.77820000002,104204.77820000002,-5.2381497212650174e-05,8004,-16.25573429671012,16.641491443130622,-1,ETHUSDT,2024-03-05,100
1709597633700,-156337.8991,156337.8991,-0.00015710291237702734,8337,-24.388395543607384,17.22576448087096,-1,ETHUSDT,2024-03-05,100
1709597654600,-156275.71560000003,156275.71560000003,0.0,8546,-24.378695043581377,17.22519148728279,-1,ETHUSDT,2024-03-05,100
1709597673100,-70810.43400000001,70810.43400000001,-3.308045166150464e-05,8731,-11.046284253198749,16.085032768690144,-1,ETHUSDT,2024-03-05,100
1709597675600,235192.2010000001,235192.2010000001,0.00035552322230536504,8756,36.68950689359503,17.813959083004686,1,ETHUSDT,2024-03-05,100
1709597680900,60184.7368,60184.7368,0.0,8809,9.388697015989921,15.850860220016191,1,ETHUSDT,2024-03-05,100
1709597682900,116412.89000000001,116412.89000000001,0.0,8829,18.16017500579587,16.80105488428525,1,ETHUSDT,2024-03-05,100
1709597684100,376552.2487,376552.2487,0.0003332777901192685,8841,58.741387961573416,18.491842985084475,1,ETHUSDT,2024-03-05,100
1709597699800,-78195.97920000006,78195.97920000006,-8.539439129329196e-05,8998,-12.198414342445881,16.227926457196666,-1,ETHUSDT,2024-03-05,100
1709597723400,-67787.64059999998,67787.64059999998,-0.0001349503508691896,9234,-10.574734606502707,16.02219812833253,-1,ETHUSDT,2024-03-05,100
1709597731000,58535.3581,58535.3581,4.1307805116019836e-05,9310,9.13139728017173,15.81083792083219,1,ETHUSDT,2024-03-05,100
1709597733800,-51898.63659999999,51898.63659999999,0.0,9338,-8.096082171125573,15.637516658744463,-1,ETHUSDT,2024-03-05,100
1709597737500,-39332.6106,39332.6106,6.333113512191346e-05,9375,-6.135807571917694,15.238216709868778,-1,ETHUSDT,2024-03-05,100
1709597750000,606660.8832,606660.8832,0.0,9500,94.63786877967455,19.178743182364624,1,ETHUSDT,2024-03-05,100
1709597757300,-57164.845799999996,57164.845799999996,-2.753436632474404e-06,9573,-8.917600137814077,15.776714946503498,-1,ETHUSDT,2024-03-05,100
1709597768300,108954.36959999999,108954.36959999999,2.2028311889243923e-05,9683,16.99666093318502,16.705687055691374,1,ETHUSDT,2024-03-05,100
1709597769800,386463.0303,386463.0303,0.0,9698,60.28744981348879,18.529261213241785,1,ETHUSDT,2024-03-05,100
1709597776100,-75749.96970000002,75749.96970000002,-0.00012392136791916641,9761,-11.81684181567638,16.182153808716134,-1,ETHUSDT,2024-03-05,100
1709597791100,-50979.660200000006,50979.660200000006,0.0,9911,-7.952723714427213,15.611784930178906,-1,ETHUSDT,2024-03-05,100
1709597800100,-61122.8912,61122.8912,-0.00010745000485634648,10001,-9.535047201836672,15.873138054221583,-1,ETHUSDT,2024-03-05,100
1709597844900,-47612.76689999998,47612.76689999998,5.231716871634262e-05,10449,-7.427495180423444,15.513376761765477,-1,ETHUSDT,2024-03-05,100
1709597846800,-42964.0757,42964.0757,-2.7534593787237327e-06,10468,-6.702308770740609,15.365407696260688,-1,ETHUSDT,2024-03-05,100
1709597851500,67438.4037,67438.4037,5.507259945858323e-06,10515,10.520254357601736,16.014758699675543,1,ETHUSDT,2024-03-05,100
1709597859100,1172034.9279999998,1172034.9279999998,0.0003028317544995218,10591,182.8350744095895,20.12722323867543,1,ETHUSDT,2024-03-05,100
1709597864600,297568.0092,297568.0092,0.00017337628338331967,10646,46.420006609218916,18.15277540121151,1,ETHUSDT,2024-03-05,100
1709597873900,-88942.32280000001,88942.32280000001,-5.229542512630303e-05,10739,-13.874822173644072,16.413392462174194,-1,ETHUSDT,2024-03-05,100
1709597875200,-64951.782,64951.782,-5.505471063393941e-05,10752,-10.132346409906171,15.960647930866816,-1,ETHUSDT,2024-03-05,100
1709597883000,-62671.191600000006,62671.191600000006,-3.5761787982480087e-05,10830,-9.7765789276236,15.909167387823418,-1,ETHUSDT,2024-03-05,100
1709597887200,-1205048.738699999,1205048.738699999,-0.0004898736609248999,10872,-187.98516199800176,20.167232820232737,-1,ETHUSDT,2024-03-05,100
1709597889100,-78694.2456,78694.2456,2.7524286743130233e-06,10891,-12.27614289143652,16.23707489418277,-1,ETHUSDT,2024-03-05,100
1709597893900,181710.6026,181710.6026,3.577359716189221e-05,10939,28.34648588850106,17.44237918577632,1,ETHUSDT,2024-03-05,100
1709597913400,40410.4858,40410.4858,0.00010731990560763904,11134,6.303953919512082,15.277154939573487,1,ETHUSDT,2024-03-05,100
1709597924400,-253437.4775,253437.4775,-0.00010183061174551256,11244,-39.53573306553469,17.92156992993574,-1,ETHUSDT,2024-03-05,100
1709597928400,181678.32449999996,181678.32449999996,0.00013210512284267395,11284,28.341450570291403,17.442123315908738,1,ETHUSDT,2024-03-05,100
1709597953600,76254.7574,76254.7574,0.0,11536,11.895587674255898,16.191719862377383,1,ETHUSDT,2024-03-05,100
1709597957800,90856.26170000002,97619.20310000003,7.701087782407967e-05,11578,14.173392764704912,16.547463681262816,1,ETHUSDT,2024-03-05,100
1709597962300,-66824.14299999998,66824.14299999998,-2.7505397936167242e-05,11623,-10.424430932797293,16.001579784252403,-1,ETHUSDT,2024-03-05,100
1709597970200,84763.8932,84763.8932,0.00012380953707058495,11702,13.2229956208852,16.3440879081725,1,ETHUSDT,2024-03-05,100
1709597981600,-39247.739199999996,39247.739199999996,-2.2014248724389063e-05,11816,-6.122567805453801,15.235105553895789,-1,ETHUSDT,2024-03-05,100
1709598009400,-44127.448,44127.448,-0.0002918470081603175,12094,-6.883792492731319,15.403888483631802,-1,ETHUSDT,2024-03-05,100
1709598019100,-49220.510500000004,49220.510500000004,-2.752913614401109e-06,12191,-7.678299924987802,15.561207640407948,-1,ETHUSDT,2024-03-05,100
1709598039500,-64424.5404,64424.5404,-2.7551359167432565e-06,12395,-10.050097788414721,15.948908803399185,-1,ETHUSDT,2024-03-05,100
1709598040600,-49426.03429999999,49426.03429999999,-6.062560110819959e-05,12406,-7.710361221428909,15.567209106085857,-1,ETHUSDT,2024-03-05,100
1709598053800,109909.22939999998,109909.22939999998,0.00010190633714657338,12538,17.145617127589258,16.71825459118642,1,ETHUSDT,2024-03-05,100
1709598055000,118401.4139,118401.4139,7.433787669697267e-05,12550,18.47038070575923,16.825449737526867,1,ETHUSDT,2024-03-05,100
1709598069200,-839638.2631000001,849585.2851000002,-0.0005370029581577285,12692,-130.98186806854875,19.663806966656903,-1,ETHUSDT,2024-03-05,100
1709598078800,-47183.70590000001,47183.70590000001,-2.7530727741975625e-06,12788,-7.360562533633545,15.500338913402745,-1,ETHUSDT,2024-03-05,100
1709598087900,82765.4406,82765.4406,3.853235755180151e-05,12879,12.911241063835824,16.309723911594386,1,ETHUSDT,2024-03-05,100
1709598121700,61782.7741,61782.7741,8.264121321843731e-05,13217,9.637987597417712,15.888604030461268,1,ETHUSDT,2024-03-05,100
1709598123700,256348.637,256348.637,0.0003662786815823438,13237,39.98986804998345,17.93801994409721,1,ETHUSDT,2024-03-05,100
1709598135200,78493.10829999999,78493.10829999999,6.053851764953322e-05,13352,12.244765880109052,16.233388897121767,1,ETHUSDT,2024-03-05,100
1709598142600,106482.40999999999,106482.40999999999,8.804851478849685e-05,13426,16.611040243386345,16.672633224191937,1,ETHUSDT,2024-03-05,100
1709598147400,-66533.2488,66533.2488,-2.750498184767025e-06,13474,-10.379052026903189,15.995296345224897,-1,ETHUSDT,2024-03-05,100
1709598149100,-50993.990399999995,50993.990399999995,-3.851836363466532e-05,13491,-7.95495919659648,15.612189730669522,-1,ETHUSDT,2024-03-05,100
1709598154000,38751.3094,38751.3094,0.00012379250740934822,13540,6.04512576234249,15.216771921172858,1,ETHUSDT,2024-03-05,100
1709598163600,97073.4758,97073.4758,6.325954430508318e-05,13636,15.143265569207072,16.539389323368667,1,ETHUSDT,2024-03-05,100
1709598168200,-73901.20049999998,74628.57849999997,-6.049307356192912e-05,13682,-11.528437565791974,16.160672596252073,-1,ETHUSDT,2024-03-05,100
1709598183400,39809.163,39809.163,-6.326232826658895e-05,13834,6.210148780897491,15.25556211374466,1,ETHUSDT,2024-03-05,100
1709598187100,-54332.02109999999,54332.02109999999,-0.00015133442598092017,13871,-8.475685223471332,15.703512098261015,-1,ETHUSDT,2024-03-05,100
1709598188400,38702.1441,38702.1441,3.5773892491874903e-05,13884,6.037456075143655,15.214943433607779,1,ETHUSDT,2024-03-05,100
1709598196700,-43922.66199999999,43922.66199999999,-0.00014050418987388014,13967,-6.8518462915955425,15.397188919647775,-1,ETHUSDT,2024-03-05,100
1709598200600,76828.68310000001,76828.68310000001,5.5109626835303516e-06,14006,11.985118920772706,16.202519497423545,1,ETHUSDT,2024-03-05,100
1709598210300,-72578.8,72578.8,-2.755621812511322e-06,14103,-11.322145766767385,16.120559629385877,-1,ETHUSDT,2024-03-05,100
1709598214000,-181428.29670000006,181428.29670000006,-1.9291532257881272e-05,14140,-28.302446740008417,17.44013979369659,-1,ETHUSDT,2024-03-05,100
1709598215100,47097.54059999999,47097.54059999999,-8.267913468529287e-06,14151,7.3471209213908875,15.497706323220267,1,ETHUSDT,2024-03-05,100
1709598217400,-59392.7995,59392.7995,-0.00014332886833301473,14174,-9.265156401530323,15.831782540734855,-1,ETHUSDT,2024-03-05,100
1709598220700,-38736.26810000001,40259.64170000001,-9.374009187901322e-05,14207,-6.0427793500138,15.271768639005751,-1,ETHUSDT,2024-03-05,100
1709598229700,133527.37239999996,133527.37239999996,1.3787493365668979e-05,14297,20.82999958894652,16.998610540332905,1,ETHUSDT,2024-03-05,100
1709598231900,235795.09060000003,235795.09060000003,0.00011578732637929079,14319,36.78355644983552,17.817646415126596,1,ETHUSDT,2024-03-05,100
1709598233000,68734.683,68734.683,2.756974110340593e-06,14330,10.722471302343772,16.042180710904358,1,ETHUSDT,2024-03-05,100
1709598234900,-42770.583,42770.583,-2.7565637221727e-06,14349,-6.672124301526384,15.358906638446822,-1,ETHUSDT,2024-03-05,100
1709598244100,81043.0414,81043.0414,2.7565637221727e-06,14441,12.64255027794568,16.279434321732364,1,ETHUSDT,2024-03-05,100
1709598245100,-136357.47160000002,136357.47160000002,-9.648717761656656e-05,14451,-21.271489330810706,17.02881848127111,-1,ETHUSDT,2024-03-05,100
1709598253000,-206502.6983000001,206502.6983000001,-0.00014616113325693902,14530,-32.21400259281482,17.62659092154451,-1,ETHUSDT,2024-03-05,100
1709598257400,-182676.08919999993,225324.30099999992,-0.0002012713185521875,14574,-28.49709984217706,17.752224374906955,-1,ETHUSDT,2024-03-05,100
1709598261600,-358323.2332000001,358323.2332000001,-0.00030061046212992437,14616,-55.89769847269152,18.42037317398427,-1,ETHUSDT,2024-03-05,100
1709598266400,181100.0678,181462.61079999997,0.0,14664,28.251243696548528,17.440412176317245,1,ETHUSDT,2024-03-05,100
1709598281500,68786.3133,68786.3133,0.0001489117039081833,14815,10.730525524548904,16.04326218121995,1,ETHUSDT,2024-03-05,100
1709598293600,-90689.4986,90689.4986,-7.718091209518718e-05,14936,-14.14737805894072,16.441411128080905,-1,ETHUSDT,2024-03-05,100
1709598304200,-55363.1381,56016.1529,-3.85894987005031e-05,15042,-8.63653738659048,15.747478612629072,-1,ETHUSDT,2024-03-05,100
1709598306300,145519.05649999998,145519.05649999998,0.0001378188786471668,15063,22.70067801528075,17.122476910880135,1,ETHUSDT,2024-03-05,100
1709598318700,116656.9699,116656.9699,0.00016809987928212422,15187,18.198250975728385,16.804071552824443,1,ETHUSDT,2024-03-05,100
1709598321700,114416.0685,114416.0685,0.00012400024815839572,15217,17.84867489704214,16.776135271881436,1,ETHUSDT,2024-03-05,100
1709598331500,120646.6177,135166.77769999998,0.00026171700276833576,15315,18.820627950129488,17.016186358078592,1,ETHUSDT,2024-03-05,100
1709598354300,99993.91489999999,99993.91489999999,8.547373824541182e-05,15543,15.598848152456819,16.58208127769836,1,ETHUSDT,2024-03-05,100
1709598356100,-123167.08959999999,123167.08959999999,0.0,15561,-19.21381646044987,16.88228556562539,-1,ETHUSDT,2024-03-05,100
1709598368600,134853.64279999997,134853.64279999997,9.651884124117771e-05,15686,21.036895084531306,17.012845814796584,1,ETHUSDT,2024-03-05,100
1709598379000,-103381.40599999999,103381.40599999999,-8.000165525068326e-05,15790,-16.12728990153268,16.630065788102538,-1,ETHUSDT,2024-03-05,100
1709598382400,-102282.2612,102282.2612,-2.759027884380316e-06,15824,-15.955825539427158,16.614670688392717,-1,ETHUSDT,2024-03-05,100
1709598384000,-500426.9875000002,500426.9875000002,-0.00012692351219811826,15840,-78.06559626363735,18.90147258406591,-1,ETHUSDT,2024-03-05,100
1709598385000,-69398.6822,69398.6822,-0.00012142017466310051,15850,-10.826053832385835,16.056027570268686,-1,ETHUSDT,2024-03-05,100
1709598391300,-41256.9779,41764.08589999999,-0.00011594554989180494,15913,-6.436004972252236,15.324608292243074,-1,ETHUSDT,2024-03-05,100
1709598399900,141048.05780000004,141048.05780000004,5.524358277497754e-06,15999,22.003211275620867,17.077530433051134,1,ETHUSDT,2024-03-05,100
1709598401500,-212104.32,212104.32,0.0,16015,-33.08784423001035,17.66514021124295,-1,ETHUSDT,2024-03-05,100
1709598409500,49933.231999999996,49933.231999999996,0.00023196538296765823,16095,7.789483035126148,15.581913569812016,1,ETHUSDT,2024-03-05,100
1709598415900,53739.38079999999,53739.38079999999,3.589895824340772e-05,16159,8.383234537267361,15.687715558247486,1,ETHUSDT,2024-03-05,100
1709598420400,-285345.2314999999,290196.03149999987,-0.00022928715277359402,16204,-44.513278049443954,18.11664377093177,-1,ETHUSDT,2024-03-05,100
1709598424100,-58278.8461,58278.8461,-9.39273224211945e-05,16241,-9.091381927824695,15.80451248353476,-1,ETHUSDT,2024-03-05,100
1709598432900,-181034.3573,181034.3573,-0.00018513478279480466,16329,-28.240992991667667,17.437009037937855,-1,ETHUSDT,2024-03-05,100
1709598434700,-335953.5192,345933.29279999994,-0.00037328548339132794,16347,-52.40806840621345,18.369689606469173,-1,ETHUSDT,2024-03-05,100
1709598436700,-59979.684400000006,59979.684400000006,-2.4878888192247928e-05,16367,-9.356709256993831,15.84594472328607,-1,ETHUSDT,2024-03-05,100
1709598438300,-72410.24279999999,72410.24279999999,-8.570721590928088e-05,16383,-11.295851185037758,16.117210811033612,-1,ETHUSDT,2024-03-05,100
1709598441800,-289187.10089999996,289187.10089999996,-2.7662172943365704e-06,16418,-45.11260189282087,18.111627515455726,-1,ETHUSDT,2024-03-05,100
1709598442800,324074.74379999994,324074.74379999994,0.0005446465116225596,16428,50.55500350834395,18.275678442121567,1,ETHUSDT,2024-03-05,100
1709598443800,195383.60129999998,195383.60129999998,0.0001768542062752232,16438,30.479445986356364,17.54687221073886,1,ETHUSDT,2024-03-05,100
1709598450000,55758.0226,55758.0226,0.00012436006399774158,16500,8.698138568616596,15.740826252181071,1,ETHUSDT,2024-03-05,100
1709598452200,-85105.36660000002,85105.36660000002,-1.3818243122187823e-05,16522,-13.276264779513806,16.349878498180033,-1,ETHUSDT,2024-03-05,100
1709598455200,121572.4993999999,121572.4993999999,0.00019618706361157479,16552,18.965063619638784,16.863516929214573,1,ETHUSDT,2024-03-05,100
1709598456500,86754.14219999999,86754.14219999999,0.00011328611248728748,16565,13.533470432953777,16.377514901134735,1,ETHUSDT,2024-03-05,100
1709598463600,-65067.211299999995,65067.211299999995,-0.00014369761624877242,16636,-10.150353146864566,15.963205267836406,-1,ETHUSDT,2024-03-05,100
1709598465600,61258.94420000001,61258.94420000001,8.291415625727439e-05,16656,9.556271194214697,15.87634040942811,1,ETHUSDT,2024-03-05,100
1709598467900,144890.94819999998,144890.94819999998,-3.316932942887263e-05,16679,22.602694392929372,17.116246654692254,1,ETHUSDT,2024-03-05,100
1709598469800,68099.3142,68099.3142,0.0002791215703084049,16698,10.62335505670102,16.0288050914296,1,ETHUSDT,2024-03-05,100
1709598477600,56472.92139999999,56472.92139999999,0.0,16776,8.809661333144074,15.759175376672328,1,ETHUSDT,2024-03-05,100
1709598486300,-197504.44030000002,197504.44030000002,-4.976651212373895e-05,16863,-30.81029257387015,17.56242205911642,-1,ETHUSDT,2024-03-05,100
1709598487400,59093.7232,59093.7232,-6.08304462090814e-05,16874,9.218501104611864,15.824511578363053,1,ETHUSDT,2024-03-05,100
1709598489200,-227602.2341,227602.2341,-5.53057578756011e-06,16892,-35.505487433274105,17.766712100273306,-1,ETHUSDT,2024-03-05,100
1709598492900,57195.5665,57195.5665,7.191021183494684e-05,16929,8.92239250477877,15.777488754245566,1,ETHUSDT,2024-03-05,100
1709598503900,93279.45289999999,93279.45289999999,3.3175381657812864e-05,17039,14.55140568290069,16.481967285540357,1,ETHUSDT,2024-03-05,100
1709598504900,-54067.060300000005,54067.060300000005,-9.677397064145055e-05,17049,-8.434351875440239,15.696471101622432,-1,ETHUSDT,2024-03-05,100
1709598512500,-59807.0229,60168.594900000004,-0.00011615269113818272,17125,-9.329774412778871,15.850473875651954,-1,ETHUSDT,2024-03-05,100
1709598520900,-99728.94559999999,99728.94559999999,-1.6599117481419512e-05,17209,-15.557513478442944,16.578259644973823,-1,ETHUSDT,2024-03-05,100
1709598524100,-208739.67300000004,225305.89940000002,4.7000341451663985e-05,17241,-32.562966114255936,17.752106744763868,-1,ETHUSDT,2024-03-05,100
1709598528100,181542.19589999993,181542.19589999993,0.00013544011839883296,17281,28.320214784466533,17.441043718356582,1,ETHUSDT,2024-03-05,100
1709598530400,54259.34999999999,54259.34999999999,-1.935131623653774e-05,17304,8.46434867909155,15.701584379189502,1,ETHUSDT,2024-03-05,100
1709598533300,72377.4,72377.4,0.0,17333,11.290727774772105,16.116557397768723,1,ETHUSDT,2024-03-05,100
1709598534900,72377.52729999999,72377.52729999999,1.657962364198795e-05,17349,11.290747633314215,16.11655993099689,1,ETHUSDT,2024-03-05,100
1709598536600,119257.89960000002,119475.08880000001,0.00014366387099329359,17366,18.603990739853923,16.838451607360142,1,ETHUSDT,2024-03-05,100
1709598537600,114871.80169999998,114871.80169999998,0.0,17376,17.919768352998357,16.78186074831994,1,ETHUSDT,2024-03-05,100
1709598541900,72411.40000000001,72411.40000000001,0.0,17419,11.296031705893455,16.117233828325134,1,ETHUSDT,2024-03-05,100
1709598544000,-204325.47429999997,204325.47429999997,5.247495357885157e-05,17440,-31.874360059528165,17.61132475108729,-1,ETHUSDT,2024-03-05,100
1709598553200,-49387.55930000001,50039.2871,-2.4856762903979757e-05,17532,-7.70435919937321,15.584969389026769,-1,ETHUSDT,2024-03-05,100
1709598556800,118591.5276,118591.5276,0.0,17568,18.500038057818777,16.82776052333371,1,ETHUSDT,2024-03-05,100
1709598580300,-171560.5322,171560.5322,-0.0003011403295243298,17803,-26.763095468547146,17.35959197536553,-1,ETHUSDT,2024-03-05,100
1709598586100,88974.68580000002,88974.68580000002,5.525090820057699e-05,17861,13.879870736081726,16.413916438528105,1,ETHUSDT,2024-03-05,100
1709598601500,203456.15529999995,203456.15529999995,0.0001905474655359285,18015,31.738748056631717,17.605183804740825,1,ETHUSDT,2024-03-05,100
1709598606000,-41454.5852,41454.5852,-0.00010495382041497692,18060,-6.466831310730928,15.313895129935522,-1,ETHUSDT,2024-03-05,100
1709598627500,-69295.99479999999,69295.99479999999,-5.526999391491927e-06,18275,-10.810034806014354,16.05389483750095,-1,ETHUSDT,2024-03-05,100
1709598628500,-114762.93299999998,114762.93299999998,-0.00010779987378484179,18285,-17.90278505634922,16.78049507455299,-1,ETHUSDT,2024-03-05,100
1709598637800,-289136.87629999995,289643.1013,-0.0002959557802810764,18378,-45.10476695696801,18.11389684668477,-1,ETHUSDT,2024-03-05,100
1709598642000,-144704.28829999996,144704.28829999996,-0.00016868979231610126,18420,-22.573575826672965,17.11438995384269,-1,ETHUSDT,2024-03-05,100
1709598645100,-117660.33859999999,171605.53820000004,-0.00025994856483357864,18451,-18.35477446026122,17.359969763928433,-1,ETHUSDT,2024-03-05,100
1709598652400,58274.1612,58274.1612,5.532472849623105e-06,18524,9.090651092915564,15.804396697908238,1,ETHUSDT,2024-03-05,100
1709598672800,-205892.1378,205892.1378,-1.9368878916736776e-05,18728,-32.11875639171434,17.622326118717925,-1,ETHUSDT,2024-03-05,100
1709598677500,-186014.69099999996,201912.4172,-0.00024906186825468524,18775,-29.01791495949496,17.594213750765253,-1,ETHUSDT,2024-03-05,100
1709598680000,-108114.72320000001,108114.72320000001,-0.00012180200545408582,18800,-16.86567779577656,16.694544575670093,-1,ETHUSDT,2024-03-05,100
1709598682100,97103.06509999999,99127.70029999998,0.00019639979869801039,18821,15.147881440063802,16.56955013340365,1,ETHUSDT,2024-03-05,100
1709598687100,98850.75849999998,106877.45049999998,-3.318886956193978e-05,18871,15.420518069911873,16.677966703189536,1,ETHUSDT,2024-03-05,100
1709598690800,136352.61000000002,136352.61000000002,4.147249475572323e-05,18908,21.270730931059543,17.028767128946793,1,ETHUSDT,2024-03-05,100
1709598692200,52488.474,52488.474,7.464202930407282e-05,18922,8.18809561060778,15.653793382450711,1,ETHUSDT,2024-03-05,100
1709598696100,92279.87580000001,92279.87580000001,2.764420253598132e-06,18961,14.39547368028667,16.466449909469457,1,ETHUSDT,2024-03-05,100
1709598769000,-123534.00669999997,123534.00669999997,-0.0001383003443127251,19690,-19.271054784733536,16.886569856341108,-1,ETHUSDT,2024-03-05,100
1709598779900,94375.50630000001,94375.50630000001,5.2546064242875445e-05,19799,14.722387792868906,16.49879236941495,1,ETHUSDT,2024-03-05,100
1709598783600,-41175.669499999996,41175.669499999996,-0.00010234805817432857,19836,-6.423321026570264,15.30417190645344,-1,ETHUSDT,2024-03-05,100
1709598806200,49423.833199999994,49423.833199999994,0.00014105445140089046,20062,7.710017854287991,15.567144964431687,1,ETHUSDT,2024-03-05,100
1709598815800,-57072.588599999995,57072.588599999995,0.0,20158,-8.903208201512651,15.774388625829593,-1,ETHUSDT,2024-03-05,100
1709598817100,-238871.12589999998,264169.6859,-7.747176434769187e-05,20171,-37.26341172507184,17.98130572501697,-1,ETHUSDT,2024-03-05,100
1709598818900,-62562.030099999996,62562.030099999996,-9.407545965522957e-05,20189,-9.759549954767627,15.906656493838996,-1,ETHUSDT,2024-03-05,100
1709598827800,-165394.8901999999,184899.74419999996,-2.21481489699471e-05,20278,-25.801267807168006,17.467438139316794,-1,ETHUSDT,2024-03-05,100
1709598829200,221135.04909999997,221135.04909999997,9.412624551252691e-05,20292,34.49661967477366,17.72519409059084,1,ETHUSDT,2024-03-05,100
1709598835700,68290.322,68290.322,8.30254473473957e-05,20357,10.653151886549262,16.03283921230972,1,ETHUSDT,2024-03-05,100
1709598837800,-50555.24329999999,50555.24329999999,4.704469385075072e-05,20378,-7.886515537829092,15.599744096881079,-1,ETHUSDT,2024-03-05,100
1709598842500,135946.6476,135946.6476,0.00012452007902297169,20425,21.207401619075508,17.02447253857179,1,ETHUSDT,2024-03-05,100
1709598845900,-145288.8084,145939.3734,-0.00010513385209165449,20459,-22.66475977812719,17.126631066987727,-1,ETHUSDT,2024-03-05,100
1709598857400,57395.401600000005,57395.401600000005,2.766776001195126e-06,20574,8.953566375544291,15.782512174409353,1,ETHUSDT,2024-03-05,100
1709598859000,180282.28160000005,180282.28160000005,2.766776001195126e-06,20590,28.123670706054746,17.431013100694237,1,ETHUSDT,2024-03-05,100
1709598867700,-163948.68000000005,163948.68000000005,0.0,20677,-25.575661945762416,17.294227301519975,-1,ETHUSDT,2024-03-05,100
1709598869600,47493.19750000001,47493.19750000001,0.0,20696,7.408842596252245,15.50975526040539,1,ETHUSDT,2024-03-05,100
1709598876200,-57363.0064,57363.0064,0.00013012019525326934,20762,-8.94851278997187,15.781699018441138,-1,ETHUSDT,2024-03-05,100
1709598882700,119043.72270000001,119043.72270000001,0.00013289441281472136,20827,18.570579577342635,16.833241994299783,1,ETHUSDT,2024-03-05,100
1709598885900,-40775.295000000006,40775.295000000006,-0.00013566623911032138,20859,-6.360863415666026,15.290098784313194,-1,ETHUSDT,2024-03-05,100
1709598890000,-313786.6929999997,314003.34459999966,-0.0003378902387396465,20900,-48.95008842551659,18.230207291091393,-1,ETHUSDT,2024-03-05,100
1709598891900,46497.058600000004,46497.058600000004,0.0,20919,7.25344694587297,15.479225081658196,1,ETHUSDT,2024-03-05,100
1709598897800,-61337.409400000004,62782.249400000015,6.367284341557422e-05,20978,-9.568511606456541,15.911717415761172,-1,ETHUSDT,2024-03-05,100
1709598907400,91709.5056,91709.5056,2.766347384053347e-06,21074,14.30649708456698,16.457520021746262,1,ETHUSDT,2024-03-05,100
1709598908500,96430.9986,96430.9986,8.020233116567965e-05,21085,15.043040427564822,16.529825113967515,1,ETHUSDT,2024-03-05,100
1709598913600,68854.03490000001,68854.03490000001,8.57238062454968e-05,21136,10.741089956955598,16.044679476799484,1,ETHUSDT,2024-03-05,100
1709598935100,72296.84250000001,72296.84250000001,0.0,21351,11.278160967968931,16.114953435807887,1,ETHUSDT,2024-03-05,100
1709598962200,-100855.79040000003,100855.79040000003,-3.0429568692369457e-05,21622,-15.73329898443263,16.594442372527357,-1,ETHUSDT,2024-03-05,100
1709598965200,72308.2803,72308.2803,0.00013276943224660442,21652,11.279945241597746,16.11518128005864,1,ETHUSDT,2024-03-05,100
1709598967700,71564.36070000002,73010.20490000001,-7.469819856353865e-05,21677,11.163895291061845,16.129095288479913,1,ETHUSDT,2024-03-05,100
1709598973400,-59769.63689999999,59769.63689999999,-9.685163029615751e-05,21734,-9.323942272517025,15.840892030317717,-1,ETHUSDT,2024-03-05,100
1709599010700,-180599.6888,180599.6888,-1.3843455436202134e-05,22107,-28.17318558623768,17.433546680298406,-1,ETHUSDT,2024-03-05,100
1709599022100,77061.3008,77061.3008,-2.2153546229475296e-05,22221,12.021406810725832,16.206873737293435,1,ETHUSDT,2024-03-05,100
1709599031400,182167.12459999998,182167.12459999998,0.00019928644447730903,22314,28.41770239565929,17.4459931956859,1,ETHUSDT,2024-03-05,100
1709599051000,72270.9206,72270.9206,7.194981226987807e-05,22510,11.274117204082621,16.114436930693042,1,ETHUSDT,2024-03-05,100
1709599058700,72138.74100000001,72427.87140000002,2.7669137985242287e-06,22587,11.253497454257701,16.11756141290314,1,ETHUSDT,2024-03-05,100
1709599066100,-84494.14390000001,85144.62610000001,-0.0001549503885165393,22661,-13.180915276554853,16.350542757763115,-1,ETHUSDT,2024-03-05,100
1709599074000,361471.00000000006,361471.00000000006,2.7664774862046215e-06,22740,56.3887437166111,18.43297057660422,1,ETHUSDT,2024-03-05,100
1709599114500,-99126.48750000002,99126.48750000002,-5.5303769794790014e-05,23145,-15.463531235328295,16.569532511707937,-1,ETHUSDT,2024-03-05,100
1709599136200,137850.4855,137850.4855,0.0003648565767182532,23362,21.504396474599385,17.044502963350695,1,ETHUSDT,2024-03-05,100
1709599146400,-178389.1068,183454.60080000001,-0.00011607276116976095,23464,-27.8283392725291,17.45613679055975,-1,ETHUSDT,2024-03-05,100
1709599164900,82697.29649999998,82697.29649999998,0.00019607599526416664,23649,12.900610722285048,16.30853757455113,1,ETHUSDT,2024-03-05,100
1709599197800,-144720.0,144720.0,-2.76395416776154e-06,23978,-22.576026820043538,17.11454632997371,-1,ETHUSDT,2024-03-05,100
1709599203200,65475.9835,65475.9835,6.634305998787227e-05,24032,10.214120781956387,15.972225280382125,1,ETHUSDT,2024-03-05,100
1709599216400,217126.35020000004,217126.35020000004,-8.291186473563528e-05,24164,33.8712707673671,17.698845001470634,1,ETHUSDT,2024-03-05,100
1709599218400,61428.7187,61428.7187,2.763961807872306e-06,24184,9.582755672278262,15.8803265262686,1,ETHUSDT,2024-03-05,100
1709599223900,61561.9433,61561.9433,7.460696639149944e-05,24239,9.603538439986178,15.883446785336288,1,ETHUSDT,2024-03-05,100
1709599232400,72428.1403,72428.1403,8.284409298653372e-05,24324,11.298643158780239,16.117566760190737,1,ETHUSDT,2024-03-05,100
1709599234800,51974.6828,51974.6828,0.00017946753411379746,24348,8.107945224267935,15.639625532019666,1,ETHUSDT,2024-03-05,100
1709599269000,418473.15129999985,418473.15129999985,0.0003505038874198618,24690,65.28096384201862,18.643875601357617,1,ETHUSDT,2024-03-05,100
1709599270000,86799.3969,86799.3969,0.00013243498289483568,24700,13.540530074474876,16.378266023133246,1,ETHUSDT,2024-03-05,100
1709599274000,85928.7029,85928.7029,0.00017102032976978876,24740,13.404703574363966,16.363745359453414,1,ETHUSDT,2024-03-05,100
1709599275700,52773.066699999996,52773.066699999996,0.00012681853663032427,24757,8.232491495267734,15.661581492872857,1,ETHUSDT,2024-03-05,100
1709599276700,154889.00879999998,154889.00879999998,5.51223854898808e-05,24767,24.162371592031228,17.212354011640777,1,ETHUSDT,2024-03-05,100
1709599279500,-142763.50330000004,142763.50330000004,-0.000264674259216946,24795,-22.270817298398114,17.094941858645356,-1,ETHUSDT,2024-03-05,100
1709599281300,55130.09790000001,55130.09790000001,4.686985207946748e-05,24813,8.600183587493271,15.72451434980053,1,ETHUSDT,2024-03-05,100
1709599291000,-252054.36000000004,255102.53520000004,0.0,24910,-39.3199695375132,17.931001614392052,-1,ETHUSDT,2024-03-05,100
1709599292300,42863.0959,42863.0959,5.7862636872130224e-05,24923,6.6865561265097995,15.362018591089326,1,ETHUSDT,2024-03-05,100
1709599313000,162789.1573,162789.1573,0.0002231254373636915,25130,25.39477875357301,17.284004633664733,1,ETHUSDT,2024-03-05,100
1709599321700,156956.2311,156956.2311,9.917246099000465e-05,25217,24.484854082964013,17.23144976948419,1,ETHUSDT,2024-03-05,100
1709599332600,-74884.2106,74884.2106,0.0,25326,-11.681785149968137,16.165597717411913,-1,ETHUSDT,2024-03-05,100
1709599333700,65245.835400000025,65245.835400000025,-0.00011566965859977074,25337,10.17821814460024,15.9671537576507,1,ETHUSDT,2024-03-05,100
1709599338700,-44056.03769999999,44056.03769999999,-2.7533153357239826e-06,25387,-6.872652630597354,15.401555836203014,-1,ETHUSDT,2024-03-05,100
1709599355200,146247.0594,146247.0594,0.0,25552,22.81424499286139,17.129664470168503,1,ETHUSDT,2024-03-05,100
1709599360700,-40058.754,40058.754,-2.7534517954563853e-06,25607,-6.249084471265384,15.264563975977346,-1,ETHUSDT,2024-03-05,100
1709599364400,203318.5388,206515.60219999994,0.00044316297974766883,25644,31.717280161421108,17.626680919957444,1,ETHUSDT,2024-03-05,100
1709599367300,140181.7883,150652.43149999998,0.00017605052695479628,25673,21.86807498854661,17.172409670186415,1,ETHUSDT,2024-03-05,100
1709599373100,116334.82789999996,116334.82789999996,9.354820077867032e-05,25731,18.147997476337398,16.80008875255925,1,ETHUSDT,2024-03-05,100
1709599380600,-65795.08600000001,65795.08600000001,-2.475891011499698e-05,25806,-10.263900125504914,15.979227579880632,-1,ETHUSDT,2024-03-05,100
1709599388700,65800.78510000001,65946.1983,0.00014303042996743898,25887,10.264789173559436,15.982531707252097,1,ETHUSDT,2024-03-05,100
1709599395200,-56966.37700000002,60604.087000000036,0.0,25952,-8.88663940708065,15.860860908893684,-1,ETHUSDT,2024-03-05,100
1709599397400,-74245.3761,74245.3761,-2.748993525258925e-06,25974,-11.582128262146346,16.153257959479234,-1,ETHUSDT,2024-03-05,100
1709599404800,-55253.9288,55253.9288,0.0,26048,-8.619500957031343,15.727745821602605,-1,ETHUSDT,2024-03-05,100
1709599413100,-132521.77860000002,132521.77860000002,-0.00022536264242489779,26131,-20.673128993321395,16.98772262403595,-1,ETHUSDT,2024-03-05,100
1709599414900,-45794.1054,45794.1054,0.0,26149,-7.143787670745582,15.457284378783056,-1,ETHUSDT,2024-03-05,100
1709599419500,-130024.6988,130024.6988,-6.872049316619666e-05,26195,-20.28358960321229,16.96032447186227,-1,ETHUSDT,2024-03-05,100
1709599424200,-2286646.3538999977,2754844.8632999985,-0.0009180541197224557,26242,-356.7121988225616,21.35813772659487,-1,ETHUSDT,2024-03-05,100
1709599425500,-49517.144400000005,49517.144400000005,0.0,26255,-7.724574212454179,15.569861617548074,-1,ETHUSDT,2024-03-05,100
1709599440900,-788158.6715999999,788231.4225999998,-0.00023367537099261426,26409,-122.95115608410369,19.55584653444412,-1,ETHUSDT,2024-03-05,100
1709599444100,193436.6242,193436.6242,0.00024465033678922055,26441,30.175721503025724,17.53244778101942,1,ETHUSDT,2024-03-05,100
1709599452100,-121091.74009999998,121091.74009999998,-4.947093583496098e-05,26521,-18.890066142781517,16.857809977965225,-1,ETHUSDT,2024-03-05,100
1709599454900,-177783.3827,177783.3827,-0.00023376405612829387,26549,-27.733847540030848,17.410909405371335,-1,ETHUSDT,2024-03-05,100
1709599463700,-48842.4755,49206.158500000005,-0.00014574192979921463,26637,-7.619327230827249,15.560787614502408,-1,ETHUSDT,2024-03-05,100
1709599466600,64214.409,64214.409,2.7501653523387404e-06,26666,10.017317715707886,15.944203394558725,1,ETHUSDT,2024-03-05,100
1709599472100,-38854.1268,38854.1268,-2.1990164899676756e-05,26721,-6.06116506845061,15.220588276428725,-1,ETHUSDT,2024-03-05,100
1709599489600,86539.1151,86539.1151,0.00027204640894851195,26896,13.49992664096486,16.373940592882107,1,ETHUSDT,2024-03-05,100
1709599493900,-195023.80929999982,195023.80929999982,-7.143131881726106e-05,26939,-30.42331916323834,17.544217503656977,-1,ETHUSDT,2024-03-05,100
1709599498100,64130.1833,64130.1833,0.00012638334833781073,26981,10.004178677135904,15.94231302981211,1,ETHUSDT,2024-03-05,100
1709599501400,-51541.691,51541.691,-2.7472867110134302e-06,27014,-8.040399380641215,15.627576559218955,-1,ETHUSDT,2024-03-05,100
1709599503000,-109512.26800000001,110968.00400000002,-5.4953660338696864e-05,27030,-17.083691953370618,16.732062795816972,-1,ETHUSDT,2024-03-05,100
1709599511400,-64736.5117,65828.0857,-0.00014565101218799725,27114,-10.098764679209939,15.979949777929102,-1,ETHUSDT,2024-03-05,100
1709599513500,-374226.74160000007,374226.74160000007,-0.00016491218463521307,27135,-58.37861356508502,18.482920392741143,-1,ETHUSDT,2024-03-05,100
1709599516200,-55944.39510000001,55944.39510000001,-4.673674429866992e-05,27162,-8.727212301055227,15.745632400236468,-1,ETHUSDT,2024-03-05,100
1709599520700,-2152558.711399999,2152558.711399999,-0.0011970858584184896,27207,-335.7947982330344,21.002808364614946,-1,ETHUSDT,2024-03-05,100
1709599521900,-668470.6589999998,668470.6589999998,-0.00010191672310710942,27219,-104.28006858759102,19.31848527809552,-1,ETHUSDT,2024-03-05,100
1709599524300,83881.18379999996,84462.25579999994,0.0002010279972690654,27243,13.085294742715593,16.3389534064389,1,ETHUSDT,2024-03-05,100
1709599525800,-89202.72179999998,89202.72179999998,-0.00010187715551346344,27258,-13.915443890116654,16.417603084218875,-1,ETHUSDT,2024-03-05,100
1709599527300,-41568.0557,41568.0557,-7.437473576210607e-05,27273,-6.484532478857543,15.317832094388388,-1,ETHUSDT,2024-03-05,100
1709599530600,-99109.92,99109.92,0.0,27306,-15.460946738891442,16.569291768279825,-1,ETHUSDT,2024-03-05,100
1709599534900,58619.546,59272.892,0.00010193974818584195,27349,9.144530422020287,15.828871828558855,1,ETHUSDT,2024-03-05,100
1709599544800,-52595.597,52595.597,-0.0001238906625200542,27448,-8.204806581593433,15.656729834968756,-1,ETHUSDT,2024-03-05,100
1709599546900,54592.20940000001,54592.20940000001,9.085415299203703e-05,27469,8.516274071170765,15.71039293692926,1,ETHUSDT,2024-03-05,100
1709599549000,298442.54439999996,298442.54439999996,0.0001569130525975737,27490,46.55643232874816,18.15700215995171,1,ETHUSDT,2024-03-05,100
1709599571500,-83603.87260000002,83603.87260000002,-0.00010179587185277228,27715,-13.042034757304474,16.324240960432594,-1,ETHUSDT,2024-03-05,100
1709599584400,-43707.2054,43707.2054,-7.700664186138795e-05,27844,-6.818235498476725,15.390106463873312,-1,ETHUSDT,2024-03-05,100
1709599589900,-276110.4112,276110.4112,-2.7496208954147505e-06,27899,-43.072664790937324,18.044980309012907,-1,ETHUSDT,2024-03-05,100
1709599594000,39275.763399999996,39275.763399999996,8.524152917388506e-05,27940,6.1269395238811795,15.236133588604968,1,ETHUSDT,2024-03-05,100
1709599598600,96431.11680000003,96431.11680000003,0.00010722548567621004,27986,15.04305886652537,16.529826879400787,1,ETHUSDT,2024-03-05,100
1709599602000,-61623.4406,61623.4406,-4.123501623176651e-05,28020,-9.61313189420232,15.8848848390665,-1,ETHUSDT,2024-03-05,100
1709599608200,-61308.875400000004,61308.875400000004,-0.0001236819287164792,28082,-9.564060360261937,15.877513884156407,-1,ETHUSDT,2024-03-05,100
1709599612900,48080.899600000004,48735.592000000004,5.773870488212651e-05,28129,7.500522933260232,15.546947716863976,1,ETHUSDT,2024-03-05,100
1709599619000,375504.3741999999,375504.3741999999,-2.7493865424332853e-06,28190,58.57792166240231,18.48782930162899,1,ETHUSDT,2024-03-05,100
1709599622500,78341.68860000002,78341.68860000002,0.0,28225,12.22114471366155,16.230607776580893,1,ETHUSDT,2024-03-05,100
1709599624800,41952.020300000004,41952.020300000004,0.00012918209884027476,28248,6.544430178605659,15.33107484576071,1,ETHUSDT,2024-03-05,100
1709599632200,-538336.3822999999,538336.3822999999,-0.00015668875460406184,28322,-83.97938505396635,19.006646384379344,-1,ETHUSDT,2024-03-05,100
1709599640200,221606.5613,222260.9549,0.00019805466373412628,28402,34.570174622764114,17.732508756863048,1,ETHUSDT,2024-03-05,100
1709599644400,57017.812200000015,57017.812200000015,-3.8499509136258325e-05,28444,8.894663194081025,15.773005626208406,1,ETHUSDT,2024-03-05,100
1709599647200,68935.1362,149838.50459999996,8.247093930435767e-06,28472,10.753741595457118,17.16460710407156,1,ETHUSDT,2024-03-05,100
1709599655000,64902.4552,64902.4552,2.748744167391237e-06,28550,10.124651529034509,15.959553708950198,1,ETHUSDT,2024-03-05,100
1709599658500,-741290.2387,741290.2387,-0.0005029635100193275,28585,-115.63977549977665,19.467412486200622,-1,ETHUSDT,2024-03-05,100
1709599661100,-106144.2926,106144.2926,0.0,28611,-16.558294613959017,16.668052530434274,-1,ETHUSDT,2024-03-05,100
1709599675600,-526470.1085000002,526470.1085000002,-0.00046190520217237463,28756,-82.12827038037062,18.974543348874874,-1,ETHUSDT,2024-03-05,100
1709599678000,136778.668,136778.668,0.00019248590100318097,28780,21.33719511593305,17.033260576945864,1,ETHUSDT,2024-03-05,100
1709599690100,-42192.564000000006,42192.564000000006,-2.749295838100352e-06,28901,-6.581954508501959,15.339309472888532,-1,ETHUSDT,2024-03-05,100
1709599691900,-51096.773400000005,51096.773400000005,-0.00022823171392438724,28919,-7.9709931363742905,15.615089822405688,-1,ETHUSDT,2024-03-05,100
1709599694900,-934488.9508999985,1428365.9156999993,-0.0006218477884036844,28949,-145.77838321277443,20.41210086420361,-1,ETHUSDT,2024-03-05,100
1709599697200,486243.6881999999,488278.3473999999,0.0002367254821251663,28972,75.85303030597075,18.866075537366726,1,ETHUSDT,2024-03-05,100
1709599702300,-56593.726800000004,56593.726800000004,-3.578777847756953e-05,29023,-8.828506730811338,15.762253099979455,-1,ETHUSDT,2024-03-05,100
1709599704600,-133629.41709999996,133629.41709999996,0.0,29046,-20.84591835542001,16.99971082805755,-1,ETHUSDT,2024-03-05,100
1709599706900,-844598.1216999997,844598.1216999997,-0.0006419148567484712,29069,-131.7555959622553,19.65532729226892,-1,ETHUSDT,2024-03-05,100
1709599708400,209345.06580000007,209997.9240000001,2.481427206824094e-05,29084,32.65740616462535,17.650765167725755,1,ETHUSDT,2024-03-05,100
1709599710200,108886.48120000002,108886.48120000002,0.00018191289729863058,29102,16.986070480316247,16.704789342646578,1,ETHUSDT,2024-03-05,100
1709599712500,-282759.0548,282759.0548,-0.00025348542594549883,29125,-44.10983972343118,18.07925131608255,-1,ETHUSDT,2024-03-05,100
1709599718900,-159296.51330000002,159296.51330000002,-1.1021014318046696e-05,29189,-24.84993336512039,17.252766685191865,-1,ETHUSDT,2024-03-05,100
1709599726000,-43514.551900000006,43514.551900000006,-6.888655902059782e-05,29260,-6.788181942762415,15.383743959711914,-1,ETHUSDT,2024-03-05,100
1709599728700,-665620.9864,668523.7972,-0.00031698735485896634,29287,-103.83552543497952,19.31859976658977,-1,ETHUSDT,2024-03-05,100
1709599729900,-239722.77750000003,239722.77750000003,-0.00013238603787968373,29299,-37.396267649359665,17.841440189009194,-1,ETHUSDT,2024-03-05,100
1709599733900,-128837.04490000001,128837.04490000001,0.0,29339,-20.098318000812284,16.947108260389207,-1,ETHUSDT,2024-03-05,100
1709599740200,823199.8910000005,823199.8910000005,0.00043275903852979525,29402,128.41751532250504,19.61836635419512,1,ETHUSDT,2024-03-05,100
1709599741400,-118891.1358,125493.8956,-6.063947080114929e-05,29414,-18.546776330059693,16.909241039324353,-1,ETHUSDT,2024-03-05,100
1709599749100,-203097.5441,203097.5441,-0.00010483626240720412,29491,-31.68280543592161,17.602642895407485,-1,ETHUSDT,2024-03-05,100
1709599754300,78771.59400000003,78771.59400000003,0.00015723205414808206,29543,12.288209085140831,16.2384898561306,1,ETHUSDT,2024-03-05,100
1709599755300,48946.824,48946.824,3.585509577241908e-05,29553,7.6356053854336015,15.55317674602426,1,ETHUSDT,2024-03-05,100
1709599776600,84780.0891,84780.0891,0.0,29766,13.225522148474854,16.3443630792887,1,ETHUSDT,2024-03-05,100
1709599779700,-48719.86459999999,48719.86459999999,-2.7586244950583705e-06,29797,-7.600200178817645,15.54648285157025,-1,ETHUSDT,2024-03-05,100
1709599784200,47602.815,47602.815,-9.377577116786995e-05,29842,7.425942704184431,15.513075687165989,1,ETHUSDT,2024-03-05,100
1709599785400,-41509.796999999984,41509.796999999984,-0.00016275660062348152,29854,-6.475444239680503,15.315812098882672,-1,ETHUSDT,2024-03-05,100
1709599794100,804962.9210000006,804962.9210000006,0.00038880731778512256,29941,125.57258494773771,19.586099417062137,1,ETHUSDT,2024-03-05,100
1709599802600,-53644.217399999994,53644.217399999994,0.0,30026,-8.368389239653443,15.685162802377663,-1,ETHUSDT,2024-03-05,100
1709599808200,64722.744,64722.744,1.1025601446945643e-05,30082,10.096616945901133,15.955560109119112,1,ETHUSDT,2024-03-05,100
1709599811700,-107116.26000000001,114378.4,-2.7540129412528813e-06,30117,-16.70991955930595,16.77566101430892,-1,ETHUSDT,2024-03-05,100
1709599813500,-101893.02140000014,108286.35699999984,0.00015691521242722217,30135,-15.895104919165792,16.696829252258308,-1,ETHUSDT,2024-03-05,100
1709599814600,-231304.1804999999,234066.48889999994,3.301692117396726e-05,30146,-36.08298357211297,17.80704874559688,-1,ETHUSDT,2024-03-05,100
1709599815700,-119845.43759999999,119845.43759999999,5.501911914507218e-06,30157,-18.695645477594347,16.84290932925031,-1,ETHUSDT,2024-03-05,100
1709599818400,-39752.5211,39752.5211,-0.00010457487570647572,30184,-6.201312759245071,15.25351138479485,-1,ETHUSDT,2024-03-05,100
1709599822300,116889.0544,116889.0544,8.807105137798033e-05,30223,18.23445568756169,16.806934117727796,1,ETHUSDT,2024-03-05,100
1709599823900,158574.57679999998,158574.57679999998,0.00012383679427152572,30239,24.737312733650175,17.24622437332166,1,ETHUSDT,2024-03-05,100
1709599825300,129131.54230000002,129131.54230000002,2.7514971581155123e-06,30253,20.144258998606876,16.950396751875175,1,ETHUSDT,2024-03-05,100
1709599831400,-64173.00030000001,64173.00030000001,-0.0002504151814211042,30314,-10.0108580423954,15.9432743261968,-1,ETHUSDT,2024-03-05,100
1709599838200,96998.0748,96998.0748,-2.4754824096362427e-05,30382,15.131503165957637,16.538270153429348,1,ETHUSDT,2024-03-05,100
1709599848700,-49615.50379999999,49615.50379999999,-4.9521975387989414e-05,30487,-7.739918079593504,15.572719706913814,-1,ETHUSDT,2024-03-05,100
1709599851300,109070.0748,109070.0748,0.00012102608126873804,30513,17.014710709984488,16.707215779418433,1,ETHUSDT,2024-03-05,100
1709599854400,128761.54559999998,128761.54559999998,0.00017600792081040595,30544,20.086540262961986,16.946263990416035,1,ETHUSDT,2024-03-05,100
1709599860600,-169275.86209999994,169275.86209999994,-0.0003244851576518215,30606,-26.406691561329396,17.340282665479315,-1,ETHUSDT,2024-03-05,100
1709599874000,-1004938.1253999994,1004938.1253999994,-0.0005609219063344995,30740,-156.76831171582825,19.905681774338774,-1,ETHUSDT,2024-03-05,100
1709599875000,202868.5440000002,207085.23480000018,0.00016230394613003796,30750,31.64708188423982,17.630648236580292,1,ETHUSDT,2024-03-05,100
1709599882400,53147.793600000005,53147.793600000005,2.750823528074875e-06,30824,8.290948132529978,15.671772385898057,1,ETHUSDT,2024-03-05,100
1709599893200,50749.492,51403.831600000005,0.0001485389546154181,30932,7.9168179415117805,15.623719058602788,1,ETHUSDT,2024-03-05,100
1709599912600,38984.352,38984.352,0.0,31126,6.081479935834839,15.225407479201536,1,ETHUSDT,2024-03-05,100
1709599945100,-97246.00140000001,97246.00140000001,-8.257990637972057e-06,31451,-15.170179213297343,16.54194683794572,-1,ETHUSDT,2024-03-05,100
1709599949300,87460.2927,87460.2927,0.00013760836680631883,31493,13.64362848040394,16.38919094687155,1,ETHUSDT,2024-03-05,100
1709599950500,-91728.06799999998,91728.06799999998,-0.00020363572391346452,31505,-14.309392781362472,16.457811513556095,-1,ETHUSDT,2024-03-05,100
1709599956000,172914.3497,173204.9993,0.00011284429563573894,31560,26.97428825592584,17.373331995964268,1,ETHUSDT,2024-03-05,100
1709599963300,-54598.5655,54598.5655,-2.7528567771994972e-05,31633,-8.517265609894304,15.710560617243592,-1,ETHUSDT,2024-03-05,100
1709599975500,-94454.263,94454.263,-4.4042798595711474e-05,31755,-14.73467367852022,16.499993797371797,-1,ETHUSDT,2024-03-05,100
1709599986300,-45780.336,45780.336,5.504561906732874e-06,31863,-7.141639672240221,15.45685125052688,-1,ETHUSDT,2024-03-05,100
1709600006500,39613.52460000001,39613.52460000001,2.751807594236766e-06,32065,6.179629586830118,15.248466585619932,1,ETHUSDT,2024-03-05,100
1709600040100,-143205.9462,143205.9462,-0.00015396416514512623,32401,-22.339837494478388,17.09939862801361,-1,ETHUSDT,2024-03-05,100
1709600048000,-60018.420900000005,60018.420900000005,-0.00013471734808589986,32480,-9.362752072519774,15.846874597118175,-1,ETHUSDT,2024-03-05,100
1709600050900,38991.708399999996,38991.708399999996,9.348878141324235e-05,32509,6.082627519331929,15.22567923459297,1,ETHUSDT,2024-03-05,100
1709600056400,127312.20689999999,127312.20689999999,8.797250864844841e-05,32564,19.860446361894223,16.92996009694478,1,ETHUSDT,2024-03-05,100
1709600077400,-68768.9,68768.9,-0.00013474290935810984,32774,-10.72780908502551,16.042897525545673,-1,ETHUSDT,2024-03-05,100
1709600084000,-218092.06230000002,218092.06230000002,-5.502033001647533e-06,32840,-34.02191989858628,17.705236819316085,-1,ETHUSDT,2024-03-05,100
1709600092100,-251114.37649999995,251114.37649999995,-0.00046240738914171686,32921,-39.1733340157719,17.908306712383613,-1,ETHUSDT,2024-03-05,100
1709600100000,-43882.71580000004,43882.71580000004,-0.0003165711244754732,33000,-6.845614765320269,15.395878441587488,-1,ETHUSDT,2024-03-05,100
1709600103700,172027.072,172027.072,-0.00011562857910796254,33037,26.835874732210893,17.363503393194577,1,ETHUSDT,2024-03-05,100
1709600113700,289658.98030000005,290457.9353,0.00021754665291240372,33137,45.18621412326744,18.11794306721586,1,ETHUSDT,2024-03-05,100
1709600119100,61729.159700000004,61729.159700000004,8.256956490626521e-05,33191,9.629623859632053,15.887353625223954,1,ETHUSDT,2024-03-05,100
1709600148400,-74563.08849999998,74563.08849999998,-0.00021752748435410751,33484,-11.631690752910997,16.159408122291723,-1,ETHUSDT,2024-03-05,100
1709600153300,-351445.6692999999,374529.2892999999,-0.00017907199430666765,33533,-54.82481243715416,18.484084351643464,-1,ETHUSDT,2024-03-05,100
1709600159500,82516.43269999998,82516.43269999998,0.00012395072286075504,33595,12.872396335886657,16.305384126408,1,ETHUSDT,2024-03-05,100
1709600160700,97655.7118,97655.7118,3.029681236554893e-05,33607,15.234093205688518,16.54800223708978,1,ETHUSDT,2024-03-05,100
1709600194800,-76113.766,83083.3852,-0.00022590029628410946,33948,-11.873593301482297,16.31524620665276,-1,ETHUSDT,2024-03-05,100
1709600202300,113795.33060000002,113795.33060000002,8.818463664006515e-05,34023,17.75184104215949,16.768300011121354,1,ETHUSDT,2024-03-05,100
1709600207100,-41661.022300000004,41661.022300000004,-8.54263948788514e-05,34071,-6.4990350801218355,15.321049655983572,-1,ETHUSDT,2024-03-05,100
1709600222000,-82655.86569999998,82655.86569999998,-0.00019844222915743615,34220,-12.894147601417332,16.307815817839348,-1,ETHUSDT,2024-03-05,100
1709600224400,-60275.78399999997,92259.0444,-0.00021783398654662278,34244,-9.40290019474261,16.466124739044457,-1,ETHUSDT,2024-03-05,100
1709600226000,-67204.604,67204.604,5.2389152148890616e-05,34260,-10.483782078043156,16.009756749159386,-1,ETHUSDT,2024-03-05,100
1709600227700,-111575.78480000004,111575.78480000004,-0.00036402345595476504,34277,-17.405596393810164,16.739929882510268,-1,ETHUSDT,2024-03-05,100
1709600242500,68802.6958,68802.6958,8.275827823922555e-06,34425,10.733081161360538,16.043605166422243,1,ETHUSDT,2024-03-05,100
1709600291300,59821.90500000001,59821.90500000001,-2.7581831840706172e-06,34913,9.332095990230078,15.84215099710509,1,ETHUSDT,2024-03-05,100
1709600294400,-215334.0022,215334.0022,-0.0001047998324157362,34944,-33.591668110382216,17.68690617124843,-1,ETHUSDT,2024-03-05,100
1709600315300,-77361.5546,77361.5546,-2.758472302133441e-06,35153,-12.068245795258862,16.212474628242035,-1,ETHUSDT,2024-03-05,100
1709600321700,-202138.51989999996,202138.51989999996,-6.621767407288814e-05,35217,-31.533199603553783,17.595825705292064,-1,ETHUSDT,2024-03-05,100
1709600352700,255326.5128,255326.5128,0.00013795272657901592,35527,39.83041874544631,17.932265631033374,1,ETHUSDT,2024-03-05,100
1709600353700,-128103.61260000002,128103.61260000002,0.0,35537,-19.983904047830762,16.938885639626932,-1,ETHUSDT,2024-03-05,100
1709600360600,-47232.42360000001,47232.42360000001,-4.4140122826163974e-05,35606,-7.368162396139149,15.501825248329611,-1,ETHUSDT,2024-03-05,100
1709600374100,-68218.4261,68218.4261,-0.00026497816845427735,35741,-10.641936271799047,16.031322083070272,-1,ETHUSDT,2024-03-05,100
1709600383600,-90984.64000000001,90984.64000000001,-2.7609017649865564e-06,35836,-14.19341951943067,16.44609082670194,-1,ETHUSDT,2024-03-05,100
1709600384700,-100581.563,100581.563,-8.006946720939823e-05,35847,-15.690520065574203,16.59052087400193,-1,ETHUSDT,2024-03-05,100
1709596801300,-23976.706100000003,23976.706100000003,-0.00017228399936275451,13,-6.121863721020493,13.831062028499405,-1,SOLUSDT,2024-03-05,100
1709596804000,-23643.406,23643.406,-5.243465332505082e-05,40,-6.036763716795871,13.811864351422656,-1,SOLUSDT,2024-03-05,100
1709596807200,75444.39739999997,75497.83019999998,0.0005466301883458868,72,19.262876121141286,15.40412261194979,1,SOLUSDT,2024-03-05,100
1709596809500,-144119.9807,144520.3937,-0.00035208762101568425,95,-36.797501610177534,16.29462923754887,-1,SOLUSDT,2024-03-05,100
1709596814700,-51821.48539999999,51821.48539999999,-0.00023984230483531377,147,-13.231345044499381,14.888049807532985,-1,SOLUSDT,2024-03-05,100
1709596823600,70471.0999,75484.4443,0.0007425826464393381,236,17.993066606351775,15.4038794303782,1,SOLUSDT,2024-03-05,100
1709596824700,58318.121,59331.846999999994,-9.74545618879219e-05,247,14.890101573542804,15.07366244374756,1,SOLUSDT,2024-03-05,100
1709596830300,-113001.5400000004,113507.8470000004,-0.0004952055204068273,303,-28.852171155630444,15.963356240676083,-1,SOLUSDT,2024-03-05,100
1709596833700,50729.674399999996,50729.674399999996,0.000300291284800025,337,12.952577889276544,14.85884666230197,1,SOLUSDT,2024-03-05,100
1709596841500,-56850.8751,56850.8751,-0.00012012372758452017,415,-14.515476326540002,15.015081866802314,-1,SOLUSDT,2024-03-05,100
1709596853900,475372.09799999994,475931.5253999999,0.0003828182223193366,539,121.37460369218931,17.929208080555327,1,SOLUSDT,2024-03-05,100
1709596867300,-121866.77339999999,121866.77339999999,-0.0005026313230125368,673,-31.115691027938368,16.060806870781697,-1,SOLUSDT,2024-03-05,100
1709596868400,37011.235199999996,37011.235199999996,9.009617772992584e-05,684,9.449910971759238,14.426448076112877,1,SOLUSDT,2024-03-05,100
1709596883400,-37015.5137,37015.5137,-0.00012776047183571393,834,-9.451003381776742,14.426606604093289,-1,SOLUSDT,2024-03-05,100
1709596890300,-405168.55129999993,406258.7637,-0.0002857787490304631,903,-103.44985023200914,17.712128004266276,-1,SOLUSDT,2024-03-05,100
1709596892600,-25621.5095,25621.5095,0.0,926,-6.541823919918337,13.922054298495569,-1,SOLUSDT,2024-03-05,100
1709596894600,-53355.68220000001,53647.99620000001,-0.00026339059095370487,946,-13.623064561419424,14.935555474301498,-1,SOLUSDT,2024-03-05,100
1709596898100,165982.58280000006,166009.14960000006,0.0006171167299013902,981,42.37958073668011,16.484743639799543,1,SOLUSDT,2024-03-05,100
1709596899200,83797.21310000001,83797.21310000001,0.00039859064892588947,992,21.395562704066062,15.547158923092685,1,SOLUSDT,2024-03-05,100
1709596903200,-153341.74980000002,153368.32260000004,-0.0006095060556123855,1032,-39.15205412716893,16.37612353427855,-1,SOLUSDT,2024-03-05,100
1709596908200,132954.00699999998,132954.00699999998,9.029005686933544e-05,1082,33.94654414259199,16.18022603430141,1,SOLUSDT,2024-03-05,100
1709596918400,-42005.4427,42403.9477,-0.0004365530443637411,1184,-10.725059342097666,14.612989987830058,-1,SOLUSDT,2024-03-05,100
1709596929300,181376.45379999996,181376.45379999996,0.000593947020847807,1293,46.31002806367841,16.60616125577854,1,SOLUSDT,2024-03-05,100
1709596934300,164795.25850000046,166048.13750000048,0.0009006507810269682,1343,42.07642660337513,16.485065694034322,1,SOLUSDT,2024-03-05,100
1709596948100,-105401.30059999997,105401.30059999997,-7.504887557630013e-06,1481,-26.911636469177697,15.861735716503873,-1,SOLUSDT,2024-03-05,100
1709596956300,74007.21299999999,75151.916,0.00010517221960704148,1563,18.895926340713505,15.397824508590729,1,SOLUSDT,2024-03-05,100
1709596961100,-24019.3165,24019.3165,-0.0001202302410563405,1611,-6.13274324136871,13.833497074552088,-1,SOLUSDT,2024-03-05,100
1709596984400,-35529.70260000001,35529.70260000001,-0.0005115743812806883,1844,-9.071637966383863,14.370421863641226,-1,SOLUSDT,2024-03-05,100
1709596987000,-80890.71140000006,88354.5308,-0.0003162602999200459,1870,-20.65345879545978,15.619787763990931,-1,SOLUSDT,2024-03-05,100
1709596992000,419193.29129999946,447836.50069999974,0.0018886457406495083,1920,107.03072354482596,17.84576039236959,1,SOLUSDT,2024-03-05,100
1709596997200,-57039.27350000001,57039.27350000001,-0.0004208596119568142,1972,-14.563579236307845,15.019619178554985,-1,SOLUSDT,2024-03-05,100
1709597010100,62507.29340000002,62507.29340000002,0.0001353933177945521,2101,15.959703979715703,15.145165398670096,1,SOLUSDT,2024-03-05,100
1709597013100,24029.2026,24029.2026,0.00027072758202528746,2131,6.135267414484065,13.834061415705351,1,SOLUSDT,2024-03-05,100
1709597017300,31422.547700000003,31422.547700000003,7.519814715273299e-05,2173,8.022976716833758,14.201951559200861,1,SOLUSDT,2024-03-05,100
1709597074000,-399897.38870000007,401705.48150000005,-0.0005115320496091869,2740,-102.1039881709757,17.696670095219883,-1,SOLUSDT,2024-03-05,100
1709597085800,-27529.734900000003,27529.734900000003,-0.0001355391070045897,2858,-7.029042464411813,14.020569075170508,-1,SOLUSDT,2024-03-05,100
1709597097100,-57470.65200000001,57470.65200000001,1.5045965423787777e-05,2971,-14.673721153974268,15.029952135812366,-1,SOLUSDT,2024-03-05,100
1709597101600,51702.87009999993,51702.87009999993,0.00031572300830617905,3016,13.201059537440997,14.884907094142601,1,SOLUSDT,2024-03-05,100
1709597105300,-70450.393,70450.393,-7.518514345061789e-05,3053,-17.987779607405542,15.309225239093216,-1,SOLUSDT,2024-03-05,100
1709597107200,-75796.27219999999,76062.27419999999,-0.00024062864348906032,3072,-19.352718719347948,15.414337815899641,-1,SOLUSDT,2024-03-05,100
1709597110400,40472.047399999996,40472.047399999996,0.00012778351985875958,3104,10.333544468540728,14.549040222985347,1,SOLUSDT,2024-03-05,100
1709597160100,-279312.8144999999,279312.8144999999,-0.00030078806699762595,3601,-71.31567525464543,17.198299179940026,-1,SOLUSDT,2024-03-05,100
1709597172000,-64751.19480000001,65096.786800000016,-0.0004063694706895049,3720,-16.5326291562147,15.200834968440303,-1,SOLUSDT,2024-03-05,100
1709597190300,-26606.361300000004,26606.361300000004,-0.00018791129139117402,3903,-6.793281667277627,13.973781407995126,-1,SOLUSDT,2024-03-05,100
1709597192200,163053.60299999997,168404.95299999995,0.001119732583599209,3922,41.63173759665754,16.504394710848025,1,SOLUSDT,2024-03-05,100
1709597195800,111341.5888,111341.5888,0.000503242922969882,3958,28.42834333759889,15.936929549370923,1,SOLUSDT,2024-03-05,100
1709597210400,165966.47740000006,167326.20880000005,0.0009304210826304171,4104,42.37546861787774,16.49558137078626,1,SOLUSDT,2024-03-05,100
1709597215600,85081.36800000002,85188.03760000001,0.0001725101353988734,4156,21.723440155693197,15.569734715262895,1,SOLUSDT,2024-03-05,100
1709597228100,180417.80400000003,180417.80400000003,0.0010806593072816284,4281,46.065260354248,16.598893309110693,1,SOLUSDT,2024-03-05,100
1709597237700,-41777.185000000005,49300.042600000015,-6.747663624029343e-05,4377,-10.66677933787834,14.819642620106949,-1,SOLUSDT,2024-03-05,100
1709597257600,-48903.8341,48903.8341,-0.00020991078868615176,4576,-12.486394359048129,14.808576293909232,-1,SOLUSDT,2024-03-05,100
1709597265000,-156895.00610000003,156895.00610000003,-0.0005095694248709037,4650,-40.059290957104366,16.40730286176574,-1,SOLUSDT,2024-03-05,100
1709597275100,-106118.93209999996,107452.23089999995,-0.00041992232054255396,4751,-27.094866068213882,15.888165536229918,-1,SOLUSDT,2024-03-05,100
1709597288300,-85070.8261,85070.8261,-0.0003227004804715605,4883,-21.720748540135514,15.567846418449882,-1,SOLUSDT,2024-03-05,100
1709597297300,30163.761300000002,30163.761300000002,0.00024009603956898218,4973,7.701576489357391,14.145881754010725,1,SOLUSDT,2024-03-05,100
1709597298300,96492.95700000001,96492.95700000001,0.0003375173009656507,4983,24.63710946485224,15.740629742359323,1,SOLUSDT,2024-03-05,100
1709597300000,415754.8481000002,471020.4331,-8.998200365972764e-05,5000,106.15280142345227,17.914982567904566,1,SOLUSDT,2024-03-05,100
1709597304500,68243.32390000002,68243.32390000002,7.498191060939519e-06,5045,17.424258655164515,15.265573219377877,1,SOLUSDT,2024-03-05,100
1709597309300,-26468.184500000007,26468.184500000007,-1.4998125234200188e-05,5093,-6.75800161106479,13.966640585125877,-1,SOLUSDT,2024-03-05,100
1709597311100,41952.184899999986,41952.184899999986,0.00016498061515157758,5111,10.711461269354828,14.59830064182221,1,SOLUSDT,2024-03-05,100
1709597321800,199087.20659999995,199087.20659999995,0.0,5218,50.83203432200603,16.73393756670886,1,SOLUSDT,2024-03-05,100
1709597326100,49358.75660000001,49358.75660000001,0.0,5261,12.602547659547817,14.821274964871028,1,SOLUSDT,2024-03-05,100
1709597327500,-52999.222299999994,52999.222299999994,-7.498191060939519e-06,5275,-13.532051270406582,14.918869335582254,-1,SOLUSDT,2024-03-05,100
1709597334700,2024829.4421000006,2064065.4251000015,0.0,5347,516.9905261860034,19.941363203852987,1,SOLUSDT,2024-03-05,100
1709597344500,-47010.3004,47010.3004,-0.0001049797914864925,5445,-12.002926979742025,14.754419543250519,-1,SOLUSDT,2024-03-05,100
1709597363100,-146093.04019999996,147693.32019999996,-0.0005100051111055492,5631,-37.30127395163626,16.32441360039348,-1,SOLUSDT,2024-03-05,100
1709597370800,-53225.8413,53225.8413,-2.2494741855005884e-05,5708,-13.589912872780479,14.924720962121985,-1,SOLUSDT,2024-03-05,100
1709597385700,141447.9796,141447.9796,0.0,5857,36.11527167715864,16.26515855338764,1,SOLUSDT,2024-03-05,100
1709597392500,-90754.5837,92354.96370000001,-1.4996550794066366e-05,5925,-23.17195661289554,15.680518279834864,-1,SOLUSDT,2024-03-05,100
1709597397200,61263.746399999996,61263.746399999996,0.0,5972,15.642194759185866,15.117606265054942,1,SOLUSDT,2024-03-05,100
1709597400500,-44566.99820000001,44566.99820000001,-5.249284786135178e-05,6005,-11.379089700539211,14.681221790362054,-1,SOLUSDT,2024-03-05,100
1709597408100,-99441.60790000002,99441.60790000002,-8.248999813531555e-05,6081,-25.389975137700628,15.78191124114721,-1,SOLUSDT,2024-03-05,100
1709597413600,-136845.22749999998,136845.22749999998,-0.00030754113605091504,6136,-34.94007184027024,16.219788816380724,-1,SOLUSDT,2024-03-05,100
1709597418500,-33568.17289999999,33568.17289999999,-0.0004883161079831666,6185,-8.570809476513256,14.292537707697985,-1,SOLUSDT,2024-03-05,100
1709597423300,31425.2658,31425.2658,0.00013535157592503566,6233,8.023670716990022,14.202070184204134,1,SOLUSDT,2024-03-05,100
1709597433700,-29959.9324,29959.9324,-0.0001578383663245475,6337,-7.649533779945964,14.136583056413778,-1,SOLUSDT,2024-03-05,100
1709597441100,-32428.227999999992,32428.227999999992,-0.00039818637902300225,6411,-8.27975251071626,14.245156247515698,-1,SOLUSDT,2024-03-05,100
1709597450400,-157067.69919999997,158079.15799999994,-2.2542069137543308e-05,6504,-40.103383903789826,16.417614948862397,-1,SOLUSDT,2024-03-05,100
1709597461200,-123986.54650000003,123986.54650000003,-1.5035559097320572e-05,6612,-31.65692308807049,16.0844570985949,-1,SOLUSDT,2024-03-05,100
1709597465300,26917.431099999998,26917.431099999998,0.0,6653,6.872705709737115,13.98972236659765,1,SOLUSDT,2024-03-05,100
1709597471700,60380.88589999999,60380.88589999999,0.00015023925629709112,6717,15.416777988294553,15.097698870621048,1,SOLUSDT,2024-03-05,100
1709597473200,32647.652000000002,32647.652000000002,0.00024766129068076737,6732,8.335777046343415,14.25440465968881,1,SOLUSDT,2024-03-05,100
1709597492400,-38027.2852,38027.2852,-0.00010503650028059752,6924,-9.709334414153723,14.46358967410549,-1,SOLUSDT,2024-03-05,100
1709597498200,-30778.146,30778.146,0.0,6982,-7.858444550799745,14.173534585690446,-1,SOLUSDT,2024-03-05,100
1709597501300,96243.3147,96243.3147,8.248319409531746e-05,7013,24.573369427616594,15.737076987373436,1,SOLUSDT,2024-03-05,100
1709597505500,151917.21060000002,151917.21060000002,0.0,7055,38.78833298835698,16.363085565566763,1,SOLUSDT,2024-03-05,100
1709597506800,58400.97140000001,58400.97140000001,0.0,7068,14.911255390748417,15.051974889502468,1,SOLUSDT,2024-03-05,100
1709597509100,-37502.241600000016,38515.8084,-4.49903270878238e-05,7091,-9.575277410936176,14.48109573889001,-1,SOLUSDT,2024-03-05,100
1709597519000,-29080.05190000001,29080.05190000001,-0.00019499756314900196,7190,-7.4248778789511505,14.095703168014596,-1,SOLUSDT,2024-03-05,100
1709597522100,-42432.05870000001,42432.05870000001,-0.000217620508214722,7221,-10.833985272219774,14.613898855502834,-1,SOLUSDT,2024-03-05,100
1709597567300,-28601.8884,28601.8884,-9.763461380085658e-05,7673,-7.302790559235193,14.072965482757722,-1,SOLUSDT,2024-03-05,100
1709597573600,-128482.8059,128482.8059,-0.00010512167843934606,7736,-32.804932626426435,16.133311081059034,-1,SOLUSDT,2024-03-05,100
1709597579200,27259.341099999994,27259.341099999994,0.0003379862809742562,7792,6.960004040714034,14.007032611392502,1,SOLUSDT,2024-03-05,100
1709597586400,-30112.440700000006,30112.440700000006,-5.2537367214000597e-05,7864,-7.688473033112374,14.143546434323977,-1,SOLUSDT,2024-03-05,100
1709597605800,-855185.9825999988,855903.9935999988,-0.0020810880252755126,8058,-218.35076176723854,18.734098112138682,-1,SOLUSDT,2024-03-05,100
1709597607200,43276.2659,43276.2659,-6.777082920184085e-05,8072,11.049532871174755,14.640916330396198,1,SOLUSDT,2024-03-05,100
1709597609500,-34562.394,48343.91999999999,-0.00012050279806974373,8095,-8.824659444785718,14.792783735527204,-1,SOLUSDT,2024-03-05,100
1709597611500,-428452.4467999999,428452.4467999999,-0.0001053970836091267,8115,-109.3948217619176,17.78507531154934,-1,SOLUSDT,2024-03-05,100
1709597617300,25059.5977,25059.5977,0.00017302274540043072,8173,6.398353526258496,13.891642821363918,1,SOLUSDT,2024-03-05,100
1709597620200,234839.83420000057,234839.83420000057,0.0009698118648637788,8202,59.96059071848285,16.960448775902126,1,SOLUSDT,2024-03-05,100
1709597622200,53932.6326,53932.6326,2.2543424271326273e-05,8222,13.770374692671698,14.942812590869847,1,SOLUSDT,2024-03-05,100
1709597626500,-61834.08870000002,61834.08870000002,-0.0002929764550518854,8265,-15.787817674208942,15.130314815553282,-1,SOLUSDT,2024-03-05,100
1709597628500,207242.18009999895,208652.85989999896,0.0013141050396558995,8285,52.91420675250212,16.798298689262285,1,SOLUSDT,2024-03-05,100
1709597655200,-133193.2387,133193.2387,-0.00016514532826406025,8552,-34.00762608850398,16.18269155358482,-1,SOLUSDT,2024-03-05,100
1709597700300,24299.2729,25522.925700000003,0.00015788108579783966,9003,6.204223240392742,13.916767344609152,1,SOLUSDT,2024-03-05,100
1709597702700,32545.933699999998,32545.933699999998,9.025745946367181e-05,9027,8.309805773728371,14.250125129894654,1,SOLUSDT,2024-03-05,100
1709597711500,83167.71770000005,83167.71770000005,0.0005639119093494571,9115,21.234836496064997,15.536817532194592,1,SOLUSDT,2024-03-05,100
1709597713000,-133156.99049999996,133156.99049999996,-0.0001653799608360984,9130,-33.998370999852234,16.18231826482579,-1,SOLUSDT,2024-03-05,100
1709597779100,279503.9933,279503.9933,0.0008732967505258316,9791,71.36448807134624,17.19923757029137,1,SOLUSDT,2024-03-05,100
1709597780200,-138566.1926,152302.82620000004,-0.0002634778336290111,9802,-35.37947806091172,16.366562359552333,-1,SOLUSDT,2024-03-05,100
1709597785800,-66391.89989999999,66391.89989999999,-0.00029367801805246785,9858,-16.951542954744482,15.227852243680942,-1,SOLUSDT,2024-03-05,100
1709597796000,-91111.568,91111.568,-0.0003238964011789136,9960,-23.263103796584122,15.661928714939034,-1,SOLUSDT,2024-03-05,100
1709597798700,-91690.03700000001,91690.03700000001,-0.0005424423599666994,9987,-23.410801665093054,15.67060855222065,-1,SOLUSDT,2024-03-05,100
1709597824700,-257823.1108000001,259150.07080000013,-0.000745793645602788,10247,-65.82880658687172,17.09554248122213,-1,SOLUSDT,2024-03-05,100
1709597830300,127728.21880000002,127728.21880000002,0.0003088337783241357,10303,32.612267321502,16.12523270198207,1,SOLUSDT,2024-03-05,100
1709597842800,28838.611600000004,28838.611600000004,0.0001504958842222237,10428,7.363232021209151,14.084269290139535,1,SOLUSDT,2024-03-05,100
1709597852400,-35450.828100000006,35450.828100000006,-0.00021065619482296682,10524,-9.051499297708949,14.36737396781731,-1,SOLUSDT,2024-03-05,100
1709597864700,111841.06810000005,113171.59810000005,0.00023298723560838397,10647,28.55587312393893,15.959287499930799,1,SOLUSDT,2024-03-05,100
1709597866200,-26448.958600000005,26448.958600000005,-0.0002481641505776011,10662,-6.753092749137589,13.965644058986673,-1,SOLUSDT,2024-03-05,100
1709597875600,-199289.0124000003,199448.4660000003,-0.000429056946954276,10756,-50.883560482461974,16.736423930627804,-1,SOLUSDT,2024-03-05,100
1709597885300,24826.235800000002,28306.572000000004,-0.0001731347557294427,10853,6.3387702897822225,14.058731902169054,1,SOLUSDT,2024-03-05,100
1709597886500,37341.397300000004,38350.515699999996,5.271977557708141e-05,10865,9.534209764663322,14.47519750852722,1,SOLUSDT,2024-03-05,100
1709597904800,-255865.3503000002,255865.3503000002,-0.00012810610216984486,11048,-65.32894046975748,17.078048156246457,-1,SOLUSDT,2024-03-05,100
1709597908300,-217466.72139999986,217466.72139999986,-0.00012056636062496295,11083,-55.52479255138094,16.85504131609417,-1,SOLUSDT,2024-03-05,100
1709597911200,-49993.6226,49993.6226,7.536732148594183e-06,11112,-12.764645118510678,14.83880229497244,-1,SOLUSDT,2024-03-05,100
1709597912700,-99484.90609999996,99484.90609999996,0.0,11127,-25.401030270906148,15.782508259401824,-1,SOLUSDT,2024-03-05,100
1709597925000,63190.5062,63190.5062,0.00032398669677569103,11250,16.134145608044992,15.16007412303758,1,SOLUSDT,2024-03-05,100
1709597949900,-49896.9985,49896.9985,-3.0114132565373097e-05,11499,-12.739974524897896,14.836149113302277,-1,SOLUSDT,2024-03-05,100
1709597985000,29630.768300000003,29630.768300000003,7.532701339130199e-06,11850,7.5654898018595675,14.121432150123306,1,SOLUSDT,2024-03-05,100
1709598004400,25021.0211,25021.0211,0.0002406865595698804,12044,6.388503937785611,13.889530053396282,1,SOLUSDT,2024-03-05,100
1709598016000,78460.78630000002,110725.38489999998,-6.767298910403952e-05,12160,20.033037030583273,15.929318360978577,1,SOLUSDT,2024-03-05,100
1709598017000,-23593.706899999994,24870.497300000014,0.0,12170,-6.024074270798224,13.881254878898849,-1,SOLUSDT,2024-03-05,100
1709598025500,29620.899199999996,29620.899199999996,0.00039085402100091926,12255,7.5629699692771775,14.120975296454063,1,SOLUSDT,2024-03-05,100
1709598038800,44945.12319999998,44945.12319999998,0.00026297500010663555,12388,11.475634643362307,14.692808529294416,1,SOLUSDT,2024-03-05,100
1709598074500,72678.75510000002,72678.75510000002,0.00033034521374908365,12745,18.556737204849973,15.351932478606889,1,SOLUSDT,2024-03-05,100
1709598076000,-50780.474,50780.474,-0.0003527482502363455,12760,-12.96554832095241,14.86021930375276,-1,SOLUSDT,2024-03-05,100
1709598081100,49989.7769,49989.7769,0.00039055752582495273,12811,12.763663213355994,14.838696794691495,1,SOLUSDT,2024-03-05,100
1709598111200,55378.83869999999,55378.83869999999,0.0003455970222896454,13112,14.13962794287976,14.979103399338857,1,SOLUSDT,2024-03-05,100
1709598115600,-38504.0339,38504.0339,-0.00013510166420793723,13156,-9.83106049939667,14.480676421016277,-1,SOLUSDT,2024-03-05,100
1709598132800,23618.056000000004,23618.056000000004,7.49852841419596e-06,13328,6.030291216166278,13.810393166467131,1,SOLUSDT,2024-03-05,100
1709598138900,-109059.39260000002,109059.39260000002,-0.00018751242324732686,13389,-27.84564052334407,15.90852644333789,-1,SOLUSDT,2024-03-05,100
1709598146800,34651.76,34651.76,-8.253208439512605e-05,13468,8.84747686061469,14.336108065974862,1,SOLUSDT,2024-03-05,100
1709598193600,-211989.79540000003,211989.79540000003,-0.00024790501608773496,13936,-54.12639385381703,16.82005856181586,-1,SOLUSDT,2024-03-05,100
1709598204600,-26614.1848,26614.1848,-0.00011271119271594188,14046,-6.795279206081399,13.974184607734859,-1,SOLUSDT,2024-03-05,100
1709598215800,-28615.302299999996,28615.302299999996,-5.2594999730537495e-05,14158,-7.306215469538755,14.073608508206688,-1,SOLUSDT,2024-03-05,100
1709598218500,29663.139799999997,31260.0518,0.0,14185,7.573755070267098,14.194841105304354,1,SOLUSDT,2024-03-05,100
1709598223100,-52623.7216,52623.7216,-0.00018028575340611752,14231,-13.436176378210787,14.909118072150388,-1,SOLUSDT,2024-03-05,100
1709598230000,24038.745000000003,24118.595400000002,0.000172808247140388,14300,6.137703832235855,13.839153825795913,1,SOLUSDT,2024-03-05,100
1709598239100,30915.894299999996,30915.894299999996,3.004333751643884e-05,14391,7.893615200049277,14.179658716770962,1,SOLUSDT,2024-03-05,100
1709598244000,-45913.67399999999,45913.67399999999,-9.014152225095273e-05,14440,-11.722930330257574,14.722048512007028,-1,SOLUSDT,2024-03-05,100
1709598258000,-31856.226400000003,34677.437600000005,-0.00019539616634833834,14580,-8.133705934143109,14.337123941616062,-1,SOLUSDT,2024-03-05,100
1709598263100,-32137.636499999997,32137.636499999997,-4.508803439495779e-05,14631,-8.205557099800878,14.23281144303285,-1,SOLUSDT,2024-03-05,100
1709598301800,34954.2935,34954.2935,2.2538004711414317e-05,15018,8.924721368276371,14.348029582820583,1,SOLUSDT,2024-03-05,100
1709598304900,60937.6026,64797.7166,-9.766321973359027e-05,15049,15.558921940612354,15.194519708258941,1,SOLUSDT,2024-03-05,100
1709598312700,31433.608,31433.608,0.00015016818865376536,15127,8.02580069311437,14.202434195605344,1,SOLUSDT,2024-03-05,100
1709598314100,-39957.6,39957.6,-5.255432804851523e-05,15141,-10.2021929450538,14.531495975907017,-1,SOLUSDT,2024-03-05,100
1709598316800,-30802.4727,30802.4727,-0.00027032100784118995,15168,-7.8646557768772976,14.174618113018377,-1,SOLUSDT,2024-03-05,100
1709598324500,-133143.8264,133143.8264,-0.00018025325631310096,15245,-33.99500986985074,16.18218267402907,-1,SOLUSDT,2024-03-05,100
1709598330200,-94507.57630000002,94507.57630000002,-0.0001202311445203108,15302,-24.130191207229515,15.71211725470382,-1,SOLUSDT,2024-03-05,100
1709598334300,-78999.92480000001,78999.92480000001,-0.00023282450019745937,15343,-20.170692820748517,15.466308132744244,-1,SOLUSDT,2024-03-05,100
1709598335700,26787.3772,26787.3772,0.00024037378238705998,15357,6.839499636773356,13.983080201210528,1,SOLUSDT,2024-03-05,100
1709598381500,82389.5826,82389.5826,0.0002855596989466136,15815,21.03615878700541,15.523925558182233,1,SOLUSDT,2024-03-05,100
1709598389900,-30243.066500000004,30243.066500000004,-0.00023297497878882467,15899,-7.721825126711639,14.149482697496873,-1,SOLUSDT,2024-03-05,100
1709598391300,-42989.59899999999,42989.59899999999,0.0,15913,-10.976339510593524,14.631801577507996,-1,SOLUSDT,2024-03-05,100
1709598392600,42596.7853,42596.7853,7.515745490316306e-05,15926,10.87604416855946,14.61921262348834,1,SOLUSDT,2024-03-05,100
1709598396600,30865.4189,30865.4189,0.00020286795244306433,15966,7.88072754489034,14.177417811636674,1,SOLUSDT,2024-03-05,100
1709598406600,28192.466,30191.111,-9.006236825026548e-05,16066,7.198254593090405,14.147124666837746,1,SOLUSDT,2024-03-05,100
1709598410100,39941.550899999995,39941.550899999995,-9.013001260438358e-05,16101,10.198095201075322,14.530945025568977,1,SOLUSDT,2024-03-05,100
1709598413400,-54501.5047,54501.5047,-0.00010518249171997951,16134,-13.915622228190797,14.95720254401829,-1,SOLUSDT,2024-03-05,100
1709598425400,-26535.337899999995,26721.644299999996,-1.5029005981048726e-05,16254,-6.775147584389421,13.979710785708136,-1,SOLUSDT,2024-03-05,100
1709598478100,60435.89069999999,60435.89069999999,3.0120935559097006e-05,16781,15.430822114631072,15.09894763639181,1,SOLUSDT,2024-03-05,100
1709598482400,-55134.033500000005,55213.7963,-0.00015798917430842607,16824,-14.077122940468396,14.975010070897664,-1,SOLUSDT,2024-03-05,100
1709598532500,40355.763399999996,40355.763399999996,0.0003234043221471694,17325,10.303854201747361,14.545094164663706,1,SOLUSDT,2024-03-05,100
1709598544400,-23915.542400000002,23915.542400000002,-0.0001051398360791822,17444,-6.106247070655272,13.827559147188454,-1,SOLUSDT,2024-03-05,100
1709598575800,-126035.80320000001,126035.80320000001,-0.0003158298455376851,17758,-32.180150515326986,16.10693928697644,-1,SOLUSDT,2024-03-05,100
1709598587700,66486.1004,66486.1004,0.00031592724909579317,17877,16.97559474155151,15.229796745976461,1,SOLUSDT,2024-03-05,100
1709598600800,-26933.286,44220.29000000001,0.0002481660168180966,18008,-6.876753869509589,14.670511023995973,-1,SOLUSDT,2024-03-05,100
1709598601900,120523.29560000003,123236.98520000004,5.262346782330951e-05,18019,30.772666929068667,16.076140802056663,1,SOLUSDT,2024-03-05,100
1709598604000,-130270.22269999997,130296.82849999996,-0.0010002896409089246,18040,-33.261305658511205,16.152538950098236,-1,SOLUSDT,2024-03-05,100
1709598608200,-32786.19820000003,32918.92120000001,-0.00046702925054553646,18082,-8.37115141978437,14.265752730341081,-1,SOLUSDT,2024-03-05,100
1709598612700,44289.5576,45298.2448,4.5206253539653574e-05,18127,11.308252049329138,14.703541411915053,1,SOLUSDT,2024-03-05,100
1709598613800,111163.46069999997,111163.46069999997,9.792659279739269e-05,18138,28.38286269699144,15.93473369490411,1,SOLUSDT,2024-03-05,100
1709598615700,48355.5046,48355.5046,0.00024089492580969818,18157,12.346391872500767,14.793112332056971,1,SOLUSDT,2024-03-05,100
1709598618600,33203.3766,33203.3766,7.5296385393386345e-06,18186,8.477667690263793,14.277552420088773,1,SOLUSDT,2024-03-05,100
1709598629200,43950.0788,43950.0788,-0.00012049826045235079,18292,11.221574465631535,14.662105070227547,1,SOLUSDT,2024-03-05,100
1709598645800,-28334.6824,28334.6824,-0.0003991610140472446,18458,-7.2345660620662935,14.060093138913057,-1,SOLUSDT,2024-03-05,100
1709598652600,65852.4384,66861.042,-0.00013562387000920495,18526,16.81380469445287,15.237509142420642,1,SOLUSDT,2024-03-05,100
1709598657300,-34730.44670000001,34730.44670000001,-8.288656225197144e-05,18573,-8.867567579166595,14.339218748510541,-1,SOLUSDT,2024-03-05,100
1709598660100,-225024.72870000004,225024.72870000004,-0.0008294938301283139,18601,-57.45454430711019,16.901896484149937,-1,SOLUSDT,2024-03-05,100
1709598668800,-611653.2338,624482.6949999996,-0.00051313784913809,18688,-156.1706485548107,18.30176541865182,-1,SOLUSDT,2024-03-05,100
1709598670200,-285176.8274000001,288328.77200000006,-0.0004228234095746686,18702,-72.8129070963498,17.241869168383317,-1,SOLUSDT,2024-03-05,100
1709598673000,-86683.2443,87239.2163,-0.0004609182933927869,18730,-22.13243997266691,15.602365523853953,-1,SOLUSDT,2024-03-05,100
1709598675500,-55733.29709999999,55733.29709999999,-0.00021903571502601693,18755,-14.23013019996715,14.987853483555783,-1,SOLUSDT,2024-03-05,100
1709598677500,46956.698000000004,46956.698000000004,0.0002040114706858276,18775,11.989240921842702,14.75285490304992,1,SOLUSDT,2024-03-05,100
1709598681900,23918.7672,23918.7672,7.555038458662011e-05,18819,6.107070444226486,13.827744056983695,1,SOLUSDT,2024-03-05,100
1709598683500,39830.7369,40916.5399,-9.061938354815169e-05,18835,10.169801564595325,14.564020138800862,1,SOLUSDT,2024-03-05,100
1709598685100,53151.69640000001,55932.684400000006,0.00013593215496054967,18851,13.57098179144197,14.992751092302754,1,SOLUSDT,2024-03-05,100
1709598690500,-58304.723399999995,58304.723399999995,-7.55187192069684e-06,18905,-14.886680825044378,15.049712813871716,-1,SOLUSDT,2024-03-05,100
1709598703300,67070.06279999999,67070.06279999999,4.533125817651751e-05,19033,17.12469521498977,15.241789861431894,1,SOLUSDT,2024-03-05,100
1709598704700,-117711.28420000013,117711.28420000013,-0.0006196489358192281,19047,-30.054688800590235,16.01322627779024,-1,SOLUSDT,2024-03-05,100
1709598709600,-128300.43529999987,129279.00449999986,-0.000491458090407626,19096,-32.75836876751833,16.14178366046185,-1,SOLUSDT,2024-03-05,100
1709598713300,-85914.18699999999,95537.528,-0.0006882859305479272,19133,-21.9360800571464,15.726982588095426,-1,SOLUSDT,2024-03-05,100
1709598724000,-24694.7025,26757.102699999996,-0.00015885563460305008,19240,-6.305186488320181,13.981529382973617,-1,SOLUSDT,2024-03-05,100
1709598726400,-44703.89260000001,44703.89260000001,-1.5126304644397237e-05,19264,-11.414042327371087,14.68542790615753,-1,SOLUSDT,2024-03-05,100
1709598731300,67040.5435,67040.5435,0.00014376676515492903,19313,17.11715818588385,15.241186119612625,1,SOLUSDT,2024-03-05,100
1709598732900,-109728.43539999999,109728.43539999999,-0.00034041265907269747,19329,-28.016464189782962,15.916914144095752,-1,SOLUSDT,2024-03-05,100
1709598734600,56601.2452,56601.2452,0.00011349234884594495,19346,14.451739455340169,15.009046664522886,1,SOLUSDT,2024-03-05,100
1709598741500,-86581.65000000001,86581.65000000001,-8.320820588991751e-05,19415,-22.106500360409974,15.591989056782351,-1,SOLUSDT,2024-03-05,100
1709598754100,99805.34879999998,99805.34879999998,4.53638178266047e-05,19541,25.4828474534505,15.786918630520509,1,SOLUSDT,2024-03-05,100
1709598757900,-58374.69149999999,58374.69149999999,-0.0002796959647524133,19579,-14.904545462965544,15.051357614434192,-1,SOLUSDT,2024-03-05,100
1709598765600,30595.2703,30595.2703,0.00017395184602975178,19656,7.81175172699747,14.165361658391273,1,SOLUSDT,2024-03-05,100
1709598769000,-310490.69169999997,317491.2311,-0.00026497988200624434,19690,-79.27618136140846,17.374007762623524,-1,SOLUSDT,2024-03-05,100
1709598770500,-49996.12120000001,49996.12120000001,0.00011353787825107986,19705,-12.765283074726582,14.838870835492177,-1,SOLUSDT,2024-03-05,100
1709598772000,38307.012699999985,43592.33269999999,0.00020436044712557333,19720,9.780755969177985,14.650896152081767,1,SOLUSDT,2024-03-05,100
1709598782700,-60278.963599999995,60278.963599999995,-0.000226863686146217,19827,-15.390754629283913,15.09538193407045,-1,SOLUSDT,2024-03-05,100
1709598792300,132349.31720000002,132349.31720000002,0.0003627350260435591,19923,33.7921514360354,16.17397427528299,1,SOLUSDT,2024-03-05,100
1709598803700,-29769.780499999993,37927.228500000005,-0.00019633310239175472,20037,-7.6009831569688915,14.459976439148287,-1,SOLUSDT,2024-03-05,100
1709598812000,-30238.533399999997,30238.533399999997,-1.5093656137388223e-05,20120,-7.720667710829822,14.149277121469888,-1,SOLUSDT,2024-03-05,100
1709598815400,-132792.9983000001,137029.06230000005,-0.0005437532702528003,20154,-33.90543452081212,16.22162996207323,-1,SOLUSDT,2024-03-05,100
1709598821000,-23695.5581,23695.5581,-0.00017375735207281195,20210,-6.050079476168049,13.81488603982882,-1,SOLUSDT,2024-03-05,100
1709598824900,-66169.14910000001,66169.14910000001,0.0,20249,-16.89466900234832,15.223243187555662,-1,SOLUSDT,2024-03-05,100
1709598826400,-24602.0152,24602.0152,5.289505999162003e-05,20264,-6.281521060012273,13.866369740545748,-1,SOLUSDT,2024-03-05,100
1709598835900,-24914.6638,24914.6638,-0.00015863962775686247,20359,-6.361348210321624,13.88368815020778,-1,SOLUSDT,2024-03-05,100
1709598842300,162466.34399999998,162466.34399999998,0.0,20423,41.481795417279415,16.455158519117305,1,SOLUSDT,2024-03-05,100
1709598844200,-26489.163399999998,26489.163399999998,6.0404255497914505e-05,20442,-6.7633580585384845,13.967727148111631,-1,SOLUSDT,2024-03-05,100
1709598845500,-30535.861100000006,31357.175100000004,-5.284075684297562e-05,20455,-7.7965830451669484,14.19909543239102,-1,SOLUSDT,2024-03-05,100
1709598858400,-33453.5998,33453.5998,-7.544749797361305e-06,20584,-8.54155604606416,14.28784882879424,-1,SOLUSDT,2024-03-05,100
1709598860200,-31938.751000000007,31938.751000000007,-1.5091378295473135e-05,20602,-8.154776566311043,14.224297950850737,-1,SOLUSDT,2024-03-05,100
1709598864800,-79086.8693,79298.8693,-0.00033209051281080093,20648,-20.192891965955216,15.471488049618204,-1,SOLUSDT,2024-03-05,100
1709598867300,-39388.8552,39388.8552,-5.2871488306571734e-05,20673,-10.056977912466857,14.511835175229038,-1,SOLUSDT,2024-03-05,100
1709598875800,24891.504000000004,24891.504000000004,6.042159167396477e-05,20758,6.355434923533409,13.88241274240565,1,SOLUSDT,2024-03-05,100
1709598877800,-95366.99870000001,95366.99870000001,-7.5528986132056275e-06,20778,-24.34962363425469,15.724532435413082,-1,SOLUSDT,2024-03-05,100
1709598882900,-26476.3497,26476.3497,3.0216044722308766e-05,20829,-6.760086394581189,13.967063588754737,-1,SOLUSDT,2024-03-05,100
1709598892400,-49979.934100000006,49979.934100000006,-0.0002494227388218917,20924,-12.761150095833433,14.838426737133126,-1,SOLUSDT,2024-03-05,100
1709598906600,27889.4933,27889.4933,0.00013585931034576504,21066,7.120897946482903,14.038374637627188,1,SOLUSDT,2024-03-05,100
1709598921400,-45299.7629,46094.7569,4.528472773301928e-05,21214,-11.566183190957164,14.727446796109877,-1,SOLUSDT,2024-03-05,100
1709598933500,25246.8959,25246.8959,1.5089670366563723e-05,21335,6.446175526945756,13.901854781170405,1,SOLUSDT,2024-03-05,100
1709598947900,-24391.2009,24391.2009,-3.773969423814805e-05,21479,-6.227694800072325,13.85456751610688,-1,SOLUSDT,2024-03-05,100
1709598981500,-59901.048599999995,59901.048599999995,9.073312370144748e-05,21815,-15.294263304809219,15.086756699989271,-1,SOLUSDT,2024-03-05,100
1709599019800,-104322.61850000001,104322.61850000001,7.558836090382215e-06,22198,-26.63622145649987,15.84762789373634,-1,SOLUSDT,2024-03-05,100
1709599051300,101968.76,102233.38599999998,0.000680282419015299,22513,26.035221431914934,15.819883556534624,1,SOLUSDT,2024-03-05,100
1709599129300,-45229.409700000004,45229.409700000004,0.0,23293,-11.54822022719803,14.701455797747467,-1,SOLUSDT,2024-03-05,100
1709599138100,-116773.9629,116773.9629,-0.0012016461729267292,23381,-29.8153668004173,16.002261839913885,-1,SOLUSDT,2024-03-05,100
1709599161300,24736.903299999998,24736.903299999998,2.2690229210198254e-05,23613,6.3159614273564495,13.873868376836814,1,SOLUSDT,2024-03-05,100
1709599166300,-74061.3273,74061.3273,-0.0005370508474165092,23663,-18.909743099720217,15.377776541748789,-1,SOLUSDT,2024-03-05,100
1709599206200,-24534.770300000004,24534.770300000004,-6.808459134877154e-05,24062,-6.264351724407261,13.86261612313652,-1,SOLUSDT,2024-03-05,100
1709599224200,51532.06470000001,51532.06470000001,0.00042365509057518125,24242,13.157448568642664,14.8803689144149,1,SOLUSDT,2024-03-05,100
1709599231500,37891.75020000001,37891.75020000001,0.000173731102458774,24315,9.674728876763897,14.458692961684843,1,SOLUSDT,2024-03-05,100
1709599285000,-82058.7143,82058.7143,-0.00024882468167586325,24850,-20.95167968325539,15.518406869645997,-1,SOLUSDT,2024-03-05,100
1709599288800,-26513.255299999993,26513.255299999993,0.0,24888,-6.7695093341960035,13.968973882118194,-1,SOLUSDT,2024-03-05,100
1709599333000,-25220.460699999996,25220.460699999996,-8.282789497560117e-05,25330,-6.43942594711761,13.900418069326992,-1,SOLUSDT,2024-03-05,100
1709599336700,-60659.81210000001,60659.81210000001,-0.0007083540860763904,25367,-15.487994951020815,15.104019586710933,-1,SOLUSDT,2024-03-05,100
1709599342100,123782.45469999999,124207.11869999998,0.0002562556541008121,25421,31.60481325359335,16.086894749423262,1,SOLUSDT,2024-03-05,100
1709599358200,65359.6908,65359.6908,0.0002938860421517475,25582,16.68799368256997,15.206362615116843,1,SOLUSDT,2024-03-05,100
1709599410800,39905.44750000001,39905.44750000001,7.522812933746792e-05,26108,10.18887708355144,14.52970482062103,1,SOLUSDT,2024-03-05,100
1709599417600,132982.87050000002,132982.87050000002,0.00037605860940548297,26176,33.953913729255596,16.18052373644581,1,SOLUSDT,2024-03-05,100
1709599420900,32837.61659999997,37359.54739999998,0.00010526869844973419,26209,8.384279846860204,14.439294215525731,1,SOLUSDT,2024-03-05,100
1709599422400,44017.86350000001,44017.86350000001,0.0003607720561049632,26224,11.238881625924513,14.6642186189169,1,SOLUSDT,2024-03-05,100
1709599424200,-70970.00439999998,70970.00439999998,-0.00032319284747384103,26242,-18.120449631612434,15.319303305825144,-1,SOLUSDT,2024-03-05,100
1709599429700,133059.61840000004,133059.61840000004,6.764704779627095e-05,26297,33.97350942278894,16.18131501071955,1,SOLUSDT,2024-03-05,100
1709599431000,170641.34680000006,170641.34680000006,0.0002630085943824412,26310,43.56908183818447,16.522487595198232,1,SOLUSDT,2024-03-05,100
1709599432700,47009.46109999997,48340.841099999976,0.00030799857512420203,26327,12.002712685076201,14.792696389456758,1,SOLUSDT,2024-03-05,100
1709599435000,105263.80059999997,105263.80059999997,0.00016522594685763892,26350,26.876529217242023,15.859945436997053,1,SOLUSDT,2024-03-05,100
1709599440900,-104153.59059999998,105351.45459999998,-0.0007285318153611442,26409,-26.59306432872199,15.861086980892008,-1,SOLUSDT,2024-03-05,100
1709599502100,-23549.6259,23549.6259,-8.267599657418856e-05,27021,-6.012819268815852,13.806413933813895,-1,SOLUSDT,2024-03-05,100
1709599517500,-26347.8431,26347.8431,-0.00012036591251884943,27175,-6.7272753867150294,13.960391039662023,-1,SOLUSDT,2024-03-05,100
1709599519000,60504.57419999999,72384.3402,-8.277989958305199e-05,27190,15.448358761455246,15.346365593554445,1,SOLUSDT,2024-03-05,100
1709599520800,-64076.02629999997,64076.02629999997,-0.0007301550586520378,27208,-16.360241442552645,15.179159432025523,-1,SOLUSDT,2024-03-05,100
1709599535000,-41885.58779999999,41885.58779999999,8.286221148878781e-05,27350,-10.69445733358839,14.596121828023499,-1,SOLUSDT,2024-03-05,100
1709599555600,-38373.4608,38373.4608,5.2710248013454475e-05,27556,-9.797721861449602,14.47601778894355,-1,SOLUSDT,2024-03-05,100
1709599568200,-33526.270300000004,33526.270300000004,-7.5366753460315294e-06,27682,-8.560110675531735,14.290824711776974,-1,SOLUSDT,2024-03-05,100
1709599601200,-25942.681599999996,33565.8532,-0.00017315170014242653,28012,-6.623827336859497,14.292442933309363,-1,SOLUSDT,2024-03-05,100
1709599610200,-51605.8965,56705.454900000004,-0.0004067520902122368,28102,-13.176299707576948,15.011569330852918,-1,SOLUSDT,2024-03-05,100
1709599627200,37250.939600000005,39854.780000000006,0.00012044746246786531,28272,9.511113610020255,14.52796242383806,1,SOLUSDT,2024-03-05,100
1709599633800,-43451.384999999995,43451.384999999995,-0.0004666320540467339,28338,-11.094245237447106,14.646454692007795,-1,SOLUSDT,2024-03-05,100
1709599644100,24202.32410000001,24202.32410000001,5.278417682408332e-05,28441,6.179469742600299,13.843906482199435,1,SOLUSDT,2024-03-05,100
1709599652200,36545.5067,36545.5067,0.00017331479661919502,28522,9.33099862424561,14.409081303200225,1,SOLUSDT,2024-03-05,100
1709599692200,55211.03489999999,55873.78549999999,0.00021875813358374074,28922,14.096783359008027,14.991306160600214,1,SOLUSDT,2024-03-05,100
1709599715600,-28129.928699999986,28924.928699999986,-0.00018113481007731025,29156,-7.182287227661479,14.088367961755829,-1,SOLUSDT,2024-03-05,100
1709599736600,-35558.0261,35743.298899999994,-3.778161471501562e-05,29366,-9.078869677294406,14.378641878266881,-1,SOLUSDT,2024-03-05,100
1709599740200,28758.2456,29764.0828,0.00033999086129821166,29402,7.342712534597786,14.127588587918371,1,SOLUSDT,2024-03-05,100
1709599745600,92492.27389999999,145300.15350000001,0.00037011719541268917,29456,23.615633177532278,16.302009036329164,1,SOLUSDT,2024-03-05,100
1709599752400,23619.689,23619.689,0.0,29524,6.030708162656538,13.81048798504563,1,SOLUSDT,2024-03-05,100
1709599754100,-33140.91010000001,33458.298100000015,-0.0003932006583839964,29541,-8.46171840187805,14.288041421225442,-1,SOLUSDT,2024-03-05,100
1709599757000,38938.967500000006,38938.967500000006,9.076194660284642e-05,29570,9.942110124636597,14.496080968082044,1,SOLUSDT,2024-03-05,100
1709599758300,-66097.2026,66097.2026,-0.00022690315114548554,29583,-16.876299228520026,15.221751188415764,-1,SOLUSDT,2024-03-05,100
1709599785700,40605.081600000005,40605.081600000005,0.0,29857,10.367511487998629,14.55354081263806,1,SOLUSDT,2024-03-05,100
1709599790300,31698.4671,31698.4671,0.0001588640467531377,29903,8.09342596694096,14.213941362823151,1,SOLUSDT,2024-03-05,100
1709599792900,23824.2763,31625.7873,0.0001437004377775608,29929,6.08294451090337,14.210793288965819,1,SOLUSDT,2024-03-05,100
1709599794100,39294.642199999995,39294.642199999995,7.563095124663022e-05,29941,10.03292293409147,14.50855096351292,1,SOLUSDT,2024-03-05,100
1709599796300,-96520.16570000004,169974.72830000008,-0.0001512802090548604,29963,-24.644056538930375,16.517119440458863,-1,SOLUSDT,2024-03-05,100
1709599807600,66255.9344,66255.9344,0.000264681306348713,30076,16.91682749974041,15.225040750954678,1,SOLUSDT,2024-03-05,100
1709599810500,52417.4121,52417.4121,0.0,30105,13.383500308441892,14.903730824809264,1,SOLUSDT,2024-03-05,100
1709599814000,32899.6972,32899.6972,3.7766775061953695e-05,30140,8.400130605147615,14.264951612116178,1,SOLUSDT,2024-03-05,100
1709599840700,88000.79120000002,91523.37600000002,-3.020372412176897e-05,30407,22.468843252342303,15.668113458305223,1,SOLUSDT,2024-03-05,100
1709599865400,-33068.8134,33068.8134,2.267959403567943e-05,30654,-8.44331027816437,14.271983162894273,-1,SOLUSDT,2024-03-05,100
1709599886300,-24863.5655,24863.5655,-0.00011341940618248003,30863,-6.348301512928281,13.880872591992166,-1,SOLUSDT,2024-03-05,100
1709599894200,-177477.11459999997,177477.11459999997,-0.00031005290053354173,30942,-45.31442745511804,16.576355288566717,-1,SOLUSDT,2024-03-05,100
1709599974400,24809.737299999997,24809.737299999997,9.07420431186523e-05,31744,6.334557802538144,13.877900349051961,1,SOLUSDT,2024-03-05,100
1709599990900,-28927.613899999997,29059.759899999997,-4.540329477364935e-05,31909,-7.3859565751651814,14.094745861288839,-1,SOLUSDT,2024-03-05,100
1709599995600,-282406.3852000002,283410.58840000007,-3.027321577420139e-05,31956,-72.10554264334165,17.218273589374952,-1,SOLUSDT,2024-03-05,100
1709599997000,-66050.88639999999,66050.88639999999,0.00014382335488960507,31970,-16.864473523050183,15.220789841187875,-1,SOLUSDT,2024-03-05,100
1709600005500,-24278.958300000002,25944.3003,-0.00010591857897424006,32055,-6.199036405627852,13.939224007471985,-1,SOLUSDT,2024-03-05,100
1709600087400,-139791.37269999998,141112.83269999997,-0.0005222900645183159,32874,-35.692297744091896,16.261905170291552,-1,SOLUSDT,2024-03-05,100
1709600112300,35512.989499999996,35512.989499999996,6.055376419222824e-05,33123,9.067370686294215,14.3697765955595,1,SOLUSDT,2024-03-05,100
1709600113700,23543.9939,23543.9939,3.0275277967284353e-05,33137,6.011381275776567,13.806085916376572,1,SOLUSDT,2024-03-05,100
1709600136100,74393.4323,74393.4323,6.049286564113743e-05,33361,18.994537964477285,15.383912621020885,1,SOLUSDT,2024-03-05,100
1709600148400,-619057.8557000036,660266.3196999975,-0.0008333649484164596,33484,-158.06123711140586,18.37818286174343,-1,SOLUSDT,2024-03-05,100
1709600150400,-478395.9616000013,488125.4315999985,-0.00046264520110383955,33504,-122.14667308291196,17.96390390547394,-1,SOLUSDT,2024-03-05,100
1709600157400,-39871.7532,39871.7532,-9.100561207553426e-05,33574,-10.18027407061401,14.528546359179575,-1,SOLUSDT,2024-03-05,100
1709600163700,33903.980899999995,33903.980899999995,0.00017441750285929203,33637,8.65654981148064,14.306188943770968,1,SOLUSDT,2024-03-05,100
1709600179600,-105069.1838,105069.1838,-0.00013649289120643004,33796,-26.826838591580103,15.857407483048162,-1,SOLUSDT,2024-03-05,100
1709600192700,50158.15930000001,50158.15930000001,0.00018954830695339098,33927,12.806655528543876,14.84330849659907,1,SOLUSDT,2024-03-05,100
1709600251200,227293.7603,235767.32109999997,0.0006214569575826445,34512,58.03388586370077,16.965854610764186,1,SOLUSDT,2024-03-05,100
1709600256400,-66094.5094,66094.5094,8.331092779112481e-05,34564,-16.875611585967928,15.221695306329938,-1,SOLUSDT,2024-03-05,100
1709600259800,67642.9306,67880.67460000001,3.7856561493576635e-05,34598,17.270962954483853,15.258265841056325,1,SOLUSDT,2024-03-05,100
1709600263100,-29844.931600000004,29844.931600000004,-0.0001590132097888386,34631,-7.620171146793934,14.131308752315768,-1,SOLUSDT,2024-03-05,100
1709600283300,-49277.95330000001,49383.57010000001,-0.00015905295360862937,34833,-12.581916519109026,14.821964236944467,-1,SOLUSDT,2024-03-05,100
1709600293600,-23611.392099999997,23611.392099999997,-8.334248842789549e-05,34936,-6.028589752775918,13.810006165533279,-1,SOLUSDT,2024-03-05,100
1709600297000,-23647.2782,23647.2782,-7.577967816807529e-06,34970,-6.037752388075474,13.8120889353217,-1,SOLUSDT,2024-03-05,100
1709600331000,75215.49839999998,75215.49839999998,9.091873386779525e-05,35310,19.204432376698932,15.398984332972583,1,SOLUSDT,2024-03-05,100
1709596802500,-792749.8003000001,792749.8003000001,-7.754767905865378e-05,10,-20.065068910095302,9.005435917753822,-1,BTCUSDT,2024-03-05,250
1709596806500,-334172.4388,702455.478,-0.00015366434615060598,26,-8.458145318786785,8.925264714804479,-1,BTCUSDT,2024-03-05,250
1709596808500,-318473.2925999998,333634.97419999976,-0.00015959460077041854,34,-8.060788611521192,8.431654075451256,-1,BTCUSDT,2024-03-05,250
1709596810000,-239890.4197,240300.05129999996,-0.00013769322849377374,40,-6.071799450886828,8.21409181311405,-1,BTCUSDT,2024-03-05,250
1709596811000,-607908.8671999999,615553.5615999999,-0.00011427047834722259,44,-15.386611648227454,8.837711636534475,-1,BTCUSDT,2024-03-05,250
1709596812500,-698196.5999000007,1075972.8683000014,0.0,50,-17.67185924800762,9.207958173548159,-1,BTCUSDT,2024-03-05,250
1709596814500,988645.3495000004,996696.2563000004,0.00035760923950967083,58,25.023326474324886,9.157217387544769,1,BTCUSDT,2024-03-05,250
1709596823250,-1982009.3851999985,1982009.3851999985,-0.00020812051132068632,93,-50.166086297901,9.612963196134737,-1,BTCUSDT,2024-03-05,250
1709596825500,283170.8885,284536.01450000005,9.230343221489079e-05,102,7.16725931553087,8.326116137233917,1,BTCUSDT,2024-03-05,250
1709596841750,-480334.8250000001,548621.6250000001,-0.000288526532163047,167,-12.157620676657732,8.761394144196004,-1,BTCUSDT,2024-03-05,250
1709596860000,315872.4378,316555.32580000005,0.0003631246919297837,240,7.9949591016715535,8.396814920264402,1,BTCUSDT,2024-03-05,250
1709596864250,648434.8645000001,719271.8825000001,0.000141873535339343,257,16.412353853608167,8.940949083952914,1,BTCUSDT,2024-03-05,250
1709596869250,-1955736.3997999993,1956693.0281999991,-0.00030728259998014096,277,-49.50109809818728,9.604440355059415,-1,BTCUSDT,2024-03-05,250
1709596875500,-257878.6,257878.6,-6.291346401354758e-05,302,-6.527093261304858,8.260898412234077,-1,BTCUSDT,2024-03-05,250
1709596894500,1707653.7807999996,1728409.7619999999,0.000319324558038403,378,43.22194817755889,9.522195018048363,1,BTCUSDT,2024-03-05,250
1709596895500,-619632.4124000001,619632.4124000001,-0.00014353674565192875,382,-15.683343028316864,8.842090253256602,-1,BTCUSDT,2024-03-05,250
1709596898750,-921591.1813999997,980832.5337999999,-2.783872586675784e-05,395,-23.326137142802544,9.14658032399059,-1,BTCUSDT,2024-03-05,250
1709596901500,-349820.07139999996,359781.8266,-1.3190552927255794e-05,406,-8.854198179702092,8.481675994417621,-1,BTCUSDT,2024-03-05,250
1709596903000,-667516.7619000004,697670.3113000003,-0.00014070985212022435,412,-16.895330432248088,8.920733009343236,-1,BTCUSDT,2024-03-05,250
1709596906000,518667.0762,519349.17220000003,9.968774288715565e-05,424,13.127837586855648,8.725041307560883,1,BTCUSDT,2024-03-05,250
1709596908500,330448.755,330585.1876,9.23490295576812e-05,434,8.363896197540548,8.425565863968146,1,BTCUSDT,2024-03-05,250
1709596914750,-768713.9508999999,798860.5198999998,-0.0001451405410133333,459,-19.45670423521154,9.010526738266266,-1,BTCUSDT,2024-03-05,250
1709596919000,532887.2251999999,532887.2251999999,0.0002037721306873408,476,13.487759808833935,8.742101998559457,1,BTCUSDT,2024-03-05,250
1709596924500,390859.65120000014,394954.0992000001,0.00015827561679948587,498,9.892939528380749,8.543513154006423,1,BTCUSDT,2024-03-05,250
1709596941000,-308951.7636999997,397058.2788999994,0.00014495374317213816,564,-7.819791851338261,8.547035900329268,-1,BTCUSDT,2024-03-05,250
1709596942250,-890066.8630000001,904006.6414000001,-1.7561112672481727e-05,569,-22.528233919363817,9.092504378477424,-1,BTCUSDT,2024-03-05,250
1709596943250,544467.4681999999,549251.0639999999,8.195221897544513e-05,573,13.780864106939994,8.762154350577429,1,BTCUSDT,2024-03-05,250
1709596954250,-427854.6759000001,434548.0661000001,-0.000106864742274837,617,-10.829310271905712,8.606852151273607,-1,BTCUSDT,2024-03-05,250
1709596980000,251568.4174,251568.4174,2.6345755847145824e-05,720,6.367377990917694,8.244473842669073,1,BTCUSDT,2024-03-05,250
1709596987250,669083.8723999999,697646.2602,0.00012293840362431752,749,16.934995128676043,8.92071015376795,1,BTCUSDT,2024-03-05,250
1709596995500,-284867.7445000001,298530.18450000003,-0.00017713482275283354,782,-7.210207964092656,8.357946514756108,-1,BTCUSDT,2024-03-05,250
1709596998500,-341732.5483000001,341869.1247000001,-6.735929597390111e-05,794,-8.649497140039799,8.447817806865675,-1,BTCUSDT,2024-03-05,250
1709597036250,267171.47349999996,267854.7755,-1.4634806682067847e-06,945,6.762302588484423,8.286062407925439,1,BTCUSDT,2024-03-05,250
1709597042250,299156.1877,300522.5376999999,0.0003044710424706665,969,7.5718587615037505,8.362356448096156,1,BTCUSDT,2024-03-05,250
1709597044250,340364.38840000005,340364.38840000005,8.049438190127489e-05,977,8.61486802671408,8.444893268200511,1,BTCUSDT,2024-03-05,250
1709597053500,-325312.55280000006,326679.18280000007,-0.00017852543888530192,1014,-8.233895217357164,8.41768584865679,-1,BTCUSDT,2024-03-05,250
1709597059500,-1132314.0878000003,1134363.5228000004,-0.0002766233527253803,1038,-28.659685806266744,9.242994310916561,-1,BTCUSDT,2024-03-05,250
1709597071250,984326.690499999,1013171.532299999,0.00014338239083855342,1085,24.914018101870628,9.168086775548872,1,BTCUSDT,2024-03-05,250
1709597080500,827315.727,831007.4316,0.00035397402024806013,1122,20.939957432191846,9.036682852051536,1,BTCUSDT,2024-03-05,250
1709597084500,-392160.9134000001,396400.89980000013,-0.0004518928023404811,1138,-9.925875412695346,8.545937347627476,-1,BTCUSDT,2024-03-05,250
1709597106500,1074719.7962000002,1128105.7262000004,0.00022795120189478268,1226,27.20193276824037,9.239326811366382,1,BTCUSDT,2024-03-05,250
1709597116500,706200.8346000001,707433.1878000001,1.7527536490646867e-05,1266,17.874452198226322,8.92994612321081,1,BTCUSDT,2024-03-05,250
1709597119250,404315.12289999996,418002.19469999976,5.698842478985e-05,1277,10.233507216667979,8.581115398165805,1,BTCUSDT,2024-03-05,250
1709597120750,655792.8176000003,713156.4398000004,0.00018702376571333446,1283,16.598588950649987,8.935288156074197,1,BTCUSDT,2024-03-05,250
1709597127750,-369455.26759999996,506300.0676,-0.00011399142446144594,1311,-9.351179149822988,8.708170532875194,-1,BTCUSDT,2024-03-05,250
1709597130500,-693710.6227000002,693710.6227000002,-0.0001300307473410811,1322,-17.55831593129778,8.916959493990753,-1,BTCUSDT,2024-03-05,250
1709597136500,340668.1317,342994.95690000005,-3.94517953896667e-05,1346,8.622555988594579,8.449997518221158,1,BTCUSDT,2024-03-05,250
1709597141750,684554.0302999999,684690.9316999998,0.00010079724788170097,1367,17.326555976999295,8.90828284433907,1,BTCUSDT,2024-03-05,250
1709597158250,533492.4932000001,565669.5621999999,-5.842836464964307e-05,1433,13.503079578229633,8.78168203215895,1,BTCUSDT,2024-03-05,250
1709597162000,-281422.63060000003,281422.63060000003,-0.00013734036031110008,1448,-7.123009647826327,8.31882187435303,-1,BTCUSDT,2024-03-05,250
1709597164500,-603763.3641000002,603763.3641000002,-0.00039606420850013535,1458,-15.281685976424033,8.824889869282714,-1,BTCUSDT,2024-03-05,250
1709597184250,2870600.0776999984,3758658.051500004,0.00037527041447837917,1537,72.65695727779219,10.037237794579834,1,BTCUSDT,2024-03-05,250
1709597191750,679321.0195999999,679321.0195999999,0.00010513066875716959,1567,17.19410470389518,8.9030627158142,1,BTCUSDT,2024-03-05,250
1709597193750,529299.501,530669.499,2.7737651453918488e-05,1575,13.396951923072034,8.739337109754493,1,BTCUSDT,2024-03-05,250
1709597196250,1295072.9162,1306991.9626000002,7.299003689098527e-05,1585,32.779229079991325,9.336909738386407,1,BTCUSDT,2024-03-05,250
1709597199000,-691948.4636,691948.4636,-0.0002102257306511035,1596,-17.51371441420036,8.915273255812059,-1,BTCUSDT,2024-03-05,250
1709597207750,-1771267.2818999998,1771267.2818999998,-0.0002598877825032986,1631,-44.83205174705951,9.538433712782737,-1,BTCUSDT,2024-03-05,250
1709597223750,-305829.2592,307471.96079999994,-0.00012856888241685738,1695,-7.740759011543324,8.377512887137984,-1,BTCUSDT,2024-03-05,250
1709597226750,-542791.0608000002,542791.0608000002,-0.0002032313796238583,1707,-13.738433027184872,8.754310520080901,-1,BTCUSDT,2024-03-05,250
1709597228750,661172.0109999998,663908.5509999999,0.0002236647552411597,1715,16.73474021326888,8.88784775065354,1,BTCUSDT,2024-03-05,250
1709597231500,362096.39969999995,363464.35769999993,5.8480558154272444e-05,1726,9.164920898533728,8.488427387774845,1,BTCUSDT,2024-03-05,250
1709597243500,-388950.78429999994,388950.78429999994,-0.00011547453835802912,1774,-9.844624731109013,8.533358486106218,-1,BTCUSDT,2024-03-05,250
1709597249000,286236.5474,286236.5474,0.00017685753440943586,1796,7.244853352211886,8.330066639379467,1,BTCUSDT,2024-03-05,250
1709597257500,-13897089.733500004,14144929.851300003,-0.0008113140003445096,1830,-351.7453590614994,10.9158815823118,-1,BTCUSDT,2024-03-05,250
1709597263000,-706458.1988000002,721786.2276000002,-0.00014176364224738336,1852,-17.88096627165282,8.94326260693065,-1,BTCUSDT,2024-03-05,250
1709597265750,-484111.5193,484111.5193,-0.00014618814440225947,1863,-12.253211531872308,8.678459649684228,-1,BTCUSDT,2024-03-05,250
1709597271500,-238636.96720000004,238636.96720000004,-3.0694776262052414e-05,1886,-6.040073664543504,8.209487484362144,-1,BTCUSDT,2024-03-05,250
1709597307250,-344046.0166,345959.671,-3.51166751570986e-05,2029,-8.708052690407962,8.455703418861978,-1,BTCUSDT,2024-03-05,250
1709597309250,-1024563.5040000004,1026067.0390000003,-9.950379805445664e-05,2037,-25.932440856811287,9.17647183845958,-1,BTCUSDT,2024-03-05,250
1709597315000,-342248.8221,342248.8221,-0.00014196884466244342,2060,-8.662564402080804,8.448553736010261,-1,BTCUSDT,2024-03-05,250
1709597316250,-965179.2123,972010.3022999999,-0.00030160789445687897,2065,-24.42938162590793,9.14059008355557,-1,BTCUSDT,2024-03-05,250
1709597319250,-658071.1780000002,661348.7526000001,-0.00013179610283309273,2077,-16.65625589476114,8.885286594669735,-1,BTCUSDT,2024-03-05,250
1709597321500,-497459.2789999999,549502.5418,-0.00030020861062673987,2086,-12.591052951793877,8.762457829926504,-1,BTCUSDT,2024-03-05,250
1709597331750,-1552894.4834000003,1584030.1962000001,-0.00018598561813654158,2127,-39.30487880001532,9.464363672455235,-1,BTCUSDT,2024-03-05,250
1709597341750,1488593.5011,1716225.7107000002,1.4637516541071705e-05,2167,37.67737458576251,9.517504934318097,1,BTCUSDT,2024-03-05,250
1709597351250,256405.4994,257088.9354,0.00010827942540458935,2205,6.489808023214205,8.258865156247005,1,BTCUSDT,2024-03-05,250
1709597354250,273185.9409,273185.9409,0.00015515495034001958,2217,6.914533093989252,8.299128185048664,1,BTCUSDT,2024-03-05,250
1709597355750,-559949.7351,560359.7613,3.219556169753446e-05,2223,-14.172731442782187,8.775429418833369,-1,BTCUSDT,2024-03-05,250
1709597358000,280369.05409999995,280369.05409999995,0.000105364054856949,2232,7.09634286712634,8.316335191960789,1,BTCUSDT,2024-03-05,250
1709597408500,-413825.70609999995,436512.69529999996,0.0001595095888404785,2434,-10.47422693329355,8.60984277979686,-1,BTCUSDT,2024-03-05,250
1709597415500,-277711.9638,284270.4342,-0.0001478407567461204,2462,-7.029089996233571,8.325497037755689,-1,BTCUSDT,2024-03-05,250
1709597416750,-256460.37170000002,304824.7103000001,-7.465095194447713e-05,2467,-6.491196880682651,8.371780110566995,-1,BTCUSDT,2024-03-05,250
1709597420750,-554937.508,554937.508,-4.392418686016697e-05,2483,-14.04586836174894,8.76898294248562,-1,BTCUSDT,2024-03-05,250
1709597432750,-1824867.0975999997,1829916.6948,-0.0001069731080889369,2531,-46.18870172058446,9.5600303984896,-1,BTCUSDT,2024-03-05,250
1709597445500,-356862.2554999999,393992.4858999999,-9.96227521596893e-05,2582,-9.032440935727516,8.541897000671984,-1,BTCUSDT,2024-03-05,250
1709597462250,-283926.9977,560496.7979,-0.00019338052659634286,2649,-7.186396984434497,8.775591531276994,-1,BTCUSDT,2024-03-05,250
1709597470000,-253647.82439999995,309094.5063999999,0.00012155802250291003,2680,-6.42000928105658,8.381002258490836,-1,BTCUSDT,2024-03-05,250
1709597471500,497068.72150000004,501030.4231000001,0.00039235034460638474,2686,12.58116765993018,8.701233990792508,1,BTCUSDT,2024-03-05,250
1709597477750,-323605.4182,323605.4182,-0.00011845040561198061,2711,-8.190686410019909,8.411418272478238,-1,BTCUSDT,2024-03-05,250
1709597484250,357715.2863,369748.4766999999,0.0001272399535174884,2737,9.0540317601944,8.499791993661868,1,BTCUSDT,2024-03-05,250
1709597502250,-729364.3518,730868.659,-8.921448117860109e-05,2809,-18.460737516295517,8.951553003890709,-1,BTCUSDT,2024-03-05,250
1709597534250,341493.4855999999,341493.4855999999,1.4642478269877301e-06,2937,8.643446290771188,8.447088938772865,1,BTCUSDT,2024-03-05,250
1709597591000,-2050543.9222999997,2051772.7930999997,-0.00024757497509675375,3164,-51.90074483595754,9.635897677479662,-1,BTCUSDT,2024-03-05,250
1709597605750,-314913.71260000014,314913.71260000014,-0.00014789292871775217,3223,-7.970693075749424,8.393367859297408,-1,BTCUSDT,2024-03-05,250
1709597634250,257179.25629999998,274666.05309999996,1.4639605847577286e-06,3337,6.509392368126416,8.302710480904544,1,BTCUSDT,2024-03-05,250
1709597649000,297742.10290000006,297742.10290000006,9.511691705554881e-05,3396,7.536067255853443,8.356194023150493,1,BTCUSDT,2024-03-05,250
1709597661250,262821.15540000005,328189.99339999986,0.00016964942571995323,3445,6.652192901387308,8.420744891122286,1,BTCUSDT,2024-03-05,250
1709597708250,2011082.1923000002,2012448.7123000002,0.00013463953212600188,3633,50.901940003131436,9.623067722349486,1,BTCUSDT,2024-03-05,250
1709597723500,418158.2588,418158.2588,0.0001666871374030876,3694,10.583886965310237,8.581362879781484,1,BTCUSDT,2024-03-05,250
1709597752000,242001.6768,242275.27919999996,1.4619744117538858e-06,3808,6.125236890016295,8.219519106608322,1,BTCUSDT,2024-03-05,250
1709597776000,-308550.2352,308686.9764,-0.00029107717041476633,3904,-7.8096288755559735,8.380127568931677,-1,BTCUSDT,2024-03-05,250
1709597777500,-406330.59209999995,531357.8679000001,-8.927806977965247e-05,3910,-10.28452019499843,8.740196549360647,-1,BTCUSDT,2024-03-05,250
1709597803750,272753.86739999993,272753.86739999993,8.783307031023924e-06,4015,6.903597002238178,8.298078782884621,1,BTCUSDT,2024-03-05,250
1709597821750,335696.3600000001,338565.2078000001,0.00018151955337408765,4087,8.496716862898163,8.441379441459404,1,BTCUSDT,2024-03-05,250
1709597825750,-241157.45829999994,254828.33829999994,-4.2425044828320324e-05,4103,-6.103869111214877,8.253009776099697,-1,BTCUSDT,2024-03-05,250
1709597842750,-244602.12269999998,250618.97309999997,-0.00022525948817886388,4171,-6.191056050312177,8.241966965451985,-1,BTCUSDT,2024-03-05,250
1709597858250,947559.4014,947559.4014,7.458457492148796e-05,4233,23.983411510548002,9.123699501982069,1,BTCUSDT,2024-03-05,250
1709597861750,-372355.6695000002,385760.7091000002,-0.00019592848965288567,4247,-9.42459041270625,8.527898483588128,-1,BTCUSDT,2024-03-05,250
1709597864500,633460.5194000001,638247.8586000002,0.00023541126529735834,4258,16.033342384666334,8.861714624467155,1,BTCUSDT,2024-03-05,250
1709597898500,269651.2360000001,269651.2360000001,0.00016073364716007177,4394,6.825067164930035,8.290494052639408,1,BTCUSDT,2024-03-05,250
1709597901250,428949.25019999983,429633.6335999999,7.4522671365429e-05,4405,10.857014736477513,8.599311609095718,1,BTCUSDT,2024-03-05,250
1709597907500,312827.4294,312827.4294,1.4612288499193937e-06,4430,7.917887744031731,8.38896105797749,1,BTCUSDT,2024-03-05,250
1709597951750,831969.0018000001,831969.0018000001,0.00022200930193427837,4607,21.057735171756438,9.037449551259828,1,BTCUSDT,2024-03-05,250
1709597955500,270058.6724,270332.6404,3.796135826306113e-05,4622,6.835379673920116,8.292167273810803,1,BTCUSDT,2024-03-05,250
1709597957500,386090.85000000003,386090.85000000003,6.424520645431642e-05,4630,9.772237732353382,8.528465629797932,1,BTCUSDT,2024-03-05,250
1709597959750,-540355.9657000001,545149.7407000001,-0.0002540858181205863,4639,-13.676799014832364,8.75718523121714,-1,BTCUSDT,2024-03-05,250
1709597967750,-279341.7262,279341.7262,-2.3386581656126282e-05,4671,-7.070340457414017,8.313901447731919,-1,BTCUSDT,2024-03-05,250
1709597974250,330908.09289999993,330908.09289999993,0.00021488008093228927,4697,8.375522370909534,8.426213124380556,1,BTCUSDT,2024-03-05,250
1709597981250,-262643.6729,263601.2799,-3.801214049659052e-05,4725,-6.647700691371627,8.27544992865981,-1,BTCUSDT,2024-03-05,250
1709597984750,1215457.5204000003,1249379.1092000003,4.386490778784946e-05,4739,30.76410602044975,9.307021571257959,1,BTCUSDT,2024-03-05,250
1709598005750,1013469.2555999999,1014838.2975999999,0.00012708809778594343,4823,25.65163743236705,9.169176545056544,1,BTCUSDT,2024-03-05,250
1709598024250,-576578.7766999999,576578.7766999999,-1.4608574208097025e-06,4897,-14.59362447294955,8.79434618019276,-1,BTCUSDT,2024-03-05,250
1709598040500,-1197136.2530999994,1197136.2530999994,-0.00027757284639307045,4962,-30.30038153795139,9.278702746767715,-1,BTCUSDT,2024-03-05,250
1709598047000,310516.8696000001,310516.8696000001,-5.550848696955768e-05,4988,7.859405809895198,8.384046093259773,1,BTCUSDT,2024-03-05,250
1709598051500,274759.071,299960.96700000006,0.0002949589780172346,5006,6.954350150832535,8.361116416856145,1,BTCUSDT,2024-03-05,250
1709598054000,409153.72089999996,411893.7169,7.444989197225027e-05,5016,10.355975620017318,8.571355466902066,1,BTCUSDT,2024-03-05,250
1709598055000,2904395.578899998,3467456.853100002,0.000491813934960561,5020,73.51234577511201,9.983774708912874,1,BTCUSDT,2024-03-05,250
1709598069250,-352529.72329999995,1547662.3145,-0.00017803929169879495,5077,-8.922781422580607,9.448964806935392,-1,BTCUSDT,2024-03-05,250
1709598070250,496987.7662999999,496987.7662999999,0.00011529135524490641,5081,12.579118625460518,8.695862924535954,1,BTCUSDT,2024-03-05,250
1709598072500,411227.20200000005,411227.20200000005,0.0,5090,10.408456921355443,8.570281784460452,1,BTCUSDT,2024-03-05,250
1709598074000,311997.85640000005,337768.82120000006,8.607754132761158e-05,5096,7.896890653392724,8.439818120430218,1,BTCUSDT,2024-03-05,250
1709598080500,-1398764.3921000003,1415899.6171000001,-5.835837882095518e-05,5122,-35.403735082434515,9.389972527616708,-1,BTCUSDT,2024-03-05,250
1709598084750,266033.09799999977,362567.07720000047,0.00011522157194043814,5139,6.733489483965918,8.486788676591887,1,BTCUSDT,2024-03-05,250
1709598088500,1417115.0052000005,1590757.5864000001,0.00013997821611866357,5154,35.86820232828517,9.467173391415063,1,BTCUSDT,2024-03-05,250
1709598093250,497186.2182000001,497186.2182000001,7.4367385124674e-05,5173,12.58414158610628,8.69612760542623,1,BTCUSDT,2024-03-05,250
1709598095250,603204.1956,603341.3651999999,0.0,5181,15.267533018604789,8.824426319637116,1,BTCUSDT,2024-03-05,250
1709598102500,1963204.8053000006,2148490.5809000004,0.0001561493286921234,5210,49.69012882509424,9.666435424114534,1,BTCUSDT,2024-03-05,250
1709598108250,-336804.6715,348593.08709999995,-3.7934827970431684e-05,5233,-8.524769025904616,8.4607308446029,-1,BTCUSDT,2024-03-05,250
1709598137750,292057.31960000005,292057.31960000005,7.728927556804877e-05,5351,7.392181292576892,8.343413396873721,1,BTCUSDT,2024-03-05,250
1709598142500,1631012.7151000325,1705370.185699965,0.00024930439101567003,5370,41.28210755693556,9.513298114544929,1,BTCUSDT,2024-03-05,250
1709598145000,-336222.9872999999,337457.42909999995,-8.74927636758116e-05,5380,-8.510046179487627,8.439206632900367,-1,BTCUSDT,2024-03-05,250
1709598167500,1350936.2613000004,1391934.7543000006,0.00020272600920101524,5470,34.19317061432631,9.378655189651242,1,BTCUSDT,2024-03-05,250
1709598171000,-274266.2952,274266.2952,-4.958277553690493e-05,5484,-6.9418776401103806,8.301744858546305,-1,BTCUSDT,2024-03-05,250
1709598174250,330661.0738,331072.37919999997,7.877668564226781e-05,5497,8.369270139421449,8.426542192231535,1,BTCUSDT,2024-03-05,250
1709598184000,-342479.24919999996,342616.2716,0.0,5536,-8.668396678088321,8.449265149326994,-1,BTCUSDT,2024-03-05,250
1709598186750,-323510.33210000006,325428.3349000001,-0.00025696356806825804,5547,-8.1882797122848,8.415142446206788,-1,BTCUSDT,2024-03-05,250
1709598193000,-1428678.837400001,1431278.585200001,-0.00029084786742394897,5572,-36.160891257213294,9.39713473764619,-1,BTCUSDT,2024-03-05,250
1709598194250,-266047.5637,266047.5637,-0.00020611368338840919,5577,-6.73385562126072,8.281574149554787,-1,BTCUSDT,2024-03-05,250
1709598198250,-433767.1315000001,475885.3797,-0.00015502651569399006,5593,-10.978958785215944,8.667097341673095,-1,BTCUSDT,2024-03-05,250
1709598206750,1084144.3474999997,1084144.3474999997,0.00021208302910658006,5627,27.44047495545966,9.21297415149818,1,BTCUSDT,2024-03-05,250
1709598215750,-555344.0168999999,557804.5232999999,-0.00025894853871655243,5663,-14.056157395045421,8.772399323391733,-1,BTCUSDT,2024-03-05,250
1709598222000,-282032.75920000003,285175.4936,-6.293547140323597e-05,5688,-7.138452442511848,8.327604471937645,-1,BTCUSDT,2024-03-05,250
1709598226000,-531368.2207999999,536010.1181999999,-0.00029441382932304805,5704,-13.449312712474905,8.745975931667234,-1,BTCUSDT,2024-03-05,250
1709598230500,532359.6686000003,561856.2614000003,0.00031932502578335686,5722,13.474406970991579,8.777197614639908,1,BTCUSDT,2024-03-05,250
1709598232000,1129917.9133000001,1315965.4788999995,0.00019767866738185091,5728,28.599036902356676,9.341446055045042,1,BTCUSDT,2024-03-05,250
1709598234500,-688581.2791999999,688581.2791999999,-5.125175080777922e-05,5738,-17.428488549755574,8.912039166919817,-1,BTCUSDT,2024-03-05,250
1709598239000,321126.89360000007,321126.89360000007,0.00015673212095812517,5756,8.12795316571566,8.406320913992827,1,BTCUSDT,2024-03-05,250
1709598240750,530083.2062000002,535547.1982000003,0.00011567303784332239,5763,13.416788066628618,8.74540310880535,1,BTCUSDT,2024-03-05,250
1709598243750,1145874.0285000002,1145874.0285000002,0.00015225780789940302,5775,29.002897680251877,9.249687732912715,1,BTCUSDT,2024-03-05,250
1709598244750,-318833.3377,318833.3377,-0.000216657762099004,5779,-8.069901612545616,8.40156879362222,-1,BTCUSDT,2024-03-05,250
1709598246000,-250114.44879999993,304884.0698,-0.00024600354193360374,5784,-6.330576997538603,8.371909201859628,-1,BTCUSDT,2024-03-05,250
1709598250500,-289489.9562000001,320767.7838,-5.4180422283778285e-05,5802,-7.327199474203981,8.40557910385806,-1,BTCUSDT,2024-03-05,250
1709598252250,-441910.1242999999,452695.71629999985,-0.00024905213815529237,5809,-11.185063802971326,8.633977018369409,-1,BTCUSDT,2024-03-05,250
1709598254000,630460.3642000001,640016.4422,0.00018314629264182258,5816,15.957406293851552,8.86354919797897,1,BTCUSDT,2024-03-05,250
1709598264000,-246202.53870000006,246202.53870000006,-0.00010990242873454292,5856,-6.231563732953873,8.230179737803429,-1,BTCUSDT,2024-03-05,250
1709598267000,-308852.71069999994,311308.81429999997,-6.302337802921443e-05,5868,-7.8172847485045605,8.385734805402715,-1,BTCUSDT,2024-03-05,250
1709598283250,-288225.31039999996,288225.31039999996,-4.982889637439314e-05,5933,-7.295190377368811,8.334657061713866,-1,BTCUSDT,2024-03-05,250
1709598287500,-396098.93650000007,525858.3468999999,-0.0001348619645860083,5950,-10.025549616133992,8.733299001337684,-1,BTCUSDT,2024-03-05,250
1709598288500,237410.11379999996,237410.11379999996,-8.061779620227583e-05,5954,6.009021120595501,8.206070267906968,1,BTCUSDT,2024-03-05,250
1709598292000,-645107.7019000001,646472.4099000002,-0.00022864680763667877,5968,-16.328140969771642,8.870203291185836,-1,BTCUSDT,2024-03-05,250
1709598294500,-682265.9927,682265.9927,-0.00014949654866747153,5978,-17.268644095980196,8.905930632687335,-1,BTCUSDT,2024-03-05,250
1709598297000,-316146.4962,316146.4962,-6.594773864065928e-05,5988,-8.001895717334287,8.395958133947152,-1,BTCUSDT,2024-03-05,250
1709598319500,-2777318.8499000063,3301520.746500011,-0.0004058022450994514,6078,-70.29594215912948,9.951263336943681,-1,BTCUSDT,2024-03-05,250
1709598351750,-550090.9339000003,612601.8373,-0.0002447411800972077,6207,-13.923198077558927,8.834524848442584,-1,BTCUSDT,2024-03-05,250
1709598359750,639981.2914000001,640117.7124000001,1.1728330809646081e-05,6239,16.198387824573736,8.863654093294317,1,BTCUSDT,2024-03-05,250
1709598364000,-2664364.989199995,3147992.749599996,-0.00034903041758305164,6256,-67.43699852048164,9.919693442255204,-1,BTCUSDT,2024-03-05,250
1709598372000,-283858.9517999999,327346.24399999995,-0.00023764119225688773,6288,-7.18467469365368,8.419038234007674,-1,BTCUSDT,2024-03-05,250
1709598385750,516038.4876000001,516038.4876000001,6.308116273778808e-05,6343,13.06130611453572,8.720801500897455,1,BTCUSDT,2024-03-05,250
1709598388750,584178.6331,584178.6331,4.8410556738431865e-05,6355,14.785982316893657,8.803027784087138,1,BTCUSDT,2024-03-05,250
1709598391250,-5987123.638499997,6494427.3177,-0.0002831898939206212,6365,-151.5384151901412,10.399810005070531,-1,BTCUSDT,2024-03-05,250
1709598398500,-348436.60329999943,351707.08809999947,-2.9353920218966323e-05,6394,-8.819181604799235,8.466626970151891,-1,BTCUSDT,2024-03-05,250
1709598400000,883376.7121,883921.7913,1.614428884799679e-05,6400,22.358901377398322,9.077608475488624,1,BTCUSDT,2024-03-05,250
1709598409500,761931.4538999998,780060.1864999998,0.00016287636766065816,6438,19.2850343468861,8.994737695750654,1,BTCUSDT,2024-03-05,250
1709598421750,408798.6,408798.6,1.4677164763554629e-06,6487,10.346987254044576,8.566354795964367,1,BTCUSDT,2024-03-05,250
1709598423750,-813484.3514,1165460.5150000001,9.68645247638733e-05,6495,-20.589875345220165,9.26092431775955,-1,BTCUSDT,2024-03-05,250
1709598434250,-1534463.3697999988,1545772.501599999,-0.0001908214870773861,6537,-38.83837402847974,9.448154763697262,-1,BTCUSDT,2024-03-05,250
1709598439500,-986798.7377999995,1364616.0913999989,-0.00017766514278783063,6558,-24.976587401042643,9.365513901955845,-1,BTCUSDT,2024-03-05,250
1709598442750,1780546.2026000002,1882963.6997999998,0.0002231870830939897,6571,45.066907918813015,9.57897606186261,1,BTCUSDT,2024-03-05,250
1709598443750,713933.2737999998,770884.3525999999,1.4679254611849046e-06,6575,18.070165808412543,8.986892850692119,1,BTCUSDT,2024-03-05,250
1709598466000,-255614.46989999994,264877.5363,-0.00010864618060679732,6664,-6.469786496344803,8.278652067349018,-1,BTCUSDT,2024-03-05,250
1709598467500,-454084.29070000007,483224.6789000001,-0.00022322608783120756,6670,-11.493200730469168,8.67724402967188,-1,BTCUSDT,2024-03-05,250
1709598472250,1004142.4344,1004142.4344,0.00012918587957599925,6689,25.415568864428824,9.162152005121929,1,BTCUSDT,2024-03-05,250
1709598489250,-951793.2668999997,1028711.5888999989,-0.00013073825265763617,6757,-24.090573698392667,9.178178381048363,-1,BTCUSDT,2024-03-05,250
1709598506750,-703303.1653,761415.8074999999,-0.00011609187729888504,6827,-17.801110099418896,8.97869924700675,-1,BTCUSDT,2024-03-05,250
1709598510250,-1122719.744100023,1161914.2066999762,-0.00013372490749219423,6841,-28.416846051006846,9.258903902098796,-1,BTCUSDT,2024-03-05,250
1709598517500,-361549.68080000003,361549.68080000003,-1.4697830952314916e-06,6870,-9.151083049064956,8.484925683380862,-1,BTCUSDT,2024-03-05,250
1709598523750,740541.4574000002,740813.7394000002,0.0001292691885765862,6895,18.74363811620049,8.960513474326751,1,BTCUSDT,2024-03-05,250
1709598532500,515942.29719999986,556803.5571999999,1.468382421876413e-06,6930,13.058871466171551,8.771208555522678,1,BTCUSDT,2024-03-05,250
1709598535000,587724.1753000001,587724.1753000001,0.00021582876494008474,6940,14.875722545828097,8.80703942669658,1,BTCUSDT,2024-03-05,250
1709598545000,278257.93020000006,278257.93020000006,2.934689941724855e-06,6980,7.042908799384896,8.311324209155487,1,BTCUSDT,2024-03-05,250
1709598592750,-369349.8617000001,369349.8617000001,-0.00013655154511660328,7171,-9.348511250510713,8.499076870464453,-1,BTCUSDT,2024-03-05,250
1709598602250,-1992869.433,2287470.7288000006,-0.00026864810709525955,7209,-50.44096193633257,9.707991791008057,-1,BTCUSDT,2024-03-05,250
1709598620500,500051.1316999999,500051.1316999999,0.0,7282,12.656654612003233,8.699936894136153,1,BTCUSDT,2024-03-05,250
1709598627750,-503554.11589999986,509949.20109999983,-0.00022195192847718204,7311,-12.745317667279155,8.712931784188447,-1,BTCUSDT,2024-03-05,250
1709598629000,-2588351.3048,2789629.1557999994,-0.00021468441473615485,7316,-65.51303737281695,9.839568089720975,-1,BTCUSDT,2024-03-05,250
1709598631000,376984.5877,381472.29230000003,1.1765795948193158e-05,7324,9.541751669167041,8.52048702490187,1,BTCUSDT,2024-03-05,250
1709598632750,-264897.856,293321.3961999999,-7.794547497397275e-05,7331,-6.7047556905912495,8.346276692852875,-1,BTCUSDT,2024-03-05,250
1709598644250,389320.0225,405496.8423,0.00016772401494158373,7377,9.853970416121406,8.560978352337452,1,BTCUSDT,2024-03-05,250
1709598645500,341036.47550000006,341036.47550000006,0.00010885042197728012,7382,8.63187903569823,8.446201101327537,1,BTCUSDT,2024-03-05,250
1709598657000,629205.4390000001,637501.6216000001,6.176361595677804e-05,7428,15.925643232409612,8.860939018154959,1,BTCUSDT,2024-03-05,250
1709598668500,-417197.9226999999,499979.6924999999,-0.00011329152348693583,7474,-10.559580166347862,8.699842171687605,-1,BTCUSDT,2024-03-05,250
1709598672250,268966.62139999995,268966.62139999995,7.063373175597576e-05,7489,6.807739075890262,8.288808685128608,1,BTCUSDT,2024-03-05,250
1709598679750,-2351995.535799999,2391941.4940000013,-0.0003443977268471343,7519,-59.530702479148246,9.737599584561073,-1,BTCUSDT,2024-03-05,250
1709598681750,984261.7113000002,984397.6413000001,7.50358075638502e-05,7527,24.91237343147752,9.148985737956416,1,BTCUSDT,2024-03-05,250
1709598683500,823297.6840000001,823297.6840000001,5.882525958256224e-05,7534,20.83825786740077,9.030503289186466,1,BTCUSDT,2024-03-05,250
1709598690000,1230800.1713,1242904.1819000002,0.0002073314465267373,7560,31.152439574687836,9.303576734020696,1,BTCUSDT,2024-03-05,250
1709598693750,493102.94999999995,493102.94999999995,0.0,7575,12.480791124484721,8.690660240660412,1,BTCUSDT,2024-03-05,250
1709598694750,478139.82599999994,478139.82599999994,0.0,7579,12.102063669672772,8.670230703380893,1,BTCUSDT,2024-03-05,250
1709598713750,-502102.5239,502102.5239,-7.352346504596596e-05,7655,-12.708576827359272,8.702651112049912,-1,BTCUSDT,2024-03-05,250
1709598724500,340007.21680000005,340007.21680000005,0.0,7698,8.605827756046063,8.444197186703036,1,BTCUSDT,2024-03-05,250
1709598746250,1106237.8447,1106237.8447,0.00018967422406213075,7785,27.99967729599036,9.226349018937128,1,BTCUSDT,2024-03-05,250
1709598749000,287179.0567,297924.7947,0.00012204473469346055,7796,7.268708942015567,8.356600695581468,1,BTCUSDT,2024-03-05,250
1709598750250,-481143.422,481823.52300000004,-8.527781458766981e-05,7801,-12.178086849615902,8.675318866935303,-1,BTCUSDT,2024-03-05,250
1709598757250,498907.08129999996,498907.08129999996,6.910143873284369e-05,7829,12.627697871674906,8.69841834886531,1,BTCUSDT,2024-03-05,250
1709598759250,-326193.90280000004,339658.95960000006,-0.00012645310811976174,7837,-8.256202821190326,8.443517773794529,-1,BTCUSDT,2024-03-05,250
1709598760250,-286551.67059999995,286551.67059999995,-0.00013382264402039823,7841,-7.252829347564742,8.33079612278517,-1,BTCUSDT,2024-03-05,250
1709598795000,349608.47500000003,350968.759,-7.939191676875623e-05,7980,8.848842522285944,8.46523373484606,1,BTCUSDT,2024-03-05,250
1709598833250,-240297.0374,240297.0374,-1.4706779900564015e-06,8133,-6.082091237989741,8.214083497841603,-1,BTCUSDT,2024-03-05,250
1709598863500,-431949.3496999999,432357.1703,-2.9424702923108725e-06,8254,-10.932949417485144,8.603501103594919,-1,BTCUSDT,2024-03-05,250
1709598868000,-4081229.226799989,4318651.33159999,-0.0003931109926611498,8272,-103.29885374004141,10.129313244238597,-1,BTCUSDT,2024-03-05,250
1709598875750,345454.8002,345998.24260000006,0.00015605447216060497,8303,8.74371001886483,8.455777331262379,1,BTCUSDT,2024-03-05,250
1709598880750,-794966.8886,794966.8886,-7.362295626123228e-05,8323,-20.121185013186626,9.00728748846916,-1,BTCUSDT,2024-03-05,250
1709598885250,-371664.0096,371664.0096,-0.0001560698666125404,8341,-9.407084002044774,8.50321777865289,-1,BTCUSDT,2024-03-05,250
1709598890000,-294278.7172000001,299710.7252000001,-6.185366602728948e-05,8360,-7.44840646715764,8.360563097998554,-1,BTCUSDT,2024-03-05,250
1709598892000,-635946.257899999,636217.824699999,-0.00014875900406075004,8368,-16.096258217979795,8.859602568521613,-1,BTCUSDT,2024-03-05,250
1709598896750,354093.2157,361566.0737,0.00017812650709281286,8387,8.962354542289424,8.48495574257634,1,BTCUSDT,2024-03-05,250
1709598897750,-324790.45489999995,324790.45489999995,-9.862796729187551e-05,8391,-8.22068054314677,8.41384165119939,-1,BTCUSDT,2024-03-05,250
1709598921250,-427137.65869999985,529478.9319,-0.00027808615111624135,8485,-10.811162049702082,8.737848032762612,-1,BTCUSDT,2024-03-05,250
1709598981000,-253187.85840000006,280351.5384000001,-0.0001958305762563839,8724,-6.408367210023821,8.316293771966832,-1,BTCUSDT,2024-03-05,250
1709598999500,-367213.4068000001,367213.4068000001,-0.00021492839728409763,8798,-9.294436036899068,8.495230826020242,-1,BTCUSDT,2024-03-05,250
1709599004000,-1634654.3526000008,1716146.7384000006,-0.00011191430909818223,8816,-41.374280027183794,9.517474426530496,-1,BTCUSDT,2024-03-05,250
1709599041750,357152.38610000006,363400.74090000003,0.00017375682922704527,8967,9.039784350358119,8.488311337172865,1,BTCUSDT,2024-03-05,250
1709599044750,1006513.6438999999,1006513.6438999999,8.243913861782914e-05,8979,25.47558588619252,9.16371573772929,1,BTCUSDT,2024-03-05,250
1709599055000,-317870.01420000003,317870.01420000003,-7.80015703725212e-05,9020,-8.045519200335738,8.399562638210474,-1,BTCUSDT,2024-03-05,250
1709599066000,-2787422.5717000016,2925482.244700001,-0.0002722636235095166,9064,-70.55167464129298,9.87109323327776,-1,BTCUSDT,2024-03-05,250
1709599087500,-418267.73450000025,418267.73450000025,-9.422725559815603e-05,9150,-10.586657874194294,8.581536427840904,-1,BTCUSDT,2024-03-05,250
1709599091000,339569.35920000006,339569.35920000006,0.0,9164,8.594745264554442,8.443342860235951,1,BTCUSDT,2024-03-05,250
1709599095500,-433449.4694,526206.8007999999,-0.00011781963006463059,9182,-10.970918528473886,8.733738171143976,-1,BTCUSDT,2024-03-05,250
1709599106250,-277275.62280000007,277954.40140000003,-0.00013553988355496926,9225,-7.018045890981213,8.31060062614539,-1,BTCUSDT,2024-03-05,250
1709599109250,316660.5081,316660.5081,0.0004433410904720603,9237,8.014905729055773,8.397035172394471,1,BTCUSDT,2024-03-05,250
1709599165750,2182870.6278999997,2184230.6006999994,8.529223625153293e-05,9463,55.25002914420348,9.677373332573877,1,BTCUSDT,2024-03-05,250
1709599166750,4800827.8341,4829112.2287,0.0002823629088020141,9467,121.51241322327212,10.203381040569713,1,BTCUSDT,2024-03-05,250
1709599181500,-724176.6862,860143.8732000001,-0.0001779567481552391,9526,-18.32943396036004,9.059529742326152,-1,BTCUSDT,2024-03-05,250
1709599183250,-2061680.9087999992,2063584.351599999,-0.0002515647413652289,9533,-52.182629992521086,9.63970334850514,-1,BTCUSDT,2024-03-05,250
1709599197250,365317.40630000015,365317.40630000015,0.000261953853470942,9589,9.246446897486257,8.49179886045368,1,BTCUSDT,2024-03-05,250
1709599214250,340259.5139999999,340259.5139999999,0.00016027702963050672,9657,8.612213580049936,8.444688957267292,1,BTCUSDT,2024-03-05,250
1709599222750,325501.34619999997,326045.55919999996,7.938059619050364e-05,9691,8.238673714405458,8.416398694205625,1,BTCUSDT,2024-03-05,250
1709599232000,320897.4985999993,321305.95039999933,0.00014543777162145943,9728,8.122147012903127,8.406690480265553,1,BTCUSDT,2024-03-05,250
1709599243250,1208328.5834000006,1208328.5834000006,0.00024532865715976016,9773,30.58366748598832,9.284872316344755,1,BTCUSDT,2024-03-05,250
1709599248000,868960.1043999997,869640.9453999997,0.00018361331967930994,9792,21.99400664410309,9.066809754538951,1,BTCUSDT,2024-03-05,250
1709599263000,484256.86989999993,484801.4578999999,0.0001703892811644181,9852,12.256890460336269,8.67940383107201,1,BTCUSDT,2024-03-05,250
1709599269000,361386.84209999995,385631.9100999998,0.0002687384508206492,9876,9.146961484183457,8.527677089266492,1,BTCUSDT,2024-03-05,250
1709599272500,983455.9057,983455.9057,0.0002407473749599376,9890,24.89197791086556,9.14835118715962,1,BTCUSDT,2024-03-05,250
1709599274250,473625.3543999999,473761.62819999986,0.00011448331344787732,9897,11.987799139158364,8.664132019455486,1,BTCUSDT,2024-03-05,250
1709599276750,971121.1798000005,1012013.5806000005,0.00025972939864615796,9907,24.579777106681227,9.167328624177927,1,BTCUSDT,2024-03-05,250
1709599282000,618072.6671,744694.4380999999,0.00028911214156757126,9928,15.643864750410193,8.96397737850205,1,BTCUSDT,2024-03-05,250
1709599293500,-284939.5953,284939.5953,-0.00025385682758027883,9974,-7.212026559635282,8.327055827014524,-1,BTCUSDT,2024-03-05,250
1709599303500,302581.7385,304353.9373,9.096057305590932e-05,10014,7.65856192160675,8.37075541201383,1,BTCUSDT,2024-03-05,250
1709599306750,571870.5798999999,571870.5798999999,-3.227216584633652e-05,10027,14.474456617973692,8.788910235573502,1,BTCUSDT,2024-03-05,250
1709599310000,302943.482,302943.482,1.466939224314956e-06,10040,7.667717910359485,8.367675857971008,1,BTCUSDT,2024-03-05,250
1709599312750,959772.8806,959772.8806,0.0002522471272605742,10051,24.29254347335301,9.13219031165847,1,BTCUSDT,2024-03-05,250
1709599321500,413430.5456,414657.9568,8.505596100860657e-05,10086,10.464225136181717,8.575789887448304,1,BTCUSDT,2024-03-05,250
1709599324500,339353.1161999999,343308.14779999986,0.00010706159204865173,10098,8.589271998342722,8.450602611771137,1,BTCUSDT,2024-03-05,250
1709599333750,-449424.90329999995,449424.90329999995,-0.0001275739325663494,10135,-11.375268276592228,8.62916948138818,-1,BTCUSDT,2024-03-05,250
1709599336750,-472638.4164999999,539619.1635,-8.063836264504687e-05,10147,-11.962819029461722,8.750424918565862,-1,BTCUSDT,2024-03-05,250
1709599348750,-540390.8145999999,540663.5762,-0.0002023950082801207,10195,-13.677681065612664,8.751706849495513,-1,BTCUSDT,2024-03-05,250
1709599355500,346690.36819999985,346690.36819999985,0.00018193475928285352,10222,8.774983135620865,8.457102210652854,1,BTCUSDT,2024-03-05,250
1709599388750,271120.7744000003,274805.1132000002,0.0002096071924917453,10355,6.862262241170831,8.303046053622937,1,BTCUSDT,2024-03-05,250
1709599393500,623327.49,623327.49,0.0,10374,15.77686810601993,8.846032080739427,1,BTCUSDT,2024-03-05,250
1709599395250,-378925.59519999987,452512.69999999984,-0.00017873703288273646,10381,-9.590879968193759,8.633708934414377,-1,BTCUSDT,2024-03-05,250
1709599402000,301866.5763,398390.3605,1.4649095565033576e-05,10408,7.640460650790327,8.549256389134214,1,BTCUSDT,2024-03-05,250
1709599405000,347805.94119999994,382620.50220000005,3.222706605043868e-05,10420,8.803219092426875,8.522479555323047,1,BTCUSDT,2024-03-05,250
1709599407750,2730667.1187999975,2803030.8773999987,0.00013036787929721072,10431,69.11515321545183,9.84274550101886,1,BTCUSDT,2024-03-05,250
1709599408750,2227150.4824000006,2242038.780200001,0.00021526019109430194,10435,56.370784181335345,9.6946916835661,1,BTCUSDT,2024-03-05,250
1709599419500,469955.3447999999,678158.9734000004,0.00014064532787827488,10478,11.894908550605905,8.901927652698564,1,BTCUSDT,2024-03-05,250
1709599424000,-1041577.2778000003,1389124.1389999995,-3.51526798088031e-05,10496,-26.3630717363001,9.377315137674994,-1,BTCUSDT,2024-03-05,250
1709599429250,-618836.0188000001,619109.1620000001,-0.00013180768399223552,10517,-15.663185732209678,8.841530162032512,-1,BTCUSDT,2024-03-05,250
1709599430500,385898.21719999996,391906.5316,0.0,10522,9.7673620573234,8.538377601349765,1,BTCUSDT,2024-03-05,250
1709599432500,403514.70530000003,404197.50730000006,0.00013913084252870078,10530,10.21324807022004,8.558850556689036,1,BTCUSDT,2024-03-05,250
1709599445500,1006818.4725000005,1009549.8685000004,1.3179967327303643e-05,10582,25.483301317798386,9.165712655447098,1,BTCUSDT,2024-03-05,250
1709599454500,-604011.8288999998,604011.8288999998,-8.057102889935663e-05,10618,-15.287974799621262,8.825162646842829,-1,BTCUSDT,2024-03-05,250
1709599478500,-681942.0069999995,683170.7517999995,-8.789856511270955e-05,10714,-17.260443784363677,8.906809233072643,-1,BTCUSDT,2024-03-05,250
1709599498000,541134.2959999999,824852.0806,8.931597876227215e-05,10792,13.696499115795367,9.031753822755748,1,BTCUSDT,2024-03-05,250
1709599508000,399342.0042000002,400024.86820000014,1.317987082316563e-05,10832,10.107633997430563,8.551970879255505,1,BTCUSDT,2024-03-05,250
1709599511000,-530002.6697000002,530139.2151000001,-3.3687861460407476e-05,10844,-13.414749629757782,8.738674281262968,-1,BTCUSDT,2024-03-05,250
1709599520750,-1554386.2963999999,1560523.3314,-0.0003665716065359703,10883,-39.342637662439046,9.454451379725597,-1,BTCUSDT,2024-03-05,250
1709599521750,-313101.5441,313101.5441,9.237976889764354e-05,10887,-7.924825784688049,8.389541737483944,-1,BTCUSDT,2024-03-05,250
1709599537000,278786.49,281243.3388,0.0,10948,7.056287028942433,8.318399362558665,1,BTCUSDT,2024-03-05,250
1709599547000,-1688979.5467999994,1960097.2450000003,-0.00015811619230632346,10988,-42.7492898534427,9.605592792524225,-1,BTCUSDT,2024-03-05,250
1709599556500,-346500.0298999999,346500.0298999999,-0.00015675783802926446,11026,-8.770165536039908,8.456738125479577,-1,BTCUSDT,2024-03-05,250
1709599558500,255671.97230000005,257718.94330000007,0.0001538769295361675,11034,6.471241923540195,8.260487825204319,1,BTCUSDT,2024-03-05,250
1709599574750,428009.50759999995,428555.6724,0.00019189232994953898,11099,10.83322917384525,8.597646089162296,1,BTCUSDT,2024-03-05,250
1709599601250,-278153.4025,322262.5933,-0.0001347474000930049,11205,-7.040263127947677,8.408661471088065,-1,BTCUSDT,2024-03-05,250
1709599605750,540762.2745000002,826971.0536999999,7.906376789890146e-05,11223,13.687082983453605,9.033454775308579,1,BTCUSDT,2024-03-05,250
1709599634000,-462288.21330000006,462288.21330000006,-8.348938774105363e-05,11336,-11.70084792538463,8.647878585329739,-1,BTCUSDT,2024-03-05,250
1709599658500,-347223.18789999996,349816.95769999997,-5.127900836399135e-05,11434,-8.788469186318213,8.463054409538143,-1,BTCUSDT,2024-03-05,250
1709599694750,-463399.2146,523543.793,-0.00018771906723635823,11579,-11.728968169168065,8.730374473109102,-1,BTCUSDT,2024-03-05,250
1709599700250,-672353.9051999998,720885.4627999999,5.8683551884541885e-06,11601,-17.017762016091773,8.942434714448398,-1,BTCUSDT,2024-03-05,250
1709599727500,-681207.4303000002,681207.4303000002,-4.8440615850964264e-05,11710,-17.241851118557065,8.904901195565957,-1,BTCUSDT,2024-03-05,250
1709599733250,-240325.00590000002,245636.55630000003,-4.699082504977525e-05,11733,-6.082799140886216,8.22865389816383,-1,BTCUSDT,2024-03-05,250
1709599745500,-358810.19180000044,359082.4774000004,-0.00011457900308364799,11782,-9.08174460767697,8.480386033120936,-1,BTCUSDT,2024-03-05,250
1709599759000,348080.327,348080.327,1.4692410719163718e-06,11836,8.810163994819622,8.459754924182578,1,BTCUSDT,2024-03-05,250
1709599771000,-1078804.2741,1078940.3621000003,-2.939283225700251e-06,11884,-27.30531384824095,9.209784130320777,-1,BTCUSDT,2024-03-05,250
1709599792500,-996155.6040999996,1003912.5308999997,-6.172948378591059e-05,11970,-25.213416432120297,9.162000195204614,-1,BTCUSDT,2024-03-05,250
1709599801500,582053.6089000002,582053.6089000002,3.3804216270638676e-05,12006,14.732196422538994,8.800611716050089,1,BTCUSDT,2024-03-05,250
1709599810250,981754.6116000002,981754.6116000002,0.00013073364360849382,12041,24.848916930793514,9.147203296371972,1,BTCUSDT,2024-03-05,250
1709599814750,513995.1853999997,513995.1853999997,0.00030660694184092563,12059,13.00958866291146,8.71817116329062,1,BTCUSDT,2024-03-05,250
1709599828500,340714.9365,340851.2407,0.0,12114,8.623740651822455,8.445840905200782,1,BTCUSDT,2024-03-05,250
1709599846500,-251182.68759999995,251182.68759999995,-0.00017603490230833074,12186,-6.357614891621107,8.243456519106163,-1,BTCUSDT,2024-03-05,250
1709599851750,-344064.09389999986,344064.09389999986,-0.00013055644200932193,12207,-8.708510239902228,8.452060849532174,-1,BTCUSDT,2024-03-05,250
1709599856500,340933.94440000004,340933.94440000004,0.00014959982076057088,12226,8.629283899646287,8.44600174987871,1,BTCUSDT,2024-03-05,250
1709599868500,-458509.05539999995,574345.1199999999,-4.983817253112477e-05,12274,-11.60519471467813,8.791772822265242,-1,BTCUSDT,2024-03-05,250
1709599870500,341069.5335999999,341069.5335999999,4.3979048388820274e-05,12282,8.632715760039607,8.446265363488893,1,BTCUSDT,2024-03-05,250
1709599874000,-392433.48890000005,392433.48890000005,-0.00010846956779708705,12296,-9.932774495090111,8.539268443168144,-1,BTCUSDT,2024-03-05,250
1709599895000,937310.3868000001,937310.3868000001,0.0001524283003675464,12380,23.72400156288009,9.116489503626976,1,BTCUSDT,2024-03-05,250
1709599926750,-1046483.5019000004,1047574.1611000005,-0.00013935554683186524,12507,-26.48725180498964,9.190224743040282,-1,BTCUSDT,2024-03-05,250
1709599950500,-2224474.5899999975,2224474.5899999975,-0.0003713578897883707,12602,-56.30305541573775,9.689477430262572,-1,BTCUSDT,2024-03-05,250
1709599964000,341007.8122,341007.8122,0.0,12656,8.631153546912897,8.446145377244878,1,BTCUSDT,2024-03-05,250
1709600021000,710423.7770999995,712467.6740999996,0.0002055109228944474,12884,17.981337917066988,8.934647541977503,1,BTCUSDT,2024-03-05,250
1709600103000,-301619.3886,301619.3886,1.614900540580777e-05,13212,-7.6342041519147035,8.36477178854273,-1,BTCUSDT,2024-03-05,250
1709600114000,564778.3767,578405.0567000001,0.00036101560243650965,13256,14.294947842470318,8.796442809515671,1,BTCUSDT,2024-03-05,250
1709600120000,625016.3681000002,626107.2577000002,0.00011292847752919499,13280,15.81961482818174,8.848982104633278,1,BTCUSDT,2024-03-05,250
1709600122000,-388858.67159999994,388858.67159999994,-0.00022439495953463506,13288,-9.842293292271318,8.533201458587937,-1,BTCUSDT,2024-03-05,250
1709600159500,533476.2431999999,533476.2431999999,0.00012183441543633933,13438,13.502668279015593,8.742834406637376,1,BTCUSDT,2024-03-05,250
1709600206750,-242798.5626,242798.5626,-5.1343550712346087e-05,13627,-6.145406644060289,8.220949508474824,-1,BTCUSDT,2024-03-05,250
1709600222000,-504939.67610000004,504939.67610000004,-0.00030063786782363877,13688,-12.78038719474112,8.706386759116636,-1,BTCUSDT,2024-03-05,250
1709600256750,579597.5106,582325.8465999999,0.00023606917082830137,13827,14.670030804054043,8.800921731674727,1,BTCUSDT,2024-03-05,250
1709600313250,324739.47520000016,325421.1582000001,4.4009693874969e-05,14053,8.219390210190364,8.41512782532807,1,BTCUSDT,2024-03-05,250
1709600320250,616761.8805999999,618125.0955999999,0.0001995328590282952,14081,15.610687799196873,8.840475526391172,1,BTCUSDT,2024-03-05,250
1709600332250,-428148.09239999996,428148.09239999996,0.0,14129,-10.836736855033994,8.597015259950156,-1,BTCUSDT,2024-03-05,250
1709600357250,902024.8395000001,926728.5023000006,0.00014361604714174803,14229,22.83089892464922,9.10896214105325,1,BTCUSDT,2024-03-05,250
1709600370500,-860537.6258000003,861492.4272000003,-0.0002683565815146949,14282,-21.78082763927857,9.060568363333621,-1,BTCUSDT,2024-03-05,250
1709600378250,-298074.51130000013,416824.7351000003,-0.00012761322941123865,14313,-7.544480752078573,8.57924523542565,-1,BTCUSDT,2024-03-05,250
1709596802750,-111794.19610000003,112447.50610000003,-5.510264246133545e-05,11,-11.22657762962361,11.447599478500049,-1,ETHUSDT,2024-03-05,250
1709596804500,106875.59689999999,106875.59689999999,0.00022862526078171186,18,10.732642902471841,11.397577082162028,1,ETHUSDT,2024-03-05,250
1709596816750,-60098.392600000014,60243.55820000001,2.75547754569061e-06,67,-6.035190497152268,10.833317457375479,-1,ETHUSDT,2024-03-05,250
1709596841750,-121427.67950000001,121427.67950000001,-0.00015978489681067742,167,-12.193989651058507,11.523224546329493,-1,ETHUSDT,2024-03-05,250
1709596854250,108065.09999999999,108065.09999999999,5.7852913117883986e-05,217,10.852094979222612,11.408471465799542,1,ETHUSDT,2024-03-05,250
1709596858250,181094.33109999998,184216.8105,0.00018454987099403297,233,18.185823927391798,11.93347062002477,1,ETHUSDT,2024-03-05,250
1709596864750,74344.9522,74344.9522,7.155182143669947e-05,259,7.4658560673165075,11.040331444384936,1,ETHUSDT,2024-03-05,250
1709596867750,-96896.17379999996,98204.06639999997,-0.00041559614561670344,271,-9.73049098368355,11.314288917148923,-1,ETHUSDT,2024-03-05,250
1709596886500,-72267.10119999999,72267.10119999999,-0.00024531929531690366,346,-7.257194469773242,11.012430222277885,-1,ETHUSDT,2024-03-05,250
1709596907250,-315342.2072000001,414664.98520000005,-0.00016550765372613796,429,-31.667241167519375,12.732082960155505,-1,ETHUSDT,2024-03-05,250
1709596908500,85154.9646,85154.9646,0.00010206094150433387,434,8.55141728265221,11.17395465457369,1,ETHUSDT,2024-03-05,250
1709596924500,82247.48189999998,82247.48189999998,0.00012133780459677723,498,8.259442552504856,11.139760712614793,1,ETHUSDT,2024-03-05,250
1709596926750,-291062.1872,291062.1872,-2.756411758397803e-06,507,-29.228997154073536,12.383708460198813,-1,ETHUSDT,2024-03-05,250
1709596954250,-60989.487499999996,60989.487499999996,-0.00010755253193117653,617,-6.124675876708672,10.845429860396033,-1,ETHUSDT,2024-03-05,250
1709596955500,92096.33600000001,92096.33600000001,0.0,622,9.248482493519173,11.251085563906486,1,ETHUSDT,2024-03-05,250
1709596962250,72528.94689999998,72528.94689999998,2.7575519006006743e-06,649,7.283489493849478,11.01599012850901,1,ETHUSDT,2024-03-05,250
1709596967750,-78850.71000000002,78850.71000000002,-2.758373387479196e-06,671,-7.918332506046249,11.098247146357044,-1,ETHUSDT,2024-03-05,250
1709596982500,73523.2297,93610.93729999999,0.0001627296663908595,730,7.383337191041334,11.267141281130913,1,ETHUSDT,2024-03-05,250
1709596995500,-72206.3551,72206.3551,-0.00023449796163355074,782,-7.251094235314409,11.011602509426973,-1,ETHUSDT,2024-03-05,250
1709596996750,181229.38580000005,181229.38580000005,0.0,787,18.199386367363548,11.917377651368477,1,ETHUSDT,2024-03-05,250
1709596998750,-83678.85040000001,84041.2544,-8.278088589719346e-06,795,-8.403183195064459,11.160996652991496,-1,ETHUSDT,2024-03-05,250
1709597010000,959492.7333999999,959492.7333999999,0.0006758033697060739,840,96.3540150773073,13.557840105782642,1,ETHUSDT,2024-03-05,250
1709597018500,194982.92859999996,194982.92859999996,0.0002702583465623576,874,19.580542288807216,11.989376939024275,1,ETHUSDT,2024-03-05,250
1709597025000,69727.4298,91267.41420000001,-7.170158904834523e-05,900,7.002156023051635,11.242186309000923,1,ETHUSDT,2024-03-05,250
1709597042250,75729.49710000001,75801.9997,0.00018480388085606592,969,7.604894598329743,11.05943527172424,1,ETHUSDT,2024-03-05,250
1709597078500,-251456.74550000008,263425.36970000004,-0.00015163315832644741,1114,-25.25174626528092,12.285508791911901,-1,ETHUSDT,2024-03-05,250
1709597081250,118280.63780000001,118280.63780000001,0.0002727975404521743,1125,11.877957968008436,11.49737838382731,1,ETHUSDT,2024-03-05,250
1709597106500,-84868.9324,84868.9324,0.0,1226,-8.522693406011962,11.170642919344902,-1,ETHUSDT,2024-03-05,250
1709597111250,100016.8588,100016.8588,0.0001569592859098634,1245,10.043875878716598,11.332292612080776,1,ETHUSDT,2024-03-05,250
1709597117250,-73861.61709999999,73861.61709999999,-9.08301463127259e-05,1269,-7.417318672616534,11.033911490535495,-1,ETHUSDT,2024-03-05,250
1709597130500,-63200.202999999994,63200.202999999994,-0.0001073766374233287,1322,-6.346679970334084,10.880476109361682,-1,ETHUSDT,2024-03-05,250
1709597141750,-72631.9704,72631.9704,-0.00012391317832616267,1367,-7.293835302136263,11.017387255979482,-1,ETHUSDT,2024-03-05,250
1709597153750,-107807.16470000001,107807.16470000001,-6.609712975702564e-05,1415,-10.826192644665996,11.406119313362392,-1,ETHUSDT,2024-03-05,250
1709597156500,290437.3144,290437.3144,0.00012945964389210474,1426,29.166246284685243,12.38159304171946,1,ETHUSDT,2024-03-05,250
1709597160500,127661.49559999998,162811.40520000004,0.00017627794670715957,1442,12.820000864671476,11.811890323480421,1,ETHUSDT,2024-03-05,250
1709597174750,123576.8613,123576.8613,0.0001543835275850114,1499,12.409814417992665,11.540493338450695,1,ETHUSDT,2024-03-05,250
1709597183500,292863.1465000001,292863.1465000001,0.00041062612793041353,1534,29.409852780703368,12.389780041527027,1,ETHUSDT,2024-03-05,250
1709597185500,-71632.72450000001,71632.72450000001,0.0,1542,-7.193489201365535,11.003751833951094,-1,ETHUSDT,2024-03-05,250
1709597198250,145471.0897,145471.0897,0.00013762465374611565,1593,14.608472875659324,11.70104450953923,1,ETHUSDT,2024-03-05,250
1709597200500,71170.2741,71170.2741,0.0,1602,7.147049086435001,10.997376857061374,1,ETHUSDT,2024-03-05,250
1709597209750,113747.4065,113747.4065,9.358450687813047e-05,1639,11.422722590163184,11.458912628149221,1,ETHUSDT,2024-03-05,250
1709597224000,-71253.3115,71253.3115,-0.000137615562886495,1696,-7.155387854007768,10.998524590736686,-1,ETHUSDT,2024-03-05,250
1709597238750,-83130.7712,83130.7712,-0.00014043377538008883,1755,-8.34814407943382,11.150274974579155,-1,ETHUSDT,2024-03-05,250
1709597266000,-522708.41289999994,522708.41289999994,-0.00030840316247449095,1864,-52.49133479013585,12.959998820709616,-1,ETHUSDT,2024-03-05,250
1709597283500,-64098.053499999995,64460.99669999999,-0.000165302007141932,1934,-6.4368437595976165,10.899918415238867,-1,ETHUSDT,2024-03-05,250
1709597287250,102458.93470000001,103765.19290000002,0.0001074870224240243,1949,10.28911360683854,11.36850627314449,1,ETHUSDT,2024-03-05,250
1709597343500,253379.0479,253379.0479,5.782837915546679e-05,2174,25.44478738793372,12.247236079069756,1,ETHUSDT,2024-03-05,250
1709597375250,-272516.0078,272516.0078,-0.00023674959436448262,2301,-27.366555900139552,12.318903100918545,-1,ETHUSDT,2024-03-05,250
1709597392000,-118009.72339999997,118736.16139999997,0.0,2368,-11.850752248492705,11.50116179872572,-1,ETHUSDT,2024-03-05,250
1709597395250,-104063.36710000005,104063.36710000005,-2.7531334101382754e-06,2381,-10.450233642747845,11.371330608738761,-1,ETHUSDT,2024-03-05,250
1709597397000,540270.4766,541868.6282,0.00020371196300139616,2388,54.25494934565432,12.995433190993085,1,ETHUSDT,2024-03-05,250
1709597400000,-97072.1545,97072.1545,-2.752595353427978e-06,2400,-9.748163287423708,11.302878040086853,-1,ETHUSDT,2024-03-05,250
1709597402000,199986.15039999998,199986.15039999998,0.0,2408,20.082974972214878,12.014315020354532,1,ETHUSDT,2024-03-05,250
1709597408500,125309.34890000001,125309.34890000001,0.00015692385233379014,2434,12.583793991282521,11.554196733290674,1,ETHUSDT,2024-03-05,250
1709597415500,-81091.11350000002,81091.11350000002,-6.333532061475466e-05,2462,-8.14331792292721,11.125823860779057,-1,ETHUSDT,2024-03-05,250
1709597433750,-116306.4385,116306.4385,-6.0639136517437464e-05,2535,-11.67970526374485,11.480811195555901,-1,ETHUSDT,2024-03-05,250
1709597443500,61596.8358,61596.8358,4.410349989569795e-05,2574,6.185666903756899,10.855183071289671,1,ETHUSDT,2024-03-05,250
1709597445000,309867.07939999964,309867.07939999964,0.0004602142144118915,2580,31.117418820536056,12.44533151368234,1,ETHUSDT,2024-03-05,250
1709597461250,298686.7019,298686.7019,0.00023698119141712937,2645,29.99466486450807,12.409160532389892,1,ETHUSDT,2024-03-05,250
1709597462250,-1803771.4900000007,1889430.9266000008,-0.0010336032187368005,2649,-181.1380318927563,14.224823814913762,-1,ETHUSDT,2024-03-05,250
1709597472750,145760.1808,145760.1808,0.00017625949850241796,2691,14.637503932631907,11.702998620512203,1,ETHUSDT,2024-03-05,250
1709597475250,145527.08210000006,145527.08210000006,9.635065037372215e-05,2701,14.614095734870254,11.701423293158573,1,ETHUSDT,2024-03-05,250
1709597532750,143681.2175,143681.2175,8.270420703837544e-06,2931,14.428730635888387,11.688858731865874,1,ETHUSDT,2024-03-05,250
1709597551250,87526.812,87526.812,0.0,3005,8.789602536365225,11.20099535054559,1,ETHUSDT,2024-03-05,250
1709597557000,-105147.32999999999,105147.32999999999,0.0,3028,-10.559087179595105,11.381530266800898,-1,ETHUSDT,2024-03-05,250
1709597565500,-185166.9964,185166.9964,-1.654606424317251e-05,3062,-18.594808425200842,11.938534514903763,-1,ETHUSDT,2024-03-05,250
1709597583250,-138722.71950000004,139085.38750000004,-1.378661898421285e-05,3133,-13.930789198270832,11.656860472211877,-1,ETHUSDT,2024-03-05,250
1709597600250,-104204.77820000002,104204.77820000002,-5.2381497212650174e-05,3201,-10.464434404032627,11.372667240860283,-1,ETHUSDT,2024-03-05,250
1709597633500,-220235.4319,220235.4319,-0.00015985888353320377,3334,-22.11644485378641,12.109248854937842,-1,ETHUSDT,2024-03-05,250
1709597654500,-155659.0302,158053.22340000002,2.756670108183812e-06,3418,-15.631564493107222,11.78269564718495,-1,ETHUSDT,2024-03-05,250
1709597673000,-70810.43400000001,70810.43400000001,-3.308045166150464e-05,3492,-7.110913285491563,10.992387663195744,-1,ETHUSDT,2024-03-05,250
1709597675500,237696.4249000001,237696.4249000001,0.0004133871346656548,3502,23.869909704765515,12.184347506001297,1,ETHUSDT,2024-03-05,250
1709597680750,60729.2308,60729.2308,0.0,3523,6.098540422918512,10.841220719917064,1,ETHUSDT,2024-03-05,250
1709597682750,116412.89000000001,116412.89000000001,0.0,3531,11.690395318061006,11.481711669135205,1,ETHUSDT,2024-03-05,250
1709597684000,377859.4741,378295.2145,0.00032226211757091505,3536,37.945339445688816,12.641728782267313,1,ETHUSDT,2024-03-05,250
1709597699750,-78195.97920000006,78195.97920000006,-8.539439129329196e-05,3599,-7.852583241691503,11.09004011073972,-1,ETHUSDT,2024-03-05,250
1709597723250,-67787.64059999998,67787.64059999998,-0.0001349503508691896,3693,-6.807358843961712,10.94944695331837,-1,ETHUSDT,2024-03-05,250
1709597750000,606660.8832,606660.8832,0.0,3800,60.92199539597406,13.106605562146587,1,ETHUSDT,2024-03-05,250
1709597768250,108954.36959999999,108954.36959999999,2.2028311889243923e-05,3873,10.941397058814777,11.416538028672273,1,ETHUSDT,2024-03-05,250
1709597769750,387988.3989,387988.3989,2.7534707498944044e-05,3879,38.96250459861056,12.666631934007874,1,ETHUSDT,2024-03-05,250
1709597776000,-134293.85539999997,134293.85539999997,-0.0002202988914099535,3904,-13.486034565523811,11.62235360668154,-1,ETHUSDT,2024-03-05,250
1709597800000,-61122.8912,61122.8912,-0.00010745000485634648,4000,-6.138072520240947,10.847580445286031,-1,ETHUSDT,2024-03-05,250
1709597851500,67438.4037,67438.4037,5.507259945858323e-06,4206,6.772287835754167,10.944362905000515,1,ETHUSDT,2024-03-05,250
1709597859000,1183874.6761999996,1183874.6761999996,0.0003055851911319962,4236,118.88686013910886,13.764682866224984,1,ETHUSDT,2024-03-05,250
1709597864500,501126.0638000001,503088.0296000001,0.0003192294488751912,4258,50.323995822162495,12.922341122757546,1,ETHUSDT,2024-03-05,250
1709597873750,-88942.32280000001,88942.32280000001,-5.229542512630303e-05,4295,-8.931750719689123,11.21678615188087,-1,ETHUSDT,2024-03-05,250
1709597875000,-64951.782,64951.782,-5.505471063393941e-05,4300,-6.522576736927664,10.907384021832998,-1,ETHUSDT,2024-03-05,250
1709597883000,-62780.23260000001,62780.23260000001,-0.00014580608092273906,4332,-6.3045057746940305,10.873913664962258,-1,ETHUSDT,2024-03-05,250
1709597887250,-1208209.2878999992,1208209.2878999992,-0.00046234630561414747,4349,-121.33058635090987,13.784709961629051,-1,ETHUSDT,2024-03-05,250
1709597889000,-78694.2456,78694.2456,2.7524286743130233e-06,4356,-7.902620064844905,11.096292082203483,-1,ETHUSDT,2024-03-05,250
1709597893750,191703.82760000002,191703.82760000002,2.4766200191095322e-05,4375,19.251248969331613,11.972682992953875,1,ETHUSDT,2024-03-05,250
1709597924250,-253437.4775,253437.4775,-0.00010183061174551256,4497,-25.45065499522597,12.247463031992806,-1,ETHUSDT,2024-03-05,250
1709597928250,181678.32449999996,181678.32449999996,0.00013210512284267395,4513,18.2444696126689,11.919812904014824,1,ETHUSDT,2024-03-05,250
1709597953500,76727.2652,76727.2652,0.00012655198139555068,4614,7.705092295721762,11.07137702710927,1,ETHUSDT,2024-03-05,250
1709597957750,90856.26170000002,97619.20310000003,7.701087782407967e-05,4631,9.123951964376158,11.30840939168975,1,ETHUSDT,2024-03-05,250
1709597962250,-72241.15209999998,72241.15209999998,-9.902270103445687e-05,4649,-7.254588613693661,11.012076730767085,-1,ETHUSDT,2024-03-05,250
1709597970250,84763.8932,84763.8932,0.00012380953707058495,4681,8.512145177444724,11.169423952787662,1,ETHUSDT,2024-03-05,250
1709598039500,-64424.5404,64424.5404,-2.7551359167432565e-06,4958,-6.469630171198327,10.899361592422531,-1,ETHUSDT,2024-03-05,250
1709598053750,111107.54959999998,111107.54959999998,0.0002781522447055096,5015,11.157623332305132,11.435799998570912,1,ETHUSDT,2024-03-05,250
1709598055000,118510.3823,118510.3823,9.636285302150327e-05,5020,11.90102933087169,11.499288376536427,1,ETHUSDT,2024-03-05,250
1709598069250,-817965.4318,871258.1164000003,-0.0005370029581577285,5077,-82.14158461533313,13.462888735534927,-1,ETHUSDT,2024-03-05,250
1709598087750,82765.4406,82765.4406,3.853235755180151e-05,5151,8.31145691243896,11.145939861864411,1,ETHUSDT,2024-03-05,250
1709598123750,256348.637,256348.637,0.0003662786815823438,5295,25.742998956353716,12.25870484513228,1,ETHUSDT,2024-03-05,250
1709598135000,78420.4252,78420.4252,0.0,5340,7.875122519494475,11.092861251258736,1,ETHUSDT,2024-03-05,250
1709598142500,106482.40999999999,106482.40999999999,8.804851478849685e-05,5370,10.693158354885375,11.393949294485607,1,ETHUSDT,2024-03-05,250
1709598147250,-66533.2488,66533.2488,-2.750498184767025e-06,5389,-6.681390525283824,10.931062481679248,-1,ETHUSDT,2024-03-05,250
1709598163500,156238.92990000005,156238.92990000005,0.00023926504493232414,5454,15.68979908154348,11.771331642264482,1,ETHUSDT,2024-03-05,250
1709598168250,-75137.68789999999,75137.68789999999,-6.324284567327254e-05,5473,-7.545464036122537,11.05077122240038,-1,ETHUSDT,2024-03-05,250
1709598187000,-71269.9661,71269.9661,-0.00021186178436494174,5548,-7.157060339398898,10.998754627717753,-1,ETHUSDT,2024-03-05,250
1709598200500,121361.29840000003,121361.29840000003,7.439543380804992e-05,5602,12.187323539593981,11.52268631712656,1,ETHUSDT,2024-03-05,250
1709598210250,-68804.692,76352.90800000001,0.0,5641,-6.909493005606419,11.066562897443566,-1,ETHUSDT,2024-03-05,250
1709598214000,-181428.29670000006,181428.29670000006,-1.9291532257881272e-05,5656,-18.2193613637241,11.918457380192894,-1,ETHUSDT,2024-03-05,250
1709598217250,-62331.7027,62331.7027,-0.0001488411068795159,5669,-6.259463581832309,10.86685629439501,-1,ETHUSDT,2024-03-05,250
1709598229750,133527.37239999996,133527.37239999996,1.3787493365668979e-05,5719,13.409062940864606,11.616719684820437,1,ETHUSDT,2024-03-05,250
1709598231750,235795.09060000003,235795.09060000003,0.00011578732637929079,5727,23.678974237062672,12.176442501383281,1,ETHUSDT,2024-03-05,250
1709598233000,69170.0076,69170.0076,0.0001516222898700903,5732,6.946178666273847,10.969317088456265,1,ETHUSDT,2024-03-05,250
1709598244000,95118.66080000001,167672.66079999998,8.269679775096961e-05,5776,9.551989877380013,11.840849217713693,1,ETHUSDT,2024-03-05,250
1709598245000,-137155.5922,137155.5922,-0.00019020866499097622,5780,-13.773415408729777,11.643107948389083,-1,ETHUSDT,2024-03-05,250
1709598253000,-206285.1455000001,206720.2511000001,-0.0001434031782796552,5812,-20.715531580211902,12.046913061341053,-1,ETHUSDT,2024-03-05,250
1709598257250,-182676.08919999993,225324.30099999992,-0.0002012713185521875,5829,-18.3446669686267,12.131733582343259,-1,ETHUSDT,2024-03-05,250
1709598261500,-358323.2332000001,358323.2332000001,-0.00030061046212992437,5846,-35.9834744052292,12.588341332030463,-1,ETHUSDT,2024-03-05,250
1709598266250,181100.0678,181462.61079999997,0.0,5865,18.186400017297487,11.918643524380599,1,ETHUSDT,2024-03-05,250
1709598281500,68786.3133,68786.3133,0.0001489117039081833,5926,6.907647382940131,10.963841965030582,1,ETHUSDT,2024-03-05,250
1709598293500,-90689.4986,90689.4986,-7.718091209518718e-05,5974,-9.107205308885813,11.235933892633481,-1,ETHUSDT,2024-03-05,250
1709598306250,146426.15869999997,146426.15869999997,0.0002453044198791332,6025,14.704382651338157,11.707485589169247,1,ETHUSDT,2024-03-05,250
1709598318500,114624.6318,114624.6318,2.7559293823031794e-05,6074,11.510815159121869,11.466474370915945,1,ETHUSDT,2024-03-05,250
1709598321750,114416.0685,114416.0685,0.00012400024815839572,6087,11.489870851100314,11.46468179770762,1,ETHUSDT,2024-03-05,250
1709598331500,125076.2146,139596.3746,0.0004297307637664005,6126,12.560382218503754,11.66047003087887,1,ETHUSDT,2024-03-05,250
1709598354250,96475.7055,103512.12429999998,9.098792210515683e-05,6217,9.688266788014904,11.366102807849824,1,ETHUSDT,2024-03-05,250
1709598356000,-123167.08959999999,123167.08959999999,0.0,6224,-12.368664394458726,11.537224091912138,-1,ETHUSDT,2024-03-05,250
1709598368500,136848.30029999997,136848.30029999997,0.00016269780573097137,6274,13.742556594134259,11.640900214425603,1,ETHUSDT,2024-03-05,250
1709598379000,-112805.83399999999,112805.83399999999,-8.000165525068326e-05,6316,-11.328168157697716,11.450731042138047,-1,ETHUSDT,2024-03-05,250
1709598382250,-102282.2612,102282.2612,-2.759027884380316e-06,6329,-10.271371730855343,11.35433814338574,-1,ETHUSDT,2024-03-05,250
1709598384000,-501441.7075000002,501441.7075000002,-0.00012692351219811826,6336,-50.35569333978839,12.919114806912289,-1,ETHUSDT,2024-03-05,250
1709598385000,-69181.2704,69616.094,-0.00012969935982631853,6340,-6.947309697248065,10.975644463680228,-1,ETHUSDT,2024-03-05,250
1709598399750,141048.05780000004,141048.05780000004,5.524358277497754e-06,6399,14.16430392310266,11.670652932428439,1,ETHUSDT,2024-03-05,250
1709598401500,-214639.5423,216595.29270000002,-6.626392925568325e-05,6406,-21.554495385989274,12.09284415748224,-1,ETHUSDT,2024-03-05,250
1709598420250,-285345.2314999999,290196.03149999987,-0.00022928715277359402,6481,-28.654890007100004,12.380774994362627,-1,ETHUSDT,2024-03-05,250
1709598424000,-62043.188500000026,62043.188500000026,-0.0001187919140015481,6496,-6.230490458212803,10.862289792722985,-1,ETHUSDT,2024-03-05,250
1709598432750,-180672.4253,181396.2893,-0.00019066066741935117,6531,-18.143455375344146,11.91828371745543,-1,ETHUSDT,2024-03-05,250
1709598434500,-321557.02339999995,360329.78859999997,-0.0003594625796701223,6538,-32.29134437642595,12.593837843837967,-1,ETHUSDT,2024-03-05,250
1709598438250,-72410.24279999999,72410.24279999999,-8.570721590928088e-05,6553,-7.271569011032889,11.014377889810056,-1,ETHUSDT,2024-03-05,250
1709598441750,-289187.10089999996,289187.10089999996,-2.7662172943365704e-06,6567,-29.040697558534927,12.37734692395685,-1,ETHUSDT,2024-03-05,250
1709598442750,402112.0284999999,402112.0284999999,0.0007741650464065941,6571,40.38082531335157,12.701825602142838,1,ETHUSDT,2024-03-05,250
1709598443750,194370.29809999999,196396.90449999998,0.0001271171220178502,6575,19.519020813574524,11.996489050911878,1,ETHUSDT,2024-03-05,250
1709598452250,-100591.74940000002,100591.74940000002,-6.0801698044343766e-05,6609,-10.101607444169852,11.337934024474539,-1,ETHUSDT,2024-03-05,250
1709598455000,121789.6177999999,121789.6177999999,0.0002044775054237391,6620,12.230336157083276,11.52615403740885,1,ETHUSDT,2024-03-05,250
1709598456500,86754.14219999999,86754.14219999999,0.00011328611248728748,6626,8.712009621935152,11.192267702647532,1,ETHUSDT,2024-03-05,250
1709598463500,-66514.5473,66514.5473,-0.00017409783513322452,6654,-6.679512486451177,10.930785776315583,-1,ETHUSDT,2024-03-05,250
1709598465500,62742.344700000016,62742.344700000016,8.291415625727439e-05,6662,6.300701002483916,10.87331947251593,1,ETHUSDT,2024-03-05,250
1709598467750,144890.94819999998,144890.94819999998,-3.316932942887263e-05,6671,14.550214005224845,11.697111300481117,1,ETHUSDT,2024-03-05,250
1709598469750,112780.578,112780.578,0.00035098725889604054,6679,11.325631903987727,11.45051064643142,1,ETHUSDT,2024-03-05,250
1709598486250,-193887.4603,201121.42030000003,-6.08254007055109e-05,6745,-19.47053335865005,12.01988678296747,-1,ETHUSDT,2024-03-05,250
1709598489250,-190933.37099999998,191439.62079999998,-5.254185028569225e-05,6757,-19.173878308493197,11.971325505777575,-1,ETHUSDT,2024-03-05,250
1709598503750,93604.99009999998,93604.99009999998,-7.7404944002879e-05,6815,9.399984297376232,11.26707874651924,1,ETHUSDT,2024-03-05,250
1709598512500,-59807.0229,60168.594900000004,-0.00011615269113818272,6850,-6.0059306190004165,10.832091919991248,-1,ETHUSDT,2024-03-05,250
1709598520750,-99728.94559999999,99728.94559999999,-1.6599117481419512e-05,6883,-10.014963108616241,11.329455116398005,-1,ETHUSDT,2024-03-05,250
1709598524000,-208269.40670000005,225776.1657,0.00018798811306908192,6896,-20.91479471887541,12.133705499679232,-1,ETHUSDT,2024-03-05,250
1709598528000,181542.19589999993,181542.19589999993,0.00013544011839883296,6912,18.23079932969513,11.91907511535227,1,ETHUSDT,2024-03-05,250
1709598533250,72377.4,72377.4,0.0,6933,7.268270876991616,11.013931352211083,1,ETHUSDT,2024-03-05,250
1709598534750,72377.52729999999,72377.52729999999,1.657962364198795e-05,6939,7.268283660690431,11.013933083399724,1,ETHUSDT,2024-03-05,250
1709598536500,130874.8956,131092.0848,0.00024589880973557854,6946,13.142696369568377,11.59860241266294,1,ETHUSDT,2024-03-05,250
1709598537500,114908.00459999999,114908.00459999999,0.0,6950,11.539271973950413,11.46890470232369,1,ETHUSDT,2024-03-05,250
1709598541750,72411.40000000001,72411.40000000001,0.0,6967,7.2716852191732615,11.014393619650026,1,ETHUSDT,2024-03-05,250
1709598544000,-203709.93829999998,204941.01029999997,3.314239630825e-05,6976,-20.456924563463858,12.038404607067214,-1,ETHUSDT,2024-03-05,250
1709598556750,118591.5276,118591.5276,0.0,7027,11.90917809030205,11.499962097433086,1,ETHUSDT,2024-03-05,250
1709598580250,-175252.1746,175252.1746,-0.0003784838864930862,7121,-17.599143887106056,11.884366920106842,-1,ETHUSDT,2024-03-05,250
1709598586000,88974.68580000002,88974.68580000002,5.525090820057699e-05,7144,8.935000671336905,11.217144233290549,1,ETHUSDT,2024-03-05,250
1709598601500,204977.18109999996,204977.18109999996,0.0001905474655359285,7206,20.584183403064575,12.038578312799759,1,ETHUSDT,2024-03-05,250
1709598627500,-76532.31240000004,76532.31240000004,-0.0001464758061899829,7310,-7.685514779002073,11.068872926544607,-1,ETHUSDT,2024-03-05,250
1709598628500,-114799.10869999998,114799.10869999998,-0.00012162121088898914,7314,-11.528336448515763,11.467971472343349,-1,ETHUSDT,2024-03-05,250
1709598637750,-289136.87629999995,289643.1013,-0.0002959557802810764,7351,-29.035653912348565,12.3788977674624,-1,ETHUSDT,2024-03-05,250
1709598642000,-145029.71029999995,145029.71029999995,-0.00016868979231610126,7368,-14.564148749084945,11.698053502618345,-1,ETHUSDT,2024-03-05,250
1709598645000,-117660.33859999999,171605.53820000004,-0.00025994856483357864,7380,-11.81566638789667,11.8636697985414,-1,ETHUSDT,2024-03-05,250
1709598672750,-205892.1378,205892.1378,-1.9368878916736776e-05,7491,-20.67606502821716,12.04296211328027,-1,ETHUSDT,2024-03-05,250
1709598677500,-186014.69099999996,201912.4172,-0.00024906186825468524,7510,-18.679935467257657,12.023750337270235,-1,ETHUSDT,2024-03-05,250
1709598682000,104874.61629999998,106899.25149999997,0.00039560519118353454,7528,10.531700771082688,11.397794908447954,1,ETHUSDT,2024-03-05,250
1709598687000,99067.70229999999,107094.39429999999,-3.318886956193978e-05,7548,9.948559847100963,11.399590068032746,1,ETHUSDT,2024-03-05,250
1709598688000,-94494.44039999999,94494.44039999999,5.5304993225036014e-06,7552,-9.489304523192875,11.276387428017719,-1,ETHUSDT,2024-03-05,250
1709598690750,107415.23260000002,172524.2674,9.676647906076141e-05,7563,10.786834106390401,11.86892535958607,1,ETHUSDT,2024-03-05,250
1709598696000,94559.14480000001,94559.14480000001,0.00016032374373686764,7584,9.495802257376933,11.277061179394584,1,ETHUSDT,2024-03-05,250
1709598769000,-123534.00669999997,123534.00669999997,-0.0001383003443127251,7876,-12.405510880685089,11.540151943231201,-1,ETHUSDT,2024-03-05,250
1709598779750,94375.50630000001,94375.50630000001,5.2546064242875445e-05,7919,9.477360943355645,11.27514779156734,1,ETHUSDT,2024-03-05,250
1709598817000,-238871.12589999998,264169.6859,-7.747176434769187e-05,8068,-23.98787532756313,12.288286014845553,-1,ETHUSDT,2024-03-05,250
1709598818750,-62562.030099999996,62562.030099999996,-9.407545965522957e-05,8075,-6.282593480579613,10.870486689086617,-1,ETHUSDT,2024-03-05,250
1709598827750,-192087.5701999999,211592.42419999995,-2.21481489699471e-05,8111,-19.28978510303965,12.069842561875555,-1,ETHUSDT,2024-03-05,250
1709598829250,226554.72549999997,226554.72549999997,0.0003294031051819246,8117,22.751039874276774,12.137093859963194,1,ETHUSDT,2024-03-05,250
1709598835500,66772.652,66772.652,4.1513585326669045e-05,8142,6.705431832465604,10.934597810997689,1,ETHUSDT,2024-03-05,250
1709598842500,136452.6549,136452.6549,0.00021305825840478576,8170,13.702825159481515,11.63805039434117,1,ETHUSDT,2024-03-05,250
1709598845750,-147963.8338,149265.03220000002,-0.00019365905001578199,8183,-14.85879879709091,11.726386094140707,-1,ETHUSDT,2024-03-05,250
1709598859000,180282.28160000005,180282.28160000005,2.766776001195126e-06,8236,18.10427643146731,11.912220268400363,1,ETHUSDT,2024-03-05,250
1709598867500,-143107.44000000003,143107.44000000003,0.0,8270,-14.371110849972856,11.68492019930546,-1,ETHUSDT,2024-03-05,250
1709598882500,119043.72270000001,119043.72270000001,0.00013289441281472136,8330,11.954588349250953,11.503708092526171,1,ETHUSDT,2024-03-05,250
1709598890000,-356745.77639999974,357034.6283999997,-0.0003434303742526623,8360,-35.82506330840678,12.584795231916882,-1,ETHUSDT,2024-03-05,250
1709598907250,140615.82269999993,140615.82269999993,0.00019642968364763647,8429,14.12089808385803,11.667631996763001,1,ETHUSDT,2024-03-05,250
1709598908500,98383.7875,98383.7875,0.00019911119042959058,8434,9.879879872092419,11.316088589463124,1,ETHUSDT,2024-03-05,250
1709598913500,68854.03490000001,68854.03490000001,8.57238062454968e-05,8454,6.914448109866263,10.964810533927368,1,ETHUSDT,2024-03-05,250
1709598935000,72296.84250000001,72296.84250000001,0.0,8540,7.260181145512271,11.012835216945208,1,ETHUSDT,2024-03-05,250
1709598962250,-100855.79040000003,100855.79040000003,-3.0429568692369457e-05,8649,-10.128122924287013,11.340514267925665,-1,ETHUSDT,2024-03-05,250
1709598965250,72705.9941,72705.9941,0.00014659856774557056,8661,7.301268897470125,11.01838988696802,1,ETHUSDT,2024-03-05,250
1709598967750,72251.13940000001,72323.42620000002,-5.8100206272726496e-05,8671,7.255591556625157,11.0131970728039,1,ETHUSDT,2024-03-05,250
1709598973250,-59769.63689999999,59769.63689999999,-9.685163029615751e-05,8693,-6.002176248506211,10.825543760596277,-1,ETHUSDT,2024-03-05,250
1709599010500,-180599.6888,180599.6888,-1.3843455436202134e-05,8842,-18.136151042988406,11.913951697212793,-1,ETHUSDT,2024-03-05,250
1709599022000,71608.62620000001,82513.9754,-3.8768598546568e-05,8888,7.191069206006833,11.142944774129376,1,ETHUSDT,2024-03-05,250
1709599031250,266540.1503000001,266540.1503000001,0.0005619789558064525,8925,26.766449360911817,12.297078930321408,1,ETHUSDT,2024-03-05,250
1709599051000,72270.9206,72270.9206,7.194981226987807e-05,9004,7.257578020906435,11.012482241322836,1,ETHUSDT,2024-03-05,250
1709599058750,72283.3062,72283.3062,2.7669137985242287e-06,9035,7.258821805510112,11.012650910448585,1,ETHUSDT,2024-03-05,250
1709599066000,-92987.9639,94289.02730000002,-0.00017155079190622757,9064,-9.338021397910367,11.274245449580999,-1,ETHUSDT,2024-03-05,250
1709599074000,361471.00000000006,361471.00000000006,2.7664774862046215e-06,9096,36.29957890414739,12.596950300077912,1,ETHUSDT,2024-03-05,250
1709599114500,-99126.48750000002,99126.48750000002,-5.5303769794790014e-05,9258,-9.954463164395566,11.323491060655842,-1,ETHUSDT,2024-03-05,250
1709599136250,87856.64130000002,87856.64130000002,0.0003842002532135069,9345,8.822724597886758,11.204697479327018,1,ETHUSDT,2024-03-05,250
1709599146250,-178389.1068,183454.60080000001,-0.00011607276116976095,9385,-17.914160355677147,11.92938960479545,-1,ETHUSDT,2024-03-05,250
1709599164750,82697.29649999998,82697.29649999998,0.00019607599526416664,9459,8.304613757290129,11.145129128254714,1,ETHUSDT,2024-03-05,250
1709599197750,-144720.0,144720.0,-2.76395416776154e-06,9591,-14.53304707433849,11.695949311647876,-1,ETHUSDT,2024-03-05,250
1709599203250,68117.32489999999,68117.32489999999,0.00027916400237160133,9613,6.840466344318058,10.954222386234022,1,ETHUSDT,2024-03-05,250
1709599216250,217126.35020000004,217126.35020000004,-8.291186473563528e-05,9665,21.80422518336032,12.095254529147129,1,ETHUSDT,2024-03-05,250
1709599218250,61428.7187,61428.7187,2.763961807872306e-06,9673,6.168784277110262,10.852492991787065,1,ETHUSDT,2024-03-05,250
1709599223750,61561.9433,61561.9433,7.460696639149944e-05,9695,6.182162935092987,10.854625352831949,1,ETHUSDT,2024-03-05,250
1709599232250,72681.61799999999,72681.61799999999,0.00011598365195730764,9729,7.298821004927361,11.018059832059759,1,ETHUSDT,2024-03-05,250
1709599234750,66931.11650000002,66931.11650000002,0.0002043194237568713,9739,6.721345127366874,10.936930932681216,1,ETHUSDT,2024-03-05,250
1709599269000,420973.7043999999,420973.7043999999,0.0003505038874198618,9876,42.274949302818236,12.746945232535825,1,ETHUSDT,2024-03-05,250
1709599270000,86763.14970000001,86835.6441,0.00014898812261243677,9880,8.712914171558719,11.193191962182281,1,ETHUSDT,2024-03-05,250
1709599274000,85928.7029,85928.7029,0.00017102032976978876,9896,8.62911749780643,11.18285770378199,1,ETHUSDT,2024-03-05,250
1709599276750,154889.00879999998,154889.00879999998,5.51223854898808e-05,9907,15.554237535848733,11.762790328932939,1,ETHUSDT,2024-03-05,250
1709599279500,-142654.70260000005,142872.30400000003,-0.00024537272653724074,9918,-14.325646132266158,11.683301611515141,-1,ETHUSDT,2024-03-05,250
1709599291000,-248062.64740000005,259094.24780000004,6.0624765785277646e-05,9964,-24.910904726708342,12.269190998236748,-1,ETHUSDT,2024-03-05,250
1709599313000,163115.91939999998,163115.91939999998,0.00023414268762245172,10052,16.38039894426619,11.813729568486279,1,ETHUSDT,2024-03-05,250
1709599321250,-186217.00140000004,201754.30520000003,-0.00022036807065894948,10085,-18.700251847625466,12.022979264972093,-1,ETHUSDT,2024-03-05,250
1709599332500,-74884.2106,74884.2106,0.0,10130,-7.520009382079032,11.047445129422298,-1,ETHUSDT,2024-03-05,250
1709599333750,65245.835400000025,65245.835400000025,-0.00011566965859977074,10135,6.552106117141661,10.911830053812322,1,ETHUSDT,2024-03-05,250
1709599355250,146247.0594,146247.0594,0.0,10221,14.686397172082486,11.7062809323637,1,ETHUSDT,2024-03-05,250
1709599364250,287035.6734,295971.56539999996,0.0005450356472600504,10257,28.824647274299675,12.400172158887743,1,ETHUSDT,2024-03-05,250
1709599367250,141163.3301,151633.97329999998,9.353070151973952e-05,10269,14.175879778286923,11.741884782410578,1,ETHUSDT,2024-03-05,250
1709599373000,132690.79789999995,132690.79789999995,9.354820077867032e-05,10292,13.325052599587025,11.61053353488935,1,ETHUSDT,2024-03-05,250
1709599380500,-65795.08600000001,65795.08600000001,-2.475891011499698e-05,10322,-6.607262866902636,10.920081211048773,-1,ETHUSDT,2024-03-05,250
1709599388750,118709.4286000001,119800.45660000003,0.00039603416312239403,10355,11.921017924347883,11.509945177931945,1,ETHUSDT,2024-03-05,250
1709599397250,-74245.3761,74245.3761,-2.748993525258925e-06,10389,-7.4558564532425775,11.039012233772247,-1,ETHUSDT,2024-03-05,250
1709599404750,-70129.66010000002,70129.66010000002,-0.00020345600334081837,10419,-7.042548725405322,10.982878968548011,-1,ETHUSDT,2024-03-05,250
1709599413000,-202480.03610000003,202480.03610000003,-0.0003545568145728595,10452,-20.333415535206314,12.026513505260894,-1,ETHUSDT,2024-03-05,250
1709599419500,-127041.79759999998,133007.60000000003,-7.69672697078505e-05,10478,-12.757769658163228,11.612880741930203,-1,ETHUSDT,2024-03-05,250
1709599424000,-2054972.9480999985,2971805.8872999977,-0.00047836367547660075,10496,-206.36414173044105,14.670605120870553,-1,ETHUSDT,2024-03-05,250
1709599440750,-788886.2616,788959.0125999999,-0.00023642416804925404,10563,-79.22140116177245,13.36522324180131,-1,ETHUSDT,2024-03-05,250
1709599444000,192927.26499999998,193945.9834,0.00024190178905314497,10576,19.374108790549865,11.984128384428457,1,ETHUSDT,2024-03-05,250
1709599452000,-121710.15899999997,123820.54119999998,-0.00013192829716146548,10608,-12.222356759067317,11.542432332821535,-1,ETHUSDT,2024-03-05,250
1709599454750,-166510.0157,189056.74970000001,-0.00019526549981918606,10619,-16.721240302079472,11.958997047409442,-1,ETHUSDT,2024-03-05,250
1709599466500,64214.409,64214.409,2.7501653523387404e-06,10666,6.448528391706919,10.896145952216385,1,ETHUSDT,2024-03-05,250
1709599489500,86539.1151,86539.1151,0.00027204640894851195,10758,8.690416207296137,11.189825047882346,1,ETHUSDT,2024-03-05,250
1709599493750,-194659.8102999998,195387.80829999983,-6.868405474946826e-05,10775,-19.54809415817923,11.991418686489911,-1,ETHUSDT,2024-03-05,250
1709599498000,64130.1833,64130.1833,0.00012638334833781073,10792,6.440070292874904,10.894854091489805,1,ETHUSDT,2024-03-05,250
1709599503000,-198700.77300000013,200811.4786000001,-0.00022532920141848933,10812,-19.953895022916313,12.01836875516071,-1,ETHUSDT,2024-03-05,250
1709599511250,-64736.5117,65828.0857,-0.00014565101218799725,10845,-6.5009588996998655,10.92057475563973,-1,ETHUSDT,2024-03-05,250
1709599514250,-374968.0923,374968.0923,-0.00022535954561675453,10857,-37.65498159736595,12.633033594649127,-1,ETHUSDT,2024-03-05,250
1709599520750,-2185569.8575000037,3873230.5496999985,-0.0017396861942611253,10883,-219.4789222174048,14.931363647489857,-1,ETHUSDT,2024-03-05,250
1709599521750,-653004.7900999999,684807.8640999998,-5.2336911995354285e-05,10887,-65.57593528394018,13.225870798158757,-1,ETHUSDT,2024-03-05,250
1709599524250,85551.76299999996,86132.83499999995,0.00020653561366934525,10897,8.591264503673642,11.185193193744766,1,ETHUSDT,2024-03-05,250
1709599525750,-89456.94699999999,90328.44219999999,-0.0002147801815706174,10903,-8.983430223034848,11.232007402129575,-1,ETHUSDT,2024-03-05,250
1709599530500,-94862.34019999999,103430.1078,2.7545212013535547e-06,10922,-9.526249693950474,11.365322612648203,-1,ETHUSDT,2024-03-05,250
1709599549000,298442.54439999996,298442.54439999996,0.0001569130525975737,10996,29.97014612182528,12.408355606969945,1,ETHUSDT,2024-03-05,250
1709599571500,-83603.87260000002,83603.87260000002,-0.00010179587185277228,11086,-8.395653787263669,11.155860701370921,-1,ETHUSDT,2024-03-05,250
1709599589750,-275528.512,276692.31039999996,5.49926447490634e-06,11159,-27.66907708138777,12.33387293504699,-1,ETHUSDT,2024-03-05,250
1709599598500,96431.11680000003,96431.11680000003,0.00010722548567621004,11194,9.683789109213889,11.296356536964844,1,ETHUSDT,2024-03-05,250
1709599602000,-61623.4406,61623.4406,-4.123501623176651e-05,11208,-6.18833860642967,10.855608107689232,-1,ETHUSDT,2024-03-05,250
1709599619000,317200.6994,433808.0489999998,-5.498780645041279e-06,11276,31.853874353187486,12.776505300109228,1,ETHUSDT,2024-03-05,250
1709599622500,90090.14510000001,91399.56770000003,0.00012097117876486152,11290,9.04701713427505,11.24361050343321,1,ETHUSDT,2024-03-05,250
1709599632000,-538336.3822999999,538336.3822999999,-0.00015668875460406184,11328,-54.06072405883763,12.988995934223963,-1,ETHUSDT,2024-03-05,250
1709599640000,190193.9405,190848.3341,0.000192553674930096,11360,19.09962334535955,11.968280690734643,1,ETHUSDT,2024-03-05,250
1709599647000,68935.1362,149838.50459999996,8.247093930435767e-06,11388,6.922592450736148,11.730160459583763,1,ETHUSDT,2024-03-05,250
1709599655000,64211.2314,65593.679,0.0,11420,6.448209291303495,10.917063585097337,1,ETHUSDT,2024-03-05,250
1709599658500,-749583.6438,749656.3924,-0.0005277059481141322,11434,-75.27456040284395,13.314926402300795,-1,ETHUSDT,2024-03-05,250
1709599661000,-107708.44769999999,107708.44769999999,0.0,11444,-10.816279302985249,11.40521760819504,-1,ETHUSDT,2024-03-05,250
1709599662000,89192.63510000001,91157.1335,0.00013744495351275532,11448,8.95688753864425,11.240996254437613,1,ETHUSDT,2024-03-05,250
1709599675500,-540905.9654000009,540905.9654000009,-0.0005169081310913981,11502,-54.318766293178,12.993682978451226,-1,ETHUSDT,2024-03-05,250
1709599678000,138997.2815,138997.2815,0.0002062334762733542,11512,13.95836121644955,11.656236760643566,1,ETHUSDT,2024-03-05,250
1709599694750,-935143.3336999983,1429020.298499999,-0.0006218477884036844,11579,-93.90880382750072,13.949923549925446,-1,ETHUSDT,2024-03-05,250
1709599697000,394576.82120000006,394576.82120000006,0.00013763791340615228,11588,39.62412601535685,12.683205859560706,1,ETHUSDT,2024-03-05,250
1709599704500,-133665.74169999996,133665.74169999996,0.0,11618,-13.422958239030326,11.617739136432036,-1,ETHUSDT,2024-03-05,250
1709599706750,-844598.1216999997,844598.1216999997,-0.0006419148567484712,11627,-84.81608804286874,13.43229947682636,-1,ETHUSDT,2024-03-05,250
1709599708250,209345.06580000007,209997.9240000001,2.481427206824094e-05,11633,21.02281437294009,12.062397140610473,1,ETHUSDT,2024-03-05,250
1709599710250,108886.48120000002,108886.48120000002,0.00018191289729863058,11641,10.934579581527595,11.415924538482939,1,ETHUSDT,2024-03-05,250
1709599712500,-281198.6063,284319.5033,-0.0002507298041329875,11650,-28.238478320869792,12.360638306903894,-1,ETHUSDT,2024-03-05,250
1709599718750,-160094.9923,160094.9923,-1.1021014318046696e-05,11675,-16.077031919995566,11.795329495874999,-1,ETHUSDT,2024-03-05,250
1709599728750,-680528.7485000003,680528.7485000003,-0.0004410325746473376,11715,-68.33994152426177,13.219701007693763,-1,ETHUSDT,2024-03-05,250
1709599729750,-259593.25890000004,259593.25890000004,-0.00016272203664691176,11719,-26.068829821549475,12.271084903384589,-1,ETHUSDT,2024-03-05,250
1709599733750,-128837.04490000001,128837.04490000001,0.0,11735,-12.938051675306536,11.581523422877996,-1,ETHUSDT,2024-03-05,250
1709599740000,843073.8132000004,843073.8132000004,0.000614739148055321,11760,84.66301419553388,13.430521443925485,1,ETHUSDT,2024-03-05,250
1709599741250,-118891.1358,125493.8956,-6.063947080114929e-05,11765,-11.939265293691061,11.555645255288368,-1,ETHUSDT,2024-03-05,250
1709599749000,-223430.67450000005,223430.67450000005,-0.00020968351660854978,11796,-22.437316959367756,12.123426643092373,-1,ETHUSDT,2024-03-05,250
1709599754250,84899.65740000017,87654.60420000018,0.0002730706814908501,11817,8.525778866704067,11.202431391346023,1,ETHUSDT,2024-03-05,250
1709599755250,109458.8522,109458.8522,1.9306004306329783e-05,11821,10.992058124140819,11.42108497060996,1,ETHUSDT,2024-03-05,250
1709599776500,84816.33510000001,84816.33510000001,4.138473317816249e-05,11906,8.517411488952241,11.170032723065766,1,ETHUSDT,2024-03-05,250
1709599794000,807937.2168000008,807937.2168000008,0.0003915642766934013,11976,81.13453292471279,13.388619891356543,1,ETHUSDT,2024-03-05,250
1709599808250,64722.744,64722.744,1.1025601446945643e-05,12033,6.499576322086506,10.903907043587678,1,ETHUSDT,2024-03-05,250
1709599813500,-99931.27290000013,110248.10549999986,0.00020646226975529203,12054,-10.035281186112964,11.428156703644172,-1,ETHUSDT,2024-03-05,250
1709599814500,-199067.58259999997,266303.0867999999,6.87864826574014e-05,12058,-19.990730713796058,12.296203102011543,-1,ETHUSDT,2024-03-05,250
1709599815500,-118827.6068,118827.6068,-2.2007950372326945e-05,12062,-11.932885595324658,11.501919561681257,-1,ETHUSDT,2024-03-05,250
1709599822250,116889.0544,116889.0544,8.807105137798033e-05,12089,11.738212617952685,11.485729492045003,1,ETHUSDT,2024-03-05,250
1709599823750,158574.57679999998,158574.57679999998,0.00012383679427152572,12095,15.92434901484041,11.785937073564607,1,ETHUSDT,2024-03-05,250
1709599825250,77813.99670000003,180449.0879,0.0,12101,7.814223860444448,11.913130562039896,1,ETHUSDT,2024-03-05,250
1709599831250,-79873.90920000001,79873.90920000001,-0.00029443774299231507,12125,-8.021084041010493,11.110937443408446,-1,ETHUSDT,2024-03-05,250
1709599851250,109070.0748,109070.0748,0.00012102608126873804,12205,10.953016386608764,11.417582746707943,1,ETHUSDT,2024-03-05,250
1709599854250,128761.54559999998,128761.54559999998,0.00017600792081040595,12217,12.930469897521988,11.580946455272711,1,ETHUSDT,2024-03-05,250
1709599860500,-169275.86209999994,169275.86209999994,-0.0003244851576518215,12242,-16.998991655946174,11.850215786900378,-1,ETHUSDT,2024-03-05,250
1709599874000,-1013845.3161999998,1013845.3161999998,-0.000635185153074147,12296,-101.81220084599357,13.612075582687453,-1,ETHUSDT,2024-03-05,250
1709599875000,202868.5440000002,207085.23480000018,0.00016230394613003796,12300,20.3724302090555,12.048649384611169,1,ETHUSDT,2024-03-05,250
1709599945000,-97246.00140000001,97246.00140000001,-8.257990637972057e-06,12580,-9.765621311065416,11.30463922340407,-1,ETHUSDT,2024-03-05,250
1709599949250,91966.35060000002,92547.82900000001,0.00027244619700184103,12597,9.235429121924533,11.255899130022046,1,ETHUSDT,2024-03-05,250
1709599950500,-97141.61389999998,97141.61389999998,-0.0002917072600752135,12602,-9.75513852740405,11.303582087496668,-1,ETHUSDT,2024-03-05,250
1709599956000,173205.0409,173495.6905,0.00014311742809525185,12624,17.393566977006795,11.874452000589775,1,ETHUSDT,2024-03-05,250
1709599975500,-94454.263,94454.263,-4.4042798595711474e-05,12702,-9.485269835205559,11.275968838191302,-1,ETHUSDT,2024-03-05,250
1709600040000,-143205.9462,143205.9462,-0.00015396416514512623,12960,-14.381003022732072,11.685597488649039,-1,ETHUSDT,2024-03-05,250
1709600048000,-60018.420900000005,60018.420900000005,-0.00013471734808589986,12992,-6.027159592780274,10.829632200728001,-1,ETHUSDT,2024-03-05,250
1709600056250,127312.20689999999,127312.20689999999,8.797250864844841e-05,13025,12.784924654613194,11.569804499888921,1,ETHUSDT,2024-03-05,250
1709600077250,-68768.9,68768.9,-0.00013474290935810984,13109,-6.905898707507436,10.963592762147822,-1,ETHUSDT,2024-03-05,250
1709600084000,-218092.06230000002,218092.06230000002,-5.502033001647533e-06,13136,-21.90120375860602,12.099622648294918,-1,ETHUSDT,2024-03-05,250
1709600092000,-257870.26849999992,257870.26849999992,-0.0004954446717171379,13168,-25.89580397445277,12.264530119369459,-1,ETHUSDT,2024-03-05,250
1709600103750,172027.072,172027.072,-0.00011562857910796254,13215,17.2752731857146,11.86608465360014,1,ETHUSDT,2024-03-05,250
1709600113750,343119.8023,343773.51729999995,0.00028362818462923656,13255,34.45671806912394,12.547540047082355,1,ETHUSDT,2024-03-05,250
1709600119000,84544.32169999999,84544.32169999999,0.00019542566386476778,13276,8.49009540584658,11.166870966996214,1,ETHUSDT,2024-03-05,250
1709600148250,-74563.08849999998,74563.08849999998,-0.00021752748435410751,13393,-7.487761713505851,11.043215207729393,-1,ETHUSDT,2024-03-05,250
1709600153250,-351445.6692999999,374529.2892999999,-0.00017907199430666765,13413,-35.292816860207964,12.631881060757147,-1,ETHUSDT,2024-03-05,250
1709600159500,81899.21539999997,83133.64999999998,0.0001211964292604506,13438,8.224468993640047,11.150309059500145,1,ETHUSDT,2024-03-05,250
1709600160500,97655.7118,97655.7118,3.029681236554893e-05,13442,9.806765178741244,11.308777436599165,1,ETHUSDT,2024-03-05,250
1709600194750,-123037.3387,130006.9579,-0.00042153812444567507,13579,-12.355634571782954,11.590420972274828,-1,ETHUSDT,2024-03-05,250
1709600202250,113795.33060000002,113795.33060000002,8.818463664006515e-05,13609,11.427535215932226,11.45932724077537,1,ETHUSDT,2024-03-05,250
1709600222000,-104602.87469999993,104602.87469999993,-0.00037211148889504386,13688,-10.504411982630112,11.376420371317394,-1,ETHUSDT,2024-03-05,250
1709600224250,-60275.78399999997,92259.0444,-0.00021783398654662278,13697,-6.053004465966407,11.252822984261417,-1,ETHUSDT,2024-03-05,250
1709600226000,-69453.22,69453.22,5.2389152148890616e-05,13704,-6.974619373441042,10.973338939139957,-1,ETHUSDT,2024-03-05,250
1709600227500,-121442.26659999999,121442.26659999999,-0.0003116179754343307,13710,-12.195454514318442,11.523342781574168,-1,ETHUSDT,2024-03-05,250
1709600242500,69201.4934,69201.4934,0.0001379215228727304,13770,6.949340527893343,10.96976502568336,1,ETHUSDT,2024-03-05,250
1709600291250,59821.90500000001,59821.90500000001,-2.7581831840706172e-06,13965,6.007425106699872,10.826404128814415,1,ETHUSDT,2024-03-05,250
1709600294250,-215334.0022,215334.0022,-0.0001047998324157362,13977,-21.624234319225458,12.087095624410361,-1,ETHUSDT,2024-03-05,250
1709600315250,-77542.8106,77542.8106,-2.206799148218863e-05,14061,-7.786990856317812,11.081783899072331,-1,ETHUSDT,2024-03-05,250
1709600321750,-202138.51989999996,202138.51989999996,-6.621767407288814e-05,14087,-20.29911985381293,12.024851934594217,-1,ETHUSDT,2024-03-05,250
1709600352500,181607.6598,181607.6598,0.0,14210,18.237373334258223,11.919429985083994,1,ETHUSDT,2024-03-05,250
1709600353500,-128103.61260000002,128103.61260000002,0.0,14214,-12.864399062386829,11.575904147099939,-1,ETHUSDT,2024-03-05,250
1709600374000,-70826.5957,71985.7861,-0.00026497816845427735,14296,-7.112536272963241,11.008591219685474,-1,ETHUSDT,2024-03-05,250
1709600383500,-90984.64000000001,90984.64000000001,-2.7609017649865564e-06,14334,-9.13684394804962,11.239131962673444,-1,ETHUSDT,2024-03-05,250
1709600384500,-100581.563,100581.563,-8.006946720939823e-05,14338,-10.10058450725223,11.337834345998736,-1,ETHUSDT,2024-03-05,250
1709596801250,-45017.84299999999,45017.84299999999,-0.00019476676741270182,5,-7.030176188468557,10.261081283800232,-1,SOLUSDT,2024-03-05,250
1709596807250,72946.41379999997,78022.52979999997,0.0005316579991871961,29,11.391619570287585,10.787722021032677,1,SOLUSDT,2024-03-05,250
1709596809500,-144573.75109999996,145080.9345,-0.0003745655083946531,38,-22.577246592218994,11.381742071798598,-1,SOLUSDT,2024-03-05,250
1709596814250,-48872.052899999995,48872.052899999995,-2.248513170854949e-05,57,-7.632065858400984,10.339747624354246,-1,SOLUSDT,2024-03-05,250
1709596823500,71044.5823,76057.9267,0.0007425826464393381,94,11.094621543843289,10.763299935599827,1,SOLUSDT,2024-03-05,250
1709596825000,61479.90820000001,61479.90820000001,0.0003223134638750125,100,9.60096170527035,10.559529179023071,1,SOLUSDT,2024-03-05,250
1709596830250,-113761.1638000004,114773.82840000039,-0.0002625784468195391,121,-17.76542303280133,11.157338945946657,-1,SOLUSDT,2024-03-05,250
1709596833500,52381.062399999995,52381.062399999995,0.0003903962571536468,134,8.1800475782717,10.406149309341943,1,SOLUSDT,2024-03-05,250
1709596841500,-56850.8751,56850.8751,-0.00012012372758452017,166,-8.87807237724873,10.484566609834271,-1,SOLUSDT,2024-03-05,250
1709596853750,475372.09799999994,475931.5253999999,0.0003828182223193366,215,74.23611131306183,12.519410686516245,1,SOLUSDT,2024-03-05,250
1709596867250,-122373.15,122373.15,-0.0005626638906983672,269,-19.110307111735477,11.218734915568808,-1,SOLUSDT,2024-03-05,250
1709596890250,-404623.52599999995,406803.789,-0.00042117614058145847,361,-63.187715985845614,12.369114287125358,-1,SOLUSDT,2024-03-05,250
1709596894500,-89191.95309999946,90254.69269999946,-0.0006171306631328477,378,-13.928591489526067,10.927190801012765,-1,SOLUSDT,2024-03-05,250
1709596898000,205755.29059999998,205781.85739999998,0.0009556237676768831,392,32.13161378317367,11.716463245697403,1,SOLUSDT,2024-03-05,250
1709596899000,52729.982200000006,53394.722200000004,0.00015040986717007598,396,8.23453636552091,10.424504065941216,1,SOLUSDT,2024-03-05,250
1709596903000,-151496.9026,151496.9026,-0.00033104859945165543,412,-23.658395123135072,11.423182660395828,-1,SOLUSDT,2024-03-05,250
1709596908250,133538.9166,133538.9166,0.0002633232157203125,433,20.85400030639426,11.302354455986217,1,SOLUSDT,2024-03-05,250
1709596918250,-72218.50610000001,72617.0111,-0.0011812639391477475,473,-11.27794643450579,10.718965054421346,-1,SOLUSDT,2024-03-05,250
1709596929250,218407.12169999993,219657.94209999996,0.0008795174497162606,517,34.10737707640266,11.778954383681295,1,SOLUSDT,2024-03-05,250
1709596934250,86684.49290000046,244638.70930000042,0.0006380543313282416,537,13.537015931550853,11.882103501626522,1,SOLUSDT,2024-03-05,250
1709596948000,-105268.09159999997,105534.50959999998,-0.0002852253299430174,592,-16.43910906552868,11.07696830027053,-1,SOLUSDT,2024-03-05,250
1709596956250,73341.608,75817.521,9.766028502067314e-05,625,11.453334762964877,10.760268213345741,1,SOLUSDT,2024-03-05,250
1709596987000,-80890.71140000006,88354.5308,-0.0003162602999200459,748,-12.632234582020345,10.9068140084616,-1,SOLUSDT,2024-03-05,250
1709596992000,439524.75509999774,468167.964499998,0.0023921836688209908,768,68.63803908922243,12.503660356817946,1,SOLUSDT,2024-03-05,250
1709596997250,-57039.27350000001,57039.27350000001,-0.0004208596119568142,789,-8.907493465807452,10.487734874098326,-1,SOLUSDT,2024-03-05,250
1709597010000,67825.60340000002,67825.60340000002,0.0001353933177945521,840,10.591932225433196,10.653597205809351,1,SOLUSDT,2024-03-05,250
1709597074000,-403937.5458,405931.65940000006,-0.0007222389721111,1096,-63.08059042525844,12.36705901893426,-1,SOLUSDT,2024-03-05,250
1709597097000,-57470.65200000001,57470.65200000001,1.5045965423787777e-05,1188,-8.974859351350153,10.494950058111483,-1,SOLUSDT,2024-03-05,250
1709597101500,51077.553899999926,52328.18629999993,0.0002931746703058735,1206,7.976486194440698,10.405182137392988,1,SOLUSDT,2024-03-05,250
1709597105250,-70437.092,70463.694,-6.766688347692451e-05,1221,-10.99975329700646,10.690138600832148,-1,SOLUSDT,2024-03-05,250
1709597107000,-74426.606,74852.2092,-8.271018731065283e-05,1228,-11.622772625728228,10.747997230177791,-1,SOLUSDT,2024-03-05,250
1709597110250,40472.047399999996,40472.047399999996,0.00012778351985875958,1241,6.320285579432377,10.159144164528866,1,SOLUSDT,2024-03-05,250
1709597160000,-284724.4268999999,284724.4268999999,-0.00033087185033586763,1440,-44.46376709492136,12.027416370883216,-1,SOLUSDT,2024-03-05,250
1709597172000,-61961.43200000001,70490.24080000001,-0.0004665864022035393,1488,-9.676158492307456,10.690499317653721,-1,SOLUSDT,2024-03-05,250
1709597192000,163545.8808,164903.5008,0.000916886558195884,1568,25.540014365465648,11.504386489688233,1,SOLUSDT,2024-03-05,250
1709597195750,128419.52210000005,153535.66830000002,0.0008110726880339314,1583,20.054534074454256,11.435984202870404,1,SOLUSDT,2024-03-05,250
1709597210250,165966.47740000006,167326.20880000005,0.0009304210826304171,1641,25.918024937389504,11.518353558386687,1,SOLUSDT,2024-03-05,250
1709597215500,85881.44400000002,85988.11360000001,0.00024000600130236194,1662,13.411608429131002,10.880815588589163,1,SOLUSDT,2024-03-05,250
1709597228000,180844.45360000004,180844.45360000004,0.001110660957374776,1712,28.241432436363674,11.592755040936456,1,SOLUSDT,2024-03-05,250
1709597237750,-46618.96750000001,46618.96750000001,-5.2481434704709784e-05,1751,-7.280214541809337,10.294549104783213,-1,SOLUSDT,2024-03-05,250
1709597257500,-53426.6786,53426.6786,-0.0003448301745576643,1830,-8.343335413086821,10.425077032190163,-1,SOLUSDT,2024-03-05,250
1709597265000,-162003.99250000002,162404.1745,-0.0006444989244123178,1860,-25.299226586896644,11.489761009437956,-1,SOLUSDT,2024-03-05,250
1709597275000,-129073.82800000001,130407.1268,-0.0007874990563241369,1900,-20.156713242793227,11.27962797894565,-1,SOLUSDT,2024-03-05,250
1709597288250,-85137.4566,85137.4566,-8.254137391006111e-05,1953,-13.295424219594336,10.871294740145684,-1,SOLUSDT,2024-03-05,250
1709597298250,94292.53350000002,98693.3805,0.0004125056778017111,1993,14.725119632277227,11.012786990552607,1,SOLUSDT,2024-03-05,250
1709597300000,431102.40180000017,499142.8812000001,-0.0001874716454626224,2000,67.3227688835728,12.565012434699234,1,SOLUSDT,2024-03-05,250
1709597304500,42423.94810000001,94062.69970000001,-3.749179867362784e-05,2018,6.625102623274198,10.966766271601903,1,SOLUSDT,2024-03-05,250
1709597311000,41952.184899999986,41952.184899999986,0.00016498061515157758,2044,6.55143009269036,10.193541189274054,1,SOLUSDT,2024-03-05,250
1709597321750,199087.20659999995,199087.20659999995,0.0,2087,31.090297668594207,11.684790307462462,1,SOLUSDT,2024-03-05,250
1709597326000,52052.74980000001,52052.74980000001,0.0,2104,8.12877689826835,10.400128191721157,1,SOLUSDT,2024-03-05,250
1709597327500,-66708.76319999999,66975.46519999998,-0.00011247876975062354,2110,-10.41752175044965,10.641518147185177,-1,SOLUSDT,2024-03-05,250
1709597334500,1934180.5719000003,1973416.5549000013,0.0,2138,302.04979391771127,13.881427009254937,1,SOLUSDT,2024-03-05,250
1709597335500,64961.947400000005,64961.947400000005,4.498998973456736e-05,2142,10.144731629368092,10.612286571625452,1,SOLUSDT,2024-03-05,250
1709597344500,-47010.3004,47010.3004,-0.0001049797914864925,2178,-7.341326737596778,10.302554182716218,-1,SOLUSDT,2024-03-05,250
1709597363000,-126378.86199999994,167700.754,-0.0005400135134596695,2252,-19.735855988438928,11.520494770257502,-1,SOLUSDT,2024-03-05,250
1709597370750,-68815.97600000001,68815.97600000001,-2.2494741855005884e-05,2283,-10.746592986728036,10.667479286679878,-1,SOLUSDT,2024-03-05,250
1709597385500,140221.01240000004,140221.01240000004,7.498191060939519e-06,2342,21.897504562744924,11.34911327061565,1,SOLUSDT,2024-03-05,250
1709597392500,-90874.6032,92474.9832,-7.498500303437794e-05,2370,-14.191361224329842,10.95046393746677,-1,SOLUSDT,2024-03-05,250
1709597397000,60183.5628,60183.5628,7.498753332058072e-06,2388,9.398518941339818,10.53912085205382,1,SOLUSDT,2024-03-05,250
1709597398000,-55285.64400000001,55899.0048,-0.00012748741079082748,2392,-8.633639288602737,10.468396912862564,-1,SOLUSDT,2024-03-05,250
1709597400500,-56539.29970000002,61072.24770000002,-0.0002924952490381827,2402,-8.829415448972702,10.55315814726217,-1,SOLUSDT,2024-03-05,250
1709597408000,-101254.85700000002,101254.85700000002,-0.00023248924842000918,2432,-15.812385427888872,11.037324460984555,-1,SOLUSDT,2024-03-05,250
1709597413500,-136178.7825,137511.67249999996,-0.00035255509038467636,2454,-21.26625289679336,11.330428630892515,-1,SOLUSDT,2024-03-05,250
1709597450250,-157067.69919999997,158079.15799999994,-2.2542069137543308e-05,2601,-24.52835421042678,11.463912020788513,-1,SOLUSDT,2024-03-05,250
1709597461000,-133737.62340000004,133737.62340000004,-0.00013531189412230304,2644,-20.885031198164153,11.30377837830666,-1,SOLUSDT,2024-03-05,250
1709597471500,66268.59419999999,66268.59419999999,0.00025545663011339315,2686,10.348783103360272,10.63135735793891,1,SOLUSDT,2024-03-05,250
1709597473250,68329.32870000001,68329.32870000001,0.0003526582590467342,2693,10.670596092326798,10.66068308211663,1,SOLUSDT,2024-03-05,250
1709597501250,96243.3147,96243.3147,8.248319409531746e-05,2805,15.029761850278478,10.988713440384677,1,SOLUSDT,2024-03-05,250
1709597505500,166507.45100000003,166507.45100000003,0.0,2822,26.00250565587506,11.513656119114637,1,SOLUSDT,2024-03-05,250
1709597506750,67629.89860000001,67629.89860000001,0.0,2827,10.561370138641765,10.65083003290833,1,SOLUSDT,2024-03-05,250
1709597522000,-42432.05870000001,42432.05870000001,-0.000217620508214722,2888,-6.626369208769958,10.204432938768308,-1,SOLUSDT,2024-03-05,250
1709597573500,-128482.8059,128482.8059,-0.00010512167843934606,3094,-20.064416739509433,11.265391435562247,-1,SOLUSDT,2024-03-05,250
1709597605750,-999999.5391999988,1019432.3289999987,-0.002825922183645524,3223,-156.1641447139829,13.248878980647836,-1,SOLUSDT,2024-03-05,250
1709597607250,43156.7468,43395.784999999996,-4.5180042476999915e-05,3229,6.7395395582397555,10.225939512150507,1,SOLUSDT,2024-03-05,250
1709597609500,-69107.47520000013,84800.64599999982,-0.00024102011881499408,3238,-10.792114730957286,10.867498724251627,-1,SOLUSDT,2024-03-05,250
1709597611500,-431161.7905999999,431321.16499999986,-0.00020327575178491486,3246,-67.332043289004,12.42515784284054,-1,SOLUSDT,2024-03-05,250
1709597620250,253313.7661000008,254139.01970000073,0.0012178895932404288,3281,39.55854585586252,11.918588901177214,1,SOLUSDT,2024-03-05,250
1709597626500,-61834.08870000002,61834.08870000002,-0.0002929764550518854,3306,-9.65627202561422,10.56503020887054,-1,SOLUSDT,2024-03-05,250
1709597628500,229350.33379999886,235931.8119999989,0.0013441215487386415,3314,35.816315221901405,11.84739869793448,1,SOLUSDT,2024-03-05,250
1709597655250,-133339.78619999997,133339.78619999997,-1.5012084728205366e-05,3421,-20.822903263462184,11.300925371012827,-1,SOLUSDT,2024-03-05,250
1709597711500,83167.71770000005,83167.71770000005,0.0005639119093494571,3646,12.987821487222641,10.848878465411019,1,SOLUSDT,2024-03-05,250
1709597713000,-133156.99049999996,133156.99049999996,-0.0001653799608360984,3652,-20.794357116160224,11.299611634101355,-1,SOLUSDT,2024-03-05,250
1709597779000,289258.82979999995,289258.82979999995,0.0009786430766691723,3916,45.17187857188624,12.042547313432932,1,SOLUSDT,2024-03-05,250
1709597780000,-137888.53250000003,152980.48630000002,-0.00015808312947207526,3920,-21.533254666252514,11.432515099599946,-1,SOLUSDT,2024-03-05,250
1709597785750,-66391.89989999999,66391.89989999999,-0.00029367801805246785,3943,-10.368039041412269,10.633137573933755,-1,SOLUSDT,2024-03-05,250
1709597796000,-91111.568,91111.568,-0.0003238964011789136,3984,-14.22836664670126,10.93623972928927,-1,SOLUSDT,2024-03-05,250
1709597798750,-91690.03700000001,91690.03700000001,-0.0005424423599666994,3995,-14.318702804956718,10.942300590824951,-1,SOLUSDT,2024-03-05,250
1709597824500,-257318.8748000001,257318.8748000001,-0.000745793645602788,4098,-40.18400051869395,11.930496903759337,-1,SOLUSDT,2024-03-05,250
1709597830250,127728.21880000002,127728.21880000002,0.0003088337783241357,4121,19.94657723612529,11.259750553662084,1,SOLUSDT,2024-03-05,250
1709597864500,239282.14179999987,240612.6717999999,0.0006615596509487176,4258,37.367308238382634,11.866212298109646,1,SOLUSDT,2024-03-05,250
1709597866250,-38878.6459,38878.6459,-0.0003008468862475411,4265,-6.071453282336978,10.120679716124174,-1,SOLUSDT,2024-03-05,250
1709597875500,-200405.19550000032,200564.64910000033,-0.00029351446145753357,4302,-31.29612037274839,11.691870843500258,-1,SOLUSDT,2024-03-05,250
1709597904750,-259327.9909000002,259513.7209000002,-0.0003316024719692834,4419,-40.497752560658505,11.938630688715905,-1,SOLUSDT,2024-03-05,250
1709597908250,-219364.21899999987,219364.21899999987,-0.00017331871471082394,4433,-34.25684142653839,11.777672975994491,-1,SOLUSDT,2024-03-05,250
1709597911000,-49993.6226,49993.6226,7.536732148594183e-06,4444,-7.807214912047288,10.361476044681263,-1,SOLUSDT,2024-03-05,250
1709597912750,-99657.36409999996,99657.36409999996,-0.00013567600590658202,4451,-15.56291420051736,11.022095334646448,-1,SOLUSDT,2024-03-05,250
1709597925000,64239.191699999996,64239.191699999996,0.00033905329112293714,4500,10.031863051630594,10.601572351401789,1,SOLUSDT,2024-03-05,250
1709598016000,77769.26950000002,111416.90169999997,-9.775134321898804e-05,4864,12.144777052812021,11.128911837732034,1,SOLUSDT,2024-03-05,250
1709598038750,44945.12319999998,44945.12319999998,0.00026297500010663555,4955,7.0188199578648325,10.259533119930646,1,SOLUSDT,2024-03-05,250
1709598074500,71932.71330000003,73744.53250000003,0.00037538383437407674,5098,11.233315825762594,10.733720014801364,1,SOLUSDT,2024-03-05,250
1709598076000,-57387.072400000005,57387.072400000005,-0.0005028916374527626,5104,-8.961807208586187,10.493556355307728,-1,SOLUSDT,2024-03-05,250
1709598081000,50295.945999999996,50295.945999999996,0.00025534727367748644,5124,7.854427008990644,10.367249638579192,1,SOLUSDT,2024-03-05,250
1709598111250,57775.2939,57775.2939,0.0004657766910387551,5245,9.022433515029867,10.500012907778359,1,SOLUSDT,2024-03-05,250
1709598115500,-38504.0339,38504.0339,-0.00013510166420793723,5262,-6.0129522928001276,10.111407839025976,-1,SOLUSDT,2024-03-05,250
1709598138750,-113112.83740000003,113112.83740000003,-0.0001950121888798506,5355,-17.664177648395903,11.143378804369535,-1,SOLUSDT,2024-03-05,250
1709598193500,-213972.9407,213972.9407,-0.0002629315378985808,5574,-33.41491667394492,11.75384298920971,-1,SOLUSDT,2024-03-05,250
1709598223000,-52623.7216,52623.7216,-0.00018028575340611752,5692,-8.217942262158552,10.410575374014554,-1,SOLUSDT,2024-03-05,250
1709598244000,-49002.00819999999,49002.00819999999,-9.765368255987283e-05,5776,-7.6523602260281764,10.342290676974388,-1,SOLUSDT,2024-03-05,250
1709598304750,60937.6026,64797.7166,-9.766321973359027e-05,6019,9.51627297604818,10.609862496847477,1,SOLUSDT,2024-03-05,250
1709598314000,-39957.6,39957.6,-5.255432804851523e-05,6056,-6.239947304191168,10.14689356018692,-1,SOLUSDT,2024-03-05,250
1709598324500,-133276.9834,133276.9834,-7.50990368558746e-06,6098,-20.813095713395224,11.30047421591037,-1,SOLUSDT,2024-03-05,250
1709598330250,-94507.57630000002,94507.57630000002,-0.0001202311445203108,6121,-14.758701622690708,10.971284832132007,-1,SOLUSDT,2024-03-05,250
1709598334250,-78999.92480000001,78999.92480000001,-0.00023282450019745937,6137,-12.336961373732784,10.799643935641917,-1,SOLUSDT,2024-03-05,250
1709598381500,83001.82879999999,83001.82879999999,0.00033064061920651255,6326,12.961915577099145,10.846966419181086,1,SOLUSDT,2024-03-05,250
1709598391250,-42989.59899999999,42989.59899999999,0.0,6365,-6.7134370529838945,10.216933855048724,-1,SOLUSDT,2024-03-05,250
1709598392500,42596.7853,42596.7853,7.515745490316306e-05,6370,6.652093609224403,10.2081433783708,1,SOLUSDT,2024-03-05,250
1709598396500,44066.39890000001,44066.39890000001,0.00023292596440782631,6386,6.881594665882528,10.24062500045943,1,SOLUSDT,2024-03-05,250
1709598410000,38743.2279,41139.87389999999,-0.00011266124652831166,6440,6.050305836443356,10.174816967551681,1,SOLUSDT,2024-03-05,250
1709598413250,-77184.14359999998,77184.14359999998,-0.0002629354884149393,6453,-12.053401324982579,10.777376081476291,-1,SOLUSDT,2024-03-05,250
1709598478000,50794.643699999986,70077.13769999998,-0.00012800867464513033,6712,7.932305744668494,10.68487063766396,1,SOLUSDT,2024-03-05,250
1709598482250,-53605.327000000005,56742.5028,0.00021069106747795274,6729,-8.371233900532967,10.48273937090091,-1,SOLUSDT,2024-03-05,250
1709598532500,40355.763399999996,40355.763399999996,0.0003234043221471694,6930,6.302126179660605,10.156388754222979,1,SOLUSDT,2024-03-05,250
1709598575750,-126700.59820000001,126700.59820000001,-0.0003383929375848638,7103,-19.786099670087754,11.252014792915373,-1,SOLUSDT,2024-03-05,250
1709598587750,66353.14039999999,66619.0604,0.00029336432674575974,7151,10.361986194456074,10.636408546168317,1,SOLUSDT,2024-03-05,250
1709598601750,120523.29560000003,123236.98520000004,5.262346782330951e-05,7207,18.821426048397687,11.22547120045328,1,SOLUSDT,2024-03-05,250
1709598604000,-128276.77600000004,146589.66159999993,-0.0010078144067948713,7216,-20.032242241564425,11.39164939922398,-1,SOLUSDT,2024-03-05,250
1709598612500,47076.7196,48085.4068,4.5206253539653574e-05,7250,7.351699039936921,10.324208150328435,1,SOLUSDT,2024-03-05,250
1709598613750,147356.97409999993,148631.33569999994,0.00030884773675499133,7255,23.011886431844314,11.404895276798378,1,SOLUSDT,2024-03-05,250
1709598615750,60458.462199999994,61600.9976,0.00021078623342773994,7263,9.441448390805094,10.56141346191601,1,SOLUSDT,2024-03-05,250
1709598652500,63158.002100000005,69555.4783,-0.00013562387000920495,7410,9.863019924670029,10.677715243843412,1,SOLUSDT,2024-03-05,250
1709598660000,-212567.19349999994,299091.73309999995,-0.00036938618237236653,7440,-33.19538926361461,12.074560001032049,-1,SOLUSDT,2024-03-05,250
1709598668750,-609917.6784,626721.6895999996,-0.0005055897963464062,7475,-95.24731648323763,12.782983315639317,-1,SOLUSDT,2024-03-05,250
1709598670000,-320022.04709999985,323173.9916999998,-0.0007096375107185082,7480,-49.975992303926745,12.14872081381099,-1,SOLUSDT,2024-03-05,250
1709598673000,-83084.11579999996,116507.16739999996,-0.0003929005936491592,7492,-12.97476586199663,11.171693361490583,-1,SOLUSDT,2024-03-05,250
1709598675500,-55733.29709999999,55733.29709999999,-0.00021903571502601693,7502,-8.703546684306124,10.465553873149995,-1,SOLUSDT,2024-03-05,250
1709598677500,46956.698000000004,46956.698000000004,0.0002040114706858276,7510,7.332955960788907,10.301461642925284,1,SOLUSDT,2024-03-05,250
1709598683500,39830.7369,40916.5399,-9.061938354815169e-05,7534,6.220135827554776,10.169604175774273,1,SOLUSDT,2024-03-05,250
1709598685000,53151.69640000001,55932.684400000006,0.00013593215496054967,7540,8.300393033224404,10.468973721645797,1,SOLUSDT,2024-03-05,250
1709598690500,-59999.4931,60396.708099999996,-9.817878364337673e-05,7562,-9.369773840825815,10.542506410635344,-1,SOLUSDT,2024-03-05,250
1709598703250,67639.25889999999,67639.25889999999,0.00011332429269383937,7613,10.562831882559097,10.650962565332339,1,SOLUSDT,2024-03-05,250
1709598704750,-118372.72970000016,118372.72970000016,-0.000642326301163898,7619,-18.485584609217415,11.186906083247921,-1,SOLUSDT,2024-03-05,250
1709598709500,-146530.10369999986,149175.5142999999,-0.0004687807250629561,7638,-22.88275886353701,11.40839506627878,-1,SOLUSDT,2024-03-05,250
1709598713250,-85914.18699999999,95537.528,-0.0006882859305479272,7653,-13.41672171407757,10.981664834019728,-1,SOLUSDT,2024-03-05,250
1709598726250,-44703.89260000001,44703.89260000001,-1.5126304644397237e-05,7705,-6.9811483701779276,10.254379459392048,-1,SOLUSDT,2024-03-05,250
1709598731250,67040.5435,67040.5435,0.00014376676515492903,7725,10.469333961107168,10.642448206510597,1,SOLUSDT,2024-03-05,250
1709598732750,-109728.43539999999,109728.43539999999,-0.00034041265907269747,7731,-17.135655161154443,11.114288156880036,-1,SOLUSDT,2024-03-05,250
1709598734500,59932.39709999999,59932.39709999999,0.0002799244978684001,7738,9.359295846543825,10.535115962030991,1,SOLUSDT,2024-03-05,250
1709598741500,-86581.65000000001,86581.65000000001,-8.320820588991751e-05,7766,-13.520955550631752,10.887403032219103,-1,SOLUSDT,2024-03-05,250
1709598754000,99805.34879999998,99805.34879999998,4.53638178266047e-05,7816,15.586024115272668,11.023516316063592,1,SOLUSDT,2024-03-05,250
1709598757750,-58374.69149999999,58374.69149999999,-0.0002796959647524133,7831,-9.116037971710416,10.509896840847455,-1,SOLUSDT,2024-03-05,250
1709598769000,-308509.61169999995,319472.3111,-0.00023469291297306683,7876,-48.1781618476705,12.137688465631943,-1,SOLUSDT,2024-03-05,250
1709598770500,-49996.12120000001,49996.12120000001,0.00011353787825107986,7882,-7.807605103959071,10.36152390440331,-1,SOLUSDT,2024-03-05,250
1709598782500,-59340.29759999999,61350.558399999994,-0.00023442669546813732,7930,-9.266831091932989,10.557512251336187,-1,SOLUSDT,2024-03-05,250
1709598792250,132124.3494,132574.28500000003,0.00022672480995566957,7969,20.633095527672886,11.295411709912274,1,SOLUSDT,2024-03-05,250
1709598803500,-59520.165799999995,67147.95379999999,-0.0003850785872163698,8014,-9.294920068490633,10.64398127599304,-1,SOLUSDT,2024-03-05,250
1709598812000,-46880.5334,46880.5334,-5.282879321466538e-05,8048,-7.321061775691584,10.299907086831208,-1,SOLUSDT,2024-03-05,250
1709598815250,-132792.9983000001,137029.06230000005,-0.0005437532702528003,8061,-20.737514559371633,11.327061774699503,-1,SOLUSDT,2024-03-05,250
1709598824750,-66169.14910000001,66169.14910000001,0.0,8099,-10.333253337216663,10.629919212796425,-1,SOLUSDT,2024-03-05,250
1709598842250,163128.319,163128.319,0.00020395599153655297,8169,25.47480615405547,11.494021567796997,1,SOLUSDT,2024-03-05,250
1709598864750,-78676.26190000001,79709.4767,-0.0004679775154281529,8259,-12.286416810487703,10.808206749686292,-1,SOLUSDT,2024-03-05,250
1709598867250,-39388.8552,39388.8552,-5.2871488306571734e-05,8269,-6.151129718011499,10.133165032021735,-1,SOLUSDT,2024-03-05,250
1709598877750,-95366.99870000001,95366.99870000001,-7.5528986132056275e-06,8311,-14.892912648579188,10.979953968289513,-1,SOLUSDT,2024-03-05,250
1709598892250,-49979.934100000006,49979.934100000006,-0.0002494227388218917,8369,-7.80507725816734,10.361213804274113,-1,SOLUSDT,2024-03-05,250
1709598906250,40596.301600000006,40596.301600000006,0.0002718027332910822,8425,6.33968963924389,10.162079697438967,1,SOLUSDT,2024-03-05,250
1709598921250,-57251.9953,58046.989299999994,-0.00029430075485503693,8485,-8.94071299907403,10.50450574867736,-1,SOLUSDT,2024-03-05,250
1709598981500,-59901.048599999995,59901.048599999995,9.073312370144748e-05,8726,-9.354400332597406,10.534614925885007,-1,SOLUSDT,2024-03-05,250
1709599019750,-104322.61850000001,104322.61850000001,7.558836090382215e-06,8879,-16.29145999948042,11.065907714236895,-1,SOLUSDT,2024-03-05,250
1709599051250,101968.76,102233.38599999998,0.000680282419015299,9005,15.92387153066541,11.046534702886206,1,SOLUSDT,2024-03-05,250
1709599129250,-45229.409700000004,45229.409700000004,0.0,9317,-7.063215336448458,10.265571239662087,-1,SOLUSDT,2024-03-05,250
1709599138000,-118718.48040000001,118718.48040000001,-0.0012016461729267292,9352,-18.53957849644754,11.18969915336106,-1,SOLUSDT,2024-03-05,250
1709599166250,-74457.8733,74457.8733,-0.000431130665740298,9465,-11.627655459140254,10.742938867641875,-1,SOLUSDT,2024-03-05,250
1709599224250,52669.12550000001,52669.12550000001,0.0004539093015853979,9697,8.22503272663602,10.41140126674936,1,SOLUSDT,2024-03-05,250
1709599231500,44512.1922,47160.4322,0.0002643614364936653,9726,6.951211627375747,10.305607595121156,1,SOLUSDT,2024-03-05,250
1709599285000,-82058.7143,82058.7143,-0.00024882468167586325,9940,-12.814634839972328,10.836022869981418,-1,SOLUSDT,2024-03-05,250
1709599336500,-45427.926400000004,45427.926400000004,-0.00021848125480072866,10146,-7.094216541400756,10.269765185190884,-1,SOLUSDT,2024-03-05,250
1709599342000,123782.45469999999,124207.11869999998,0.0002562556541008121,10168,19.3303900762666,11.232980348820497,1,SOLUSDT,2024-03-05,250
1709599358250,79255.31050000002,79255.31050000002,0.00025621124003283313,10233,12.376843481523142,10.80273473602184,1,SOLUSDT,2024-03-05,250
1709599410750,39905.44750000001,39905.44750000001,7.522812933746792e-05,10443,6.231802949881056,10.145642851927644,1,SOLUSDT,2024-03-05,250
1709599417500,133075.94460000005,133075.94460000005,0.0002858238893006515,10470,20.78170064667206,11.29902858705607,1,SOLUSDT,2024-03-05,250
1709599422250,44017.86350000001,44017.86350000001,0.0003607720561049632,10489,6.874015173160547,10.239569671020988,1,SOLUSDT,2024-03-05,250
1709599424000,-61271.21000000001,68403.4828,-7.516479885705252e-05,10496,-9.568370514345983,10.661721790634905,-1,SOLUSDT,2024-03-05,250
1709599429500,133059.61840000004,133059.61840000004,6.764704779627095e-05,10518,20.77915107843779,11.298911092832467,1,SOLUSDT,2024-03-05,250
1709599431000,170641.34680000006,170641.34680000006,0.0002630085943824412,10524,26.64807225529588,11.537141341534921,1,SOLUSDT,2024-03-05,250
1709599432500,48367.23179999998,48367.23179999998,0.0003155190314201306,10530,7.553230866758745,10.32980437590516,1,SOLUSDT,2024-03-05,250
1709599435000,107633.99099999997,107633.99099999997,0.00012016703231942927,10540,16.80857789206024,11.095832420151261,1,SOLUSDT,2024-03-05,250
1709599440750,-104073.67479999996,105431.37039999997,-0.0007285318153611442,10563,-16.25258390157387,11.076031935570299,-1,SOLUSDT,2024-03-05,250
1709599519000,60504.57419999999,72384.3402,-8.277989958305199e-05,10876,9.448649435164386,10.715891775470983,1,SOLUSDT,2024-03-05,250
1709599520750,-79774.18889999996,87742.27609999997,-0.0009408435920699176,10883,-12.457873720408427,10.900154916037733,-1,SOLUSDT,2024-03-05,250
1709599535000,-41805.94799999999,41965.227599999984,-9.040297130624708e-05,10940,-6.5285931217529605,10.193838864472848,-1,SOLUSDT,2024-03-05,250
1709599610250,-51605.8965,56705.454900000004,-0.0004067520902122368,11241,-8.058994402705455,10.48211391477356,-1,SOLUSDT,2024-03-05,250
1709599627250,38552.859800000006,38552.859800000006,-2.25822841990464e-05,11309,6.020577151227053,10.112621409842873,1,SOLUSDT,2024-03-05,250
1709599633750,-43451.384999999995,43451.384999999995,-0.0004666320540467339,11335,-6.785551501945125,10.22716567105729,-1,SOLUSDT,2024-03-05,250
1709599652250,48543.3277,48543.3277,0.00027879605495773063,11409,7.580730745041832,10.333284600224426,1,SOLUSDT,2024-03-05,250
1709599692250,75616.55870000001,75616.55870000001,0.0003846864664200922,11569,11.808600657003382,10.757726520492364,1,SOLUSDT,2024-03-05,250
1709599745500,90942.99169999998,147458.31930000003,0.00013596090389622617,11782,14.20204106086188,11.397307443740944,1,SOLUSDT,2024-03-05,250
1709599757000,38938.967500000006,38938.967500000006,9.076194660284642e-05,11828,6.080873357749528,10.122164357121454,1,SOLUSDT,2024-03-05,250
1709599758250,-66097.2026,66097.2026,-0.00022690315114548554,11833,-10.322017868401694,10.628877396008289,-1,SOLUSDT,2024-03-05,250
1709599785750,40605.081600000005,40605.081600000005,0.0,11943,6.3410607610662915,10.162286786887904,1,SOLUSDT,2024-03-05,250
1709599794000,39294.642199999995,39294.642199999995,7.563095124663022e-05,11976,6.136417018665948,10.1308717687013,1,SOLUSDT,2024-03-05,250
1709599796250,-96520.16570000004,169974.72830000008,-0.0001512802090548604,11985,-15.072996069829022,11.53339292534671,-1,SOLUSDT,2024-03-05,250
1709599807500,62289.424399999996,70222.44439999998,0.000264681306348713,12030,9.72737916852863,10.686854268291995,1,SOLUSDT,2024-03-05,250
1709599810500,47891.7724,78318.9324,0.00018899375998859824,12042,7.478981121997243,10.79135313920287,1,SOLUSDT,2024-03-05,250
1709599814000,52444.31660000001,52444.31660000001,0.00023413101625457955,12056,8.189925620866074,10.407305028390766,1,SOLUSDT,2024-03-05,250
1709599840500,87365.09840000002,92159.06880000002,-0.0001887583106450208,12162,13.643302156322608,10.947186828218934,1,SOLUSDT,2024-03-05,250
1709599894250,-186627.70739999996,186627.70739999996,-0.00016635789671237688,12377,-29.14456973587022,11.622900290434949,-1,SOLUSDT,2024-03-05,250
1709599990750,-45500.2113,45632.357299999996,-0.00010593781460244145,12763,-7.105504856186647,10.274064965943138,-1,SOLUSDT,2024-03-05,250
1709599995500,-282406.3852000002,283410.58840000007,-3.027321577420139e-05,12782,-44.101771928622185,12.022987150891748,-1,SOLUSDT,2024-03-05,250
1709599997000,-102295.20199999998,102295.20199999998,-0.00011355936706625158,12788,-15.97485008988505,11.047113571795075,-1,SOLUSDT,2024-03-05,250
1709600087250,-139791.37269999998,141112.83269999997,-0.0005222900645183159,13149,-21.83041021554217,11.355184705166073,-1,SOLUSDT,2024-03-05,250
1709600136000,74393.4323,74393.4323,6.049286564113743e-05,13344,11.617592080853534,10.742109701817661,1,SOLUSDT,2024-03-05,250
1709600148250,-1002488.2097000066,1043696.6736999945,-0.0017038681920782395,13393,-156.55278599317745,13.271405773491848,-1,SOLUSDT,2024-03-05,250
1709600150250,-478395.9616000013,488125.4315999985,-0.00046264520110383955,13401,-74.70833060348644,12.543637706433241,-1,SOLUSDT,2024-03-05,250
1709600152250,46831.57170000001,46831.57170000001,0.00017444925277576573,13409,7.313415710164035,10.298906420830123,1,SOLUSDT,2024-03-05,250
1709600157250,-39871.7532,39871.7532,-9.100561207553426e-05,13429,-6.226541105915159,10.144833934183765,-1,SOLUSDT,2024-03-05,250
1709600179500,-105069.1838,105069.1838,-0.00013649289120643004,13518,-16.408046784751246,11.07273649855297,-1,SOLUSDT,2024-03-05,250
1709600192500,50158.15930000001,50158.15930000001,0.00018954830695339098,13570,7.832909656916987,10.364622585707869,1,SOLUSDT,2024-03-05,250
1709600251250,122575.31019999999,198859.61900000004,8.335638268430756e-05,13805,19.141877301011228,11.683694942122619,1,SOLUSDT,2024-03-05,250
1709600256250,-66094.5094,66094.5094,8.331092779112481e-05,13825,-10.321597286933345,10.628838375278576,-1,SOLUSDT,2024-03-05,250
1709600259750,67642.9306,67880.67460000001,3.7856561493576635e-05,13839,10.563405270713465,10.654374446989499,1,SOLUSDT,2024-03-05,250
1709600283250,-49211.94280000001,49449.58060000001,-0.00015905295360862937,13933,-7.685144498390045,10.350997752595731,-1,SOLUSDT,2024-03-05,250
1709600331000,75215.49839999998,75215.49839999998,9.091873386779525e-05,14124,11.745969389414656,10.752633811461793,1,SOLUSDT,2024-03-05,250
1709596802500,-796235.2627000002,796235.2627000002,-7.754767905865378e-05,5,-14.168368276623882,7.467023065866808,-1,BTCUSDT,2024-03-05,500
1709596808500,-477240.65129999985,495816.60389999975,-0.0003192146760433445,17,-8.492114857191236,7.206710382968627,-1,BTCUSDT,2024-03-05,500
1709596811000,-960559.7438999999,975029.4824999998,-0.0002226930039643804,22,-17.092390705135642,7.578345883738576,-1,BTCUSDT,2024-03-05,500
1709596812500,-704816.0840000007,1086414.0780000014,-7.32678026444944e-05,25,-12.541637268785937,7.637790090220992,-1,BTCUSDT,2024-03-05,500
1709596814500,990215.9048000003,1019556.9438000004,0.0003957076036282814,29,17.620098317427527,7.602886185536664,1,BTCUSDT,2024-03-05,500
1709596823000,-1973548.2259999984,1991425.7979999983,-5.130133157393857e-05,46,-35.117708782235916,7.970796658012896,-1,BTCUSDT,2024-03-05,500
1709596841500,-417578.23680000013,622440.8367999997,-0.00027241810782285825,83,-7.430470013628116,7.331699986364881,-1,BTCUSDT,2024-03-05,500
1709596860000,584538.3700000001,585767.7932000002,0.00048755241605036304,120,10.401391756870545,7.298328862923054,1,BTCUSDT,2024-03-05,500
1709596864000,675027.5993000002,760221.4563000002,0.0001916071678653708,128,12.011575060537316,7.441587462807209,1,BTCUSDT,2024-03-05,500
1709596869000,-1924090.7061999994,1988338.721799999,-0.0002560753899949475,138,-34.23765186011638,7.9699441019638675,-1,BTCUSDT,2024-03-05,500
1709596894500,1690378.9407999995,1745684.602,0.000319324558038403,189,30.078938326708432,7.898419414132531,1,BTCUSDT,2024-03-05,500
1709596895500,-621612.155,621885.2034000002,-0.00026365475441636477,191,-11.061090044418359,7.331209206674074,-1,BTCUSDT,2024-03-05,500
1709596898500,-921386.4277999997,981037.2873999998,-2.6373549090408233e-05,197,-16.39533294454445,7.581721601779372,-1,BTCUSDT,2024-03-05,500
1709596901500,-350161.22239999997,360122.9776,-1.3190552927255794e-05,203,-6.230838280551322,7.030988064086104,-1,BTCUSDT,2024-03-05,500
1709596903000,-670450.2477000004,700603.7971000003,-0.00014217568394769842,206,-11.930124757795793,7.396707711739521,-1,BTCUSDT,2024-03-05,500
1709596906000,516688.80350000004,521327.4449,9.822181866248059e-05,212,9.194063105886794,7.234282216384419,1,BTCUSDT,2024-03-05,500
1709596914500,-768713.9508999999,798860.5198999998,-0.0001451405410133333,229,-13.678648592876199,7.468831980353026,-1,BTCUSDT,2024-03-05,500
1709596919000,533978.7531999999,533978.7531999999,0.00020523796681182205,238,9.501723902022873,7.24745901873181,1,BTCUSDT,2024-03-05,500
1709596924500,390859.65120000014,394954.0992000001,0.00015827561679948587,249,6.955034199183498,7.081724090359643,1,BTCUSDT,2024-03-05,500
1709596942000,-885010.1987000002,909063.3056999999,-1.4634281976455554e-05,284,-15.748047105110556,7.539848677112763,-1,BTCUSDT,2024-03-05,500
1709596943000,544057.4899999999,549661.0421999999,4.536557704781785e-05,286,9.681066944757923,7.263365976384006,1,BTCUSDT,2024-03-05,500
1709596954000,-427171.53290000005,435231.20910000015,-0.000106864742274837,308,-7.601175028212117,7.1350890763107175,-1,BTCUSDT,2024-03-05,500
1709596987000,611948.9377999998,1050765.8188000002,-1.317107543918894e-05,374,10.889140839905176,7.619455541722637,1,BTCUSDT,2024-03-05,500
1709596998500,-341732.5483000001,341869.1247000001,-6.735929597390111e-05,397,-6.080856780953465,7.002402149494583,-1,BTCUSDT,2024-03-05,500
1709597044000,339886.11340000003,340842.6634,8.049438190127489e-05,488,6.048000951919592,7.000749665236416,1,BTCUSDT,2024-03-05,500
1709597059500,-1132314.0878000003,1134363.5228000004,-0.0002766233527253803,519,-20.14862158498049,7.661524515588724,-1,BTCUSDT,2024-03-05,500
1709597071000,1000524.181099999,1043037.762899999,0.00014484558242600087,542,17.803525831577456,7.61539887834517,1,BTCUSDT,2024-03-05,500
1709597080500,832033.9761000002,838461.0167000002,0.0004241688548134448,561,14.805377687084535,7.495419873906438,1,BTCUSDT,2024-03-05,500
1709597084500,-337677.226,465378.9650000002,-0.0003597427439494538,569,-6.008695571172362,7.171894563499529,-1,BTCUSDT,2024-03-05,500
1709597106500,1063906.7702000001,1144667.4602000006,0.0001329778491552247,613,18.931368200238154,7.66649374054739,1,BTCUSDT,2024-03-05,500
1709597116500,706406.2239000001,707638.5771000001,0.0,633,12.569932533728297,7.4021981777261985,1,BTCUSDT,2024-03-05,500
1709597119000,404315.12299999996,418139.0605999998,5.8449709156249696e-05,638,7.1944635346184365,7.113072523950811,1,BTCUSDT,2024-03-05,500
1709597120500,656545.5927000003,713909.2149000004,0.00018702376571333446,641,11.682702567360066,7.407046433847589,1,BTCUSDT,2024-03-05,500
1709597127500,-478276.0470000001,615257.7072,-0.00038576470292994713,655,-8.510538893750343,7.325321228835114,-1,BTCUSDT,2024-03-05,500
1709597130500,-695900.7859000001,695900.7859000001,-0.00010519210718307193,661,-12.382996685161991,7.393006296870739,-1,BTCUSDT,2024-03-05,500
1709597141500,709470.1214999998,709607.0228999999,4.382364198463051e-05,683,12.62445213565029,7.403724727987578,1,BTCUSDT,2024-03-05,500
1709597158000,532260.1790000001,566901.8764,-6.427101335582108e-05,716,9.47114325165864,7.280338323811549,1,BTCUSDT,2024-03-05,500
1709597164500,-602189.9556000003,605747.2272000002,-0.0004530752927873749,729,-10.715487573977533,7.31676019552526,-1,BTCUSDT,2024-03-05,500
1709597184000,3007401.3205,3896965.656300005,0.00043369092827383326,768,53.514295912944576,8.339731967519953,1,BTCUSDT,2024-03-05,500
1709597191500,679663.4326,679663.4326,6.570537275152333e-05,783,12.094065998254276,7.380031905070513,1,BTCUSDT,2024-03-05,500
1709597193500,567452.6553000001,569781.5819,7.15355097469228e-05,787,10.097365158854709,7.283122789037731,1,BTCUSDT,2024-03-05,500
1709597196000,1295072.9162,1306991.9626000002,7.299003689098527e-05,792,23.044784476866724,7.739371079780848,1,BTCUSDT,2024-03-05,500
1709597199000,-701674.1238000001,708523.1937999999,-0.0002102257306511035,798,-12.485728605468076,7.402884731894317,-1,BTCUSDT,2024-03-05,500
1709597207500,-1767636.7818999998,1774897.7818999998,-0.0002584279274220336,815,-31.453679682987847,7.907539672475832,-1,BTCUSDT,2024-03-05,500
1709597226500,-541901.8360000004,543817.0892000002,-0.0002032313796238583,853,-9.64270880969442,7.257491988442151,-1,BTCUSDT,2024-03-05,500
1709597228500,660077.6153999998,665002.9465999998,0.00016810936211264504,857,11.745552080210445,7.368048410546075,1,BTCUSDT,2024-03-05,500
1709597231500,413673.2414999999,421883.08849999984,0.00034060120095169566,863,7.360983752317263,7.117971251413517,1,BTCUSDT,2024-03-05,500
1709597243500,-388950.78419999994,389087.60319999995,-0.00011401275201095018,887,-6.921067440972631,7.073500154572781,-1,BTCUSDT,2024-03-05,500
1709597257500,-13916919.846500004,14164759.964300003,-0.0008127764216023792,915,-247.6404335482942,9.048951837257516,-1,BTCUSDT,2024-03-05,500
1709597263000,-704679.3046000003,723838.7974000002,-0.00014176364224738336,926,-12.539203388998585,7.414637234936286,-1,BTCUSDT,2024-03-05,500
1709597265500,-484385.1593,484385.1593,-0.00013595566989010877,931,-8.61924565036414,7.193891873200976,-1,BTCUSDT,2024-03-05,500
1709597307000,-343772.6373,346369.7397,-3.51166751570986e-05,1014,-6.11715852947321,7.009589530974116,-1,BTCUSDT,2024-03-05,500
1709597309000,-1024768.5311000004,1026408.7511000003,-9.950379805445664e-05,1018,-18.234934606745966,7.606566975953464,-1,BTCUSDT,2024-03-05,500
1709597316000,-980002.6545,988746.4496999998,-0.00030160789445687897,1032,-17.43836171477939,7.586023137319481,-1,BTCUSDT,2024-03-05,500
1709597319000,-714139.0382000002,717416.6128000001,-0.00021672216596080318,1038,-12.707531765952233,7.409739703823419,-1,BTCUSDT,2024-03-05,500
1709597321500,-496844.7985999999,550117.0222,-0.00030020861062673987,1043,-8.840954944672056,7.2638216701357265,-1,BTCUSDT,2024-03-05,500
1709597331500,-1552962.7746000004,1584098.4874000002,-0.00018598561813654158,1063,-27.633727795236524,7.845041427411576,-1,BTCUSDT,2024-03-05,500
1709597341500,1443024.0582,1761931.7878,-2.7810691163310253e-05,1083,25.6774564583799,7.903510401416726,1,BTCUSDT,2024-03-05,500
1709597355500,-559949.7351,560359.7613,3.219556169753446e-05,1111,-9.963856707868441,7.273959646151002,-1,BTCUSDT,2024-03-05,500
1709597408500,-361411.31779999996,489200.4592,0.00021803883665327817,1217,-6.431024710669789,7.199327941908598,-1,BTCUSDT,2024-03-05,500
1709597420500,-555688.819,555688.819,-4.538829319677973e-05,1241,-9.888037121210242,7.269359662816349,-1,BTCUSDT,2024-03-05,500
1709597432500,-1831759.8424999996,1836945.9298999999,-0.0001069731080889369,1265,-32.5946981484654,7.926422866664234,-1,BTCUSDT,2024-03-05,500
1709597445500,-356043.1822999999,394811.5590999999,-6.446064752907432e-05,1291,-6.335503042281339,7.081525722724221,-1,BTCUSDT,2024-03-05,500
1709597471500,518044.6832999999,522143.0499,0.0005913946399367376,1343,9.218189900121065,7.235141293320899,1,BTCUSDT,2024-03-05,500
1709597484000,357715.2863,369748.4766999999,0.0001272399535174884,1368,6.365256792684809,7.0454835896558645,1,BTCUSDT,2024-03-05,500
1709597502000,-727996.7997999999,732236.211,-8.775201286859158e-05,1404,-12.954119525922403,7.420975919093253,-1,BTCUSDT,2024-03-05,500
1709597534000,345591.15689999994,347366.81129999994,0.0,1468,6.149517628119115,7.011169192039535,1,BTCUSDT,2024-03-05,500
1709597591000,-2064194.6622999997,2065423.5330999997,-0.00024757497509675375,1582,-36.730689458458286,7.99084648378199,-1,BTCUSDT,2024-03-05,500
1709597708000,2003771.3103000002,2019759.5943000002,0.00013463953212600188,1816,35.65550434201284,7.978560418639365,1,BTCUSDT,2024-03-05,500
1709597723500,428007.86000000004,428144.6600000001,0.0002193194088917494,1847,7.616056798597843,7.126067618155146,1,BTCUSDT,2024-03-05,500
1709597776000,-400276.82200000004,401917.26980000007,-0.00047542110404563687,1952,-7.122605205227397,7.091328305366325,-1,BTCUSDT,2024-03-05,500
1709597777500,-406330.59209999995,531357.8679000001,-8.927806977965247e-05,1955,-7.230327191751786,7.244755095748868,-1,BTCUSDT,2024-03-05,500
1709597858000,947696.1538,947696.1538,7.458457492148796e-05,2116,16.86349343012887,7.562720269029928,1,BTCUSDT,2024-03-05,500
1709597861500,-367978.1335000001,390138.2451000002,-0.00019592848965288567,2123,-6.547875932414,7.074982070659064,-1,BTCUSDT,2024-03-05,500
1709597864500,633460.5194000001,638247.8586000002,0.00023541126529735834,2129,11.271922191848747,7.345481514071562,1,BTCUSDT,2024-03-05,500
1709597901000,429838.87919999985,430523.2625999999,0.00012128483026607739,2202,7.648638317606681,7.129112215378793,1,BTCUSDT,2024-03-05,500
1709597951500,835118.0698,835118.0698,0.00022347005265643816,2303,14.86025666241783,7.493224460083518,1,BTCUSDT,2024-03-05,500
1709597959500,-535219.2532,550286.4532,-0.0002540858181205863,2319,-9.523797605198935,7.263990898529546,-1,BTCUSDT,2024-03-05,500
1709597984500,1213952.9338000002,1250883.6958000003,4.2402713194888975e-05,2369,21.601319411856803,7.715258157144103,1,BTCUSDT,2024-03-05,500
1709598005500,1014153.7781,1016207.3411,7.01155738660475e-05,2411,18.046053585376196,7.601077767333354,1,BTCUSDT,2024-03-05,500
1709598024000,-540983.7226999998,612173.8306999999,-5.8434168792587116e-06,2448,-9.626371719435488,7.322559805417901,-1,BTCUSDT,2024-03-05,500
1709598040500,-1197136.2530999994,1197136.2530999994,-0.00027757284639307045,2481,-21.302080058226498,7.691123263297982,-1,BTCUSDT,2024-03-05,500
1709598054000,411893.92089999997,414633.9169,7.444989197225027e-05,2508,7.329322168456362,7.108446436671392,1,BTCUSDT,2024-03-05,500
1709598055000,2742921.363899998,3646886.006700002,0.0002539638071450412,2510,48.80808707940515,8.303283660825123,1,BTCUSDT,2024-03-05,500
1709598069000,-420031.9687999999,1617220.4690000003,-0.00017803929169879495,2538,-7.474132207776924,7.856413396983109,-1,BTCUSDT,2024-03-05,500
1709598070000,497398.87489999994,497398.87489999994,0.00011675082468443065,2540,8.850814288310179,7.208461317789674,1,BTCUSDT,2024-03-05,500
1709598072500,416847.4594,416847.4594,3.7934827970431684e-05,2545,7.417466415550425,7.111372396892867,1,BTCUSDT,2024-03-05,500
1709598080500,-1423092.2972000004,1440775.7188000006,-0.00031371633734522675,2561,-25.322786747706655,7.792926037233262,-1,BTCUSDT,2024-03-05,500
1709598088500,1759933.4279000012,1933713.1637000008,1.4582074108204779e-06,2577,31.316604673188504,7.954635218647033,1,BTCUSDT,2024-03-05,500
1709598093000,553624.1839000001,553624.1839000001,7.4367385124674e-05,2586,9.851298594515946,7.267314056675315,1,BTCUSDT,2024-03-05,500
1709598095000,603547.1201,603684.2896999998,0.0,2590,10.739637228418546,7.314885470445456,1,BTCUSDT,2024-03-05,500
1709598096000,-528045.2797999999,572626.8082000001,0.0,2592,-9.396142498851049,7.285860128546505,-1,BTCUSDT,2024-03-05,500
1709598099000,-413627.14729999995,455875.4334999999,-0.00039227953554821227,2598,-7.360163542975113,7.160556131363075,-1,BTCUSDT,2024-03-05,500
1709598102500,1963273.3349000006,2148559.1105000004,0.0001576085532164484,2605,34.93487533096007,8.012532681866896,1,BTCUSDT,2024-03-05,500
1709598108000,-337284.4508,349072.86639999994,-3.7934827970431684e-05,2616,-6.001706451317692,7.0138616086838335,-1,BTCUSDT,2024-03-05,500
1709598142500,1630944.1158000326,1705438.784999965,0.0002478466512556565,2685,29.02134325587382,7.885601634652635,1,BTCUSDT,2024-03-05,500
1709598167500,1356696.0153,1397694.5083000003,0.0001458501975211135,2735,24.141318131298263,7.776243208268866,1,BTCUSDT,2024-03-05,500
1709598184000,-342342.29689999996,345219.3672999999,-0.00014743201914413362,2768,-6.0917067685459,7.007761335828234,-1,BTCUSDT,2024-03-05,500
1709598191000,-368479.2446999999,374092.72109999997,-0.000254206460843065,2782,-6.556792804551843,7.051902641591746,-1,BTCUSDT,2024-03-05,500
1709598193000,-1424300.5466000012,1435793.6984000008,-0.0002835390959479156,2786,-25.344286577306228,7.791022489057517,-1,BTCUSDT,2024-03-05,500
1709598198000,-428570.1954,485048.3906,-0.00015356411368472322,2796,-7.626063106300375,7.194643806361158,-1,BTCUSDT,2024-03-05,500
1709598206500,1086947.2251999995,1118940.7347999995,0.00021208302910658006,2813,19.3413546288648,7.654001663106062,1,BTCUSDT,2024-03-05,500
1709598215500,-555617.4657,558077.9720999999,-0.00025894853871655243,2831,-9.886767446430046,7.27171733109446,-1,BTCUSDT,2024-03-05,500
1709598225000,-450293.0342999997,468325.94669999974,-0.0003909026606994104,2850,-8.012603612563948,7.1753635403773535,-1,BTCUSDT,2024-03-05,500
1709598226000,-526110.0103000001,613488.6782999998,-0.0001684351137001272,2852,-9.361705929315637,7.323738868582309,-1,BTCUSDT,2024-03-05,500
1709598230500,508939.66550000035,588826.8245000002,0.000320789584559833,2861,9.056173406505641,7.301191255877735,1,BTCUSDT,2024-03-05,500
1709598232000,1130464.2033000004,1317741.0248999994,-2.1966708720455586e-05,2864,20.115704373079648,7.743872200338193,1,BTCUSDT,2024-03-05,500
1709598234500,-713982.6141000001,719718.6465,-0.00017866034080959992,2869,-12.704748324474616,7.411500247878288,-1,BTCUSDT,2024-03-05,500
1709598240500,529673.4542000003,535956.9502000003,0.00011420873855705338,2881,9.425114557234336,7.249491116690448,1,BTCUSDT,2024-03-05,500
1709598243500,1159534.0285000002,1159534.0285000002,0.0001537219378136001,2887,20.632978611567957,7.673585092239581,1,BTCUSDT,2024-03-05,500
1709598252000,-519746.0367999999,530531.6287999998,-0.0004336037076591026,2904,-9.248464121932068,7.243899913287801,-1,BTCUSDT,2024-03-05,500
1709598253000,-379971.3066,407131.83280000003,-0.00021833885250721607,2906,-6.761284834589335,7.0984123465315765,-1,BTCUSDT,2024-03-05,500
1709598254000,629846.0483,645272.2884999999,0.00018461132774838518,2908,11.20760557580695,7.351496645897084,1,BTCUSDT,2024-03-05,500
1709598287500,-429182.38700000005,558941.7973999999,-0.0001348619645860083,2975,-7.636956565119624,7.272567289096094,-1,BTCUSDT,2024-03-05,500
1709598292000,-719539.6018000001,721040.7388000002,-0.00030487402929324503,2984,-12.803630466387405,7.412508810654344,-1,BTCUSDT,2024-03-05,500
1709598294500,-684108.1756999999,684108.1756999999,-7.474548068131526e-05,2989,-12.173156639030768,7.383614015894661,-1,BTCUSDT,2024-03-05,500
1709598319500,-2777318.8499000063,3301520.746500011,-0.0004058022450994514,3039,-49.420162771438086,8.248609211738538,-1,BTCUSDT,2024-03-05,500
1709598351500,-552888.9256000002,615399.829,-0.000246206515750913,3103,-9.83821526241443,7.325448156379353,-1,BTCUSDT,2024-03-05,500
1709598359500,639844.8704,640254.1334,4.398107932956918e-06,3119,11.385526600511206,7.347206246717856,1,BTCUSDT,2024-03-05,500
1709598364000,-2732269.281099995,3216033.395699996,-0.00034903041758305164,3128,-48.61854180416607,8.234192205611881,-1,BTCUSDT,2024-03-05,500
1709598385500,515493.1756000002,516583.79960000014,6.308116273778808e-05,3171,9.172787865762963,7.229258937670539,1,BTCUSDT,2024-03-05,500
1709598389000,523343.04109999974,630511.6223000002,0.0001334836370840975,3178,9.31246993026839,7.338779764096313,1,BTCUSDT,2024-03-05,500
1709598391000,-5989168.492499996,6496472.171699999,-0.0002846569902512641,3182,-106.5724527004074,8.620582865889299,-1,BTCUSDT,2024-03-05,500
1709598398500,-401171.53469999944,418886.2366999994,-2.788620374261086e-05,3197,-7.138525900566081,7.114053631377245,-1,BTCUSDT,2024-03-05,500
1709598400000,1295668.2531999997,1296213.3323999997,1.614428884799679e-05,3200,23.055378021588783,7.734820252016793,1,BTCUSDT,2024-03-05,500
1709598409500,760840.9693999998,781559.6033999999,0.00016287636766065816,3219,13.538555197679411,7.456799741171871,1,BTCUSDT,2024-03-05,500
1709598423500,-806194.1097000001,1172750.7567,9.833224124022877e-05,3247,-14.345577976465716,7.6798135389621915,-1,BTCUSDT,2024-03-05,500
1709598434000,-1536166.6947999988,1547475.8265999989,-0.0001908214870773861,3268,-27.33485501810903,7.832187383106529,-1,BTCUSDT,2024-03-05,500
1709598439500,-1002121.1473999994,1380483.2985999987,-0.00017766514278783063,3279,-17.831942566836126,7.769434108471053,-1,BTCUSDT,2024-03-05,500
1709598442500,1780546.2026000002,1882963.6997999998,0.0002231870830939897,3285,31.683392476786064,7.940020026358795,1,BTCUSDT,2024-03-05,500
1709598443500,711548.9590999999,774358.6416999999,1.4679254611849046e-06,3287,12.661443384448063,7.4517130031892655,1,BTCUSDT,2024-03-05,500
1709598444500,576187.7191999999,577005.2035999999,5.8716802993075135e-06,3289,10.252798619356533,7.290046045158004,1,BTCUSDT,2024-03-05,500
1709598467500,-458577.8809000001,487718.26910000015,-0.00022469484551912444,3335,-8.160025817084382,7.19766039517326,-1,BTCUSDT,2024-03-05,500
1709598472000,1008774.0669,1008774.0669,0.00019378507827383373,3344,17.95032593668476,7.597043230054897,1,BTCUSDT,2024-03-05,500
1709598489000,-953154.8548999999,1030073.1768999991,-0.00013073825265763617,3378,-16.960626640776375,7.6085254335359656,-1,BTCUSDT,2024-03-05,500
1709598506500,-711469.5729,770126.6430999998,-0.00011609187729888504,3413,-12.660030770651149,7.44870141654393,-1,BTCUSDT,2024-03-05,500
1709598510000,-1116186.4925000228,1168991.8950999763,-0.00013225550018347576,3420,-19.861643953706547,7.678049329004501,-1,BTCUSDT,2024-03-05,500
1709598517500,-356310.8164,366788.54520000005,-1.4697830952314916e-06,3435,-6.340265376568476,7.041066651327978,-1,BTCUSDT,2024-03-05,500
1709598523500,911807.0870000003,912079.3690000003,0.0001292691885765862,3447,16.224876253338074,7.541668920653387,1,BTCUSDT,2024-03-05,500
1709598532500,533104.0515999999,573965.3115999999,1.468382421876413e-06,3465,9.48615928816876,7.287143177017361,1,BTCUSDT,2024-03-05,500
1709598535000,590176.4172,605844.2472000001,0.0002760175964073852,3470,10.501716287612515,7.316848206624097,1,BTCUSDT,2024-03-05,500
1709598545000,371623.97820000007,371623.97820000007,2.934689941724855e-06,3490,6.612750816520255,7.048264031541082,1,BTCUSDT,2024-03-05,500
1709598592500,-384334.2377000002,384334.2377000002,-0.00013655154511660328,3585,-6.838919696402318,7.066745203303212,-1,BTCUSDT,2024-03-05,500
1709598602000,-2013104.0993,2307705.395100001,-0.0003655198826990613,3604,-35.82157384156205,8.051801079766758,-1,BTCUSDT,2024-03-05,500
1709598620500,500051.1316999999,500051.1316999999,0.0,3641,8.898009072147248,7.211383839085071,1,BTCUSDT,2024-03-05,500
1709598627500,-507160.25179999985,513555.3369999998,-0.0002234216446073134,3655,-9.024510166004855,7.226027767481669,-1,BTCUSDT,2024-03-05,500
1709598629000,-2874170.078699999,3124536.416099999,-0.0003249854263067675,3658,-51.143552756740554,8.218330803406626,-1,BTCUSDT,2024-03-05,500
1709598631000,376236.65359999996,383580.1104,1.1765795948193158e-05,3662,6.694829677968954,7.065665849100762,1,BTCUSDT,2024-03-05,500
1709598644000,389523.9122,405836.6582,0.00016625262934510943,3688,6.931265794341345,7.0966613430812,1,BTCUSDT,2024-03-05,500
1709598645500,344708.00490000006,350963.18610000005,0.00017062512084464743,3691,6.133802646170433,7.016829498445791,1,BTCUSDT,2024-03-05,500
1709598657000,634849.9501000001,647770.7718999999,0.00011764169588168727,3714,11.296645997455764,7.353620361935583,1,BTCUSDT,2024-03-05,500
1709598668500,-447168.26169999974,531852.8825000001,-0.0001500772459230859,3737,-7.957000788811361,7.245266814063784,-1,BTCUSDT,2024-03-05,500
1709598679500,-2353286.707399999,2393232.6656000013,-0.0003443977268471343,3759,-41.87485067901252,8.071799740896072,-1,BTCUSDT,2024-03-05,500
1709598681500,984261.7113000002,984397.6413000001,7.50358075638502e-05,3763,17.51414821668442,7.583600743033869,1,BTCUSDT,2024-03-05,500
1709598683500,990577.6879000001,995881.6801000001,5.882525958256224e-05,3767,17.62653595770444,7.589974650089347,1,BTCUSDT,2024-03-05,500
1709598690000,1231140.2423,1243244.2529000002,0.0002088017288137678,3780,21.90715379011103,7.7118916691676915,1,BTCUSDT,2024-03-05,500
1709598693500,493987.1346,493987.1346,1.4702822870305e-06,3787,8.790105104355321,7.204678920744238,1,BTCUSDT,2024-03-05,500
1709598694500,478139.82599999994,478139.82599999994,0.0,3789,8.508114950243412,7.1867603565770946,1,BTCUSDT,2024-03-05,500
1709598713500,-502102.5239,502102.5239,-7.352346504596596e-05,3827,-8.934511952050906,7.213633656231702,-1,BTCUSDT,2024-03-05,500
1709598724500,338171.1367000001,341979.30030000006,2.4999687505911083e-05,3849,6.017484316184278,7.002579224557396,1,BTCUSDT,2024-03-05,500
1709598746000,1107597.9427,1107597.9427,0.00018967422406213075,3892,19.7088175941753,7.648402460367621,1,BTCUSDT,2024-03-05,500
1709598750000,-481143.422,481823.52300000004,-8.527781458766981e-05,3900,-8.561561533528218,7.190977938942736,-1,BTCUSDT,2024-03-05,500
1709598757000,498907.08129999996,498907.08129999996,6.910143873284369e-05,3914,8.877651612293922,7.210125115837037,1,BTCUSDT,2024-03-05,500
1709598795000,363212.43500000006,364572.71900000004,1.4701612407463927e-06,3990,6.463074147556607,7.037736706964747,1,BTCUSDT,2024-03-05,500
1709598862000,-380631.24990000005,382942.4543,-0.00020741653949052363,4124,-6.7730279966346645,7.064751538743919,-1,BTCUSDT,2024-03-05,500
1709598863500,-654210.9467999999,654618.7674000001,-0.00011917697279528738,4127,-11.641159414907174,7.359399445841505,-1,BTCUSDT,2024-03-05,500
1709598868000,-4082587.352799989,4320009.45759999,-0.0003945836089922494,4136,-72.6463695413489,8.396367698906856,-1,BTCUSDT,2024-03-05,500
1709598875500,346541.47719999996,347084.9196,0.00019139094160891545,4151,6.166427816127487,7.010723051082312,1,BTCUSDT,2024-03-05,500
1709598880500,-795170.6368999999,795170.6368999999,-7.362295626123228e-05,4161,-14.149424113864688,7.466287792831279,-1,BTCUSDT,2024-03-05,500
1709598885000,-348637.87159999995,399716.494,-0.0001560698666125404,4170,-6.2037314741085865,7.088310905225866,-1,BTCUSDT,2024-03-05,500
1709598892000,-687610.5478999992,687882.1146999991,-0.00014875900406075004,4184,-12.23547854500003,7.386637289122178,-1,BTCUSDT,2024-03-05,500
1709598896500,353753.60970000003,375490.3397,0.0001722375203812021,4193,6.294761933073409,7.053951921821085,1,BTCUSDT,2024-03-05,500
1709598921000,-426865.7633999999,529750.8271999999,-0.00026631687598666076,4242,-7.595734105049443,7.243090535137498,-1,BTCUSDT,2024-03-05,500
1709598999500,-374005.31050000014,380661.0129000001,-0.0002944341659123495,4399,-6.655124716039615,7.061467754014733,-1,BTCUSDT,2024-03-05,500
1709599004000,-1634654.3526000008,1716146.7384000006,-0.00011191430909818223,4408,-29.087363945785462,7.889041277373818,-1,BTCUSDT,2024-03-05,500
1709599041500,357152.38610000006,363400.74090000003,0.00017375682922704527,4483,6.355240434818994,7.0359672653796865,1,BTCUSDT,2024-03-05,500
1709599044500,1006377.7917,1006649.4961,8.096695154335976e-05,4489,17.9076861402374,7.595884618903822,1,BTCUSDT,2024-03-05,500
1709599066000,-2780153.120100002,2932751.696300001,-0.00028403885783667704,4532,-49.47059633783507,8.18352001087996,-1,BTCUSDT,2024-03-05,500
1709599087500,-418267.73450000025,418267.73450000025,-9.422725559815603e-05,4575,-7.442739072532089,7.11324160890899,-1,BTCUSDT,2024-03-05,500
1709599091000,339569.35920000006,339569.35920000006,0.0,4582,6.0423645648252196,6.998692863071125,1,BTCUSDT,2024-03-05,500
1709599095500,-432566.8376,528039.9569999998,-0.00014285808987679616,4591,-7.697180150737067,7.241312870071018,-1,BTCUSDT,2024-03-05,500
1709599165500,2210886.051599999,2212926.0094,9.411598625774786e-05,4731,39.34094515043091,8.028754242042787,1,BTCUSDT,2024-03-05,500
1709599166500,4803615.342099999,4831899.736699999,0.0002823629088020141,4733,85.47648467028058,8.457906876535036,1,BTCUSDT,2024-03-05,500
1709599181500,-723360.8734999999,865718.5659000002,-0.00023532145754856515,4763,-12.87162693334498,7.5130007726759755,-1,BTCUSDT,2024-03-05,500
1709599183000,-2062632.6721999992,2064536.114999999,-0.0002530356940937395,4766,-36.70289509664341,7.990610318872747,-1,BTCUSDT,2024-03-05,500
1709599197000,361920.3063000002,368714.5063000001,0.000260482010922658,4794,6.440081753047082,7.043944685469366,1,BTCUSDT,2024-03-05,500
1709599214000,340259.5139999999,340259.5139999999,0.00016027702963050672,4828,6.054645316296988,6.999808643851581,1,BTCUSDT,2024-03-05,500
1709599232000,341863.14099999936,379303.8603999994,5.7296192684574976e-05,4864,6.083180573373251,7.059504992434302,1,BTCUSDT,2024-03-05,500
1709599243000,1207852.1382000006,1208805.0286000005,0.00026149014272291993,4886,21.492760644253252,7.696453867070118,1,BTCUSDT,2024-03-05,500
1709599244000,-540831.4658,637629.2810000001,-0.00012339186628373966,4888,-9.623662429941653,7.3449486483495,-1,BTCUSDT,2024-03-05,500
1709599248000,869028.1847999997,869981.3461999998,0.0001248607253678813,4896,15.463659978158299,7.515700076556122,1,BTCUSDT,2024-03-05,500
1709599263000,484665.38469999994,485209.9726999999,0.0001792017302175708,4926,8.624232036742207,7.1948268430116205,1,BTCUSDT,2024-03-05,500
1709599269000,385565.39509999997,409810.4630999998,0.000320128289006405,4938,6.860827155499944,7.102016099277977,1,BTCUSDT,2024-03-05,500
1709599272500,1043681.3743000003,1043681.3743000003,0.00025836076113527895,4945,18.571473491882735,7.6157378726672755,1,BTCUSDT,2024-03-05,500
1709599274000,440174.4590999999,576567.1329,0.00011448331344787732,4948,7.832551677433407,7.28962866505733,1,BTCUSDT,2024-03-05,500
1709599276500,913947.7199000004,1092626.9761,0.0001731454367295271,4953,16.262967099967266,7.640923828292982,1,BTCUSDT,2024-03-05,500
1709599282000,553341.0402999998,816240.2749000001,0.00014970301591432644,4964,9.84626028110796,7.4806594908657065,1,BTCUSDT,2024-03-05,500
1709599306500,598184.3620999999,599411.4455,0.0,5013,10.644211248332258,7.310981998414846,1,BTCUSDT,2024-03-05,500
1709599312500,969863.1786,969999.5356,0.00029918384630356343,5025,17.25793786844532,7.575503577066433,1,BTCUSDT,2024-03-05,500
1709599324500,339898.62579999986,343853.65739999985,0.00010706159204865173,5049,6.048223600048264,7.005582996087865,1,BTCUSDT,2024-03-05,500
1709599333500,-435171.08239999996,463678.7242,-0.0001275739325663494,5067,-7.7435205995182,7.169883154453039,-1,BTCUSDT,2024-03-05,500
1709599336500,-428984.9764999999,583272.6035000001,-9.823132311659322e-05,5073,-7.633443803506692,7.295982976053117,-1,BTCUSDT,2024-03-05,500
1709599348500,-535071.9634,545982.4273999999,-0.00020092852511943704,5097,-9.52117670126821,7.259675784103413,-1,BTCUSDT,2024-03-05,500
1709599355500,346554.04339999985,346826.69299999985,0.0001804676758681012,5111,6.166651421584035,7.010314046016069,1,BTCUSDT,2024-03-05,500
1709599392500,-352103.6628999999,360295.34289999993,-5.420280493417806e-05,5185,-6.265402452283814,7.0312510285063325,-1,BTCUSDT,2024-03-05,500
1709599393500,639845.8518000003,644487.3550000002,7.764413061828179e-05,5187,11.385544063737568,7.350827753039375,1,BTCUSDT,2024-03-05,500
1709599395000,-375375.92959999986,456062.3655999998,-0.00017873703288273646,5190,-6.679513784303083,7.160781425982,-1,BTCUSDT,2024-03-05,500
1709599405000,348966.50789999997,383917.61010000005,8.935431261214433e-05,5210,6.209579293648352,7.06614916189372,1,BTCUSDT,2024-03-05,500
1709599407500,2737766.5643999977,2810130.322999999,0.0001318327834880506,5215,48.71636155413702,8.160048813830409,1,BTCUSDT,2024-03-05,500
1709599408500,2249205.6050000004,2269966.1548000006,0.00021672470482947404,5217,40.02281088810992,8.042739763846486,1,BTCUSDT,2024-03-05,500
1709599424000,-1108892.2086000005,1458760.3143999996,-0.00012889920100356278,5248,-19.731848018445763,7.799743307851927,-1,BTCUSDT,2024-03-05,500
1709599429000,-610368.5796,627576.6012000002,-0.00013180768399223552,5258,-10.86101963247378,7.336215673737028,-1,BTCUSDT,2024-03-05,500
1709599430500,385898.21719999996,391906.5316,0.0,5261,6.866749457995577,7.0774672271336625,1,BTCUSDT,2024-03-05,500
1709599432500,403036.704,404675.50860000006,0.00014059527476462108,5265,7.171715093231388,7.095086776747329,1,BTCUSDT,2024-03-05,500
1709599445500,1005725.7445000005,1010642.5965000005,0.00015375547784124421,5291,17.896083482962453,7.598060197001983,1,BTCUSDT,2024-03-05,500
1709599454500,-606673.8646999999,606810.3730999999,-0.0001670089866436797,5309,-10.795275142330476,7.317723853640691,-1,BTCUSDT,2024-03-05,500
1709599478500,-682897.5413999993,685627.8587999993,-0.00019045665703565362,5357,-12.151614372047318,7.384833423205201,-1,BTCUSDT,2024-03-05,500
1709599498000,541134.2959999999,824852.0806,8.931597876227215e-05,5396,9.62905105061682,7.486427125685806,1,BTCUSDT,2024-03-05,500
1709599508000,400298.0180000002,400980.88200000016,1.7573122496727933e-05,5416,7.122982371057726,7.090046484015336,1,BTCUSDT,2024-03-05,500
1709599511000,-508360.2154000003,563251.4662,-3.3687861460407476e-05,5422,-9.045862556434912,7.276788243852721,-1,BTCUSDT,2024-03-05,500
1709599520500,-1667972.2239,1681066.8829000003,-0.00047798274600552304,5441,-29.680228759597917,7.877691607809393,-1,BTCUSDT,2024-03-05,500
1709599547000,-1681398.9016999993,1967677.8901000004,-0.00022693382487481983,5494,-29.919145728882704,7.964203908628097,-1,BTCUSDT,2024-03-05,500
1709599556500,-346841.2660999999,346841.2660999999,-0.00020217825158397318,5513,-6.171762319306911,7.010337136453262,-1,BTCUSDT,2024-03-05,500
1709599574500,431422.5526,431968.7174,0.00019189232994953898,5549,7.676818516364782,7.130954182811907,1,BTCUSDT,2024-03-05,500
1709599605500,546704.0787000002,832912.8579,4.0995247484687525e-05,5611,9.72816086929877,7.491771415103112,1,BTCUSDT,2024-03-05,500
1709599634000,-470069.8035000001,470069.8035000001,-0.000366233294698759,5668,-8.364515368390029,7.177406018713659,-1,BTCUSDT,2024-03-05,500
1709599658500,-353638.292,357733.47159999993,-0.0001450531387874321,5717,-6.292709947034919,7.027329556072909,-1,BTCUSDT,2024-03-05,500
1709599694500,-468445.5262,528590.1046,-0.00021118147313003988,5789,-8.335612655777522,7.241885123725947,-1,BTCUSDT,2024-03-05,500
1709599700000,-671876.7711999998,721362.5967999998,7.335449366152602e-06,5800,-11.955508600047033,7.41275406126246,-1,BTCUSDT,2024-03-05,500
1709599727500,-681752.3839000002,681752.3839000002,-0.00010422362582929168,5855,-12.131237212236904,7.381718342855132,-1,BTCUSDT,2024-03-05,500
1709599745500,-358333.69200000045,359558.9772000004,-0.00011457900308364799,5891,-6.376260826432648,7.030126731697523,-1,BTCUSDT,2024-03-05,500
1709599759000,347195.5742999999,348965.07970000006,-8.081158342854167e-05,5918,6.178066949729841,7.013691894554469,1,BTCUSDT,2024-03-05,500
1709599771000,-1164879.6811000004,1165015.7691000006,-1.4696405337133456e-06,5942,-20.728100214772095,7.676176961883878,-1,BTCUSDT,2024-03-05,500
1709599792500,-996223.6458999997,1003980.5726999997,1.322725078090059e-05,5985,-17.727001254791496,7.594425680833944,-1,BTCUSDT,2024-03-05,500
1709599801500,586339.9084000002,586339.9084000002,-1.763743604676904e-05,6003,10.43344868867375,7.298865336526386,1,BTCUSDT,2024-03-05,500
1709599807000,375194.2068000001,375466.41920000006,0.00017340904592089146,6014,6.676280172737169,7.0539169122118,1,BTCUSDT,2024-03-05,500
1709599810000,1038867.8591000005,1039548.5881000003,8.96021152581028e-05,6020,18.48582084717637,7.613557458597177,1,BTCUSDT,2024-03-05,500
1709599814500,516244.3003999997,516244.3003999997,0.00030660694184092563,6029,9.186153529514167,7.228897658450762,1,BTCUSDT,2024-03-05,500
1709599828500,340237.8368,341328.34040000004,7.189531458529075e-05,6057,6.05425958789837,7.001532168539693,1,BTCUSDT,2024-03-05,500
1709599851500,-344064.09389999986,344064.09389999986,-0.00013055644200932193,6103,-6.122344766052896,7.005919210559055,-1,BTCUSDT,2024-03-05,500
1709599868500,-453187.85639999993,579666.3189999999,-2.931627126478986e-05,6137,-8.06411465148608,7.2925746838434,-1,BTCUSDT,2024-03-05,500
1709599870500,341069.5335999999,341069.5335999999,4.3979048388820274e-05,6141,6.0690589658070175,7.001115328082583,1,BTCUSDT,2024-03-05,500
1709599874000,-385134.13080000004,399732.84700000007,-0.00010700368440019759,6148,-6.85315315296175,7.08833338740993,-1,BTCUSDT,2024-03-05,500
1709599895000,938607.0095,938607.0095,0.00028871470131974775,6190,16.701759392722522,7.557424274795217,1,BTCUSDT,2024-03-05,500
1709599926500,-1047369.8045000004,1048596.8151000002,-0.000161357279102603,6253,-18.637106150827048,7.6183199932741,-1,BTCUSDT,2024-03-05,500
1709599950500,-2204789.057499998,2244160.1224999973,-0.00031850803474675615,6301,-39.23245402747274,8.036456501850253,-1,BTCUSDT,2024-03-05,500
1709599994500,344304.64729999995,344304.64729999995,5.7257329871163165e-05,6389,6.1266252209900935,7.006303291018382,1,BTCUSDT,2024-03-05,500
1709600021000,710423.7770999995,712467.6740999996,0.0002055109228944474,6442,12.641421672648745,7.4059356609316325,1,BTCUSDT,2024-03-05,500
1709600114000,564778.3767,578405.0567000001,0.00036101560243650965,6628,10.04977851473823,7.291377660536011,1,BTCUSDT,2024-03-05,500
1709600120000,622288.8289000001,629925.8145000002,0.00011146195565636674,6640,11.07313091408026,7.338268945974498,1,BTCUSDT,2024-03-05,500
1709600122000,-388858.67159999994,388858.67159999994,-0.00022439495953463506,6644,-6.919428371088572,7.073176718740827,-1,BTCUSDT,2024-03-05,500
1709600159500,533067.48,533885.0063999998,5.871723396566608e-05,6719,9.485508525860762,7.247362530823977,1,BTCUSDT,2024-03-05,500
1709600222000,-521302.42010000005,521302.42010000005,-0.00030063786782363877,6844,-9.276158715235075,7.234255836510275,-1,BTCUSDT,2024-03-05,500
1709600256500,579597.5106,582325.8465999999,0.00023606917082830137,6913,10.313473124198037,7.29509024227854,1,BTCUSDT,2024-03-05,500
1709600320000,616421.1185999999,618465.8575999999,0.00022447726601626528,7040,10.968719712560459,7.328179281534805,1,BTCUSDT,2024-03-05,500
1709600332000,-428830.2914,428830.2914,-1.4658468678874215e-06,7064,-7.630691306140181,7.1269469539405,-1,BTCUSDT,2024-03-05,500
1709600357000,910485.6819000001,935189.3447000006,0.00014361604714174803,7114,16.20136290875707,7.555419617256634,1,BTCUSDT,2024-03-05,500
1709600370500,-877378.3822000003,878333.1836000003,-0.0003050229084120559,7141,-15.612245047782743,7.520950548813949,-1,BTCUSDT,2024-03-05,500
1709596802500,-135786.4466,136730.1326,-5.7857694883978183e-05,5,-9.809439730908505,8.956681376426715,-1,ETHUSDT,2024-03-05,500
1709596804500,113084.3453,113084.3453,0.00030574006548533816,9,8.16940200959347,8.812873605439535,1,ETHUSDT,2024-03-05,500
1709596841500,-121427.67950000001,121427.67950000001,-0.00015978489681067742,83,-8.77213840957323,8.866787633748952,-1,ETHUSDT,2024-03-05,500
1709596854000,108065.09999999999,108065.09999999999,5.7852913117883986e-05,108,7.806803344573277,8.778488460953463,1,ETHUSDT,2024-03-05,500
1709596858000,181094.33109999998,184216.8105,0.00018454987099403297,116,13.082556993097127,9.182460108793626,1,ETHUSDT,2024-03-05,500
1709596867500,-96896.17379999996,98204.06639999997,-0.00041559614561670344,135,-6.999941458418983,8.706017716819934,-1,ETHUSDT,2024-03-05,500
1709596907000,-315342.2072000001,414664.98520000005,-0.00016550765372613796,214,-22.780847820934607,9.796969180725759,-1,ETHUSDT,2024-03-05,500
1709596908500,91463.69,91463.69,0.00016825706409129282,217,6.6074897538522,8.652163884169358,1,ETHUSDT,2024-03-05,500
1709596926500,-289828.70929999993,292295.6651,1.1025723011925948e-05,253,-20.937710112854155,9.532107988206986,-1,ETHUSDT,2024-03-05,500
1709596955500,92096.33600000001,92096.33600000001,0.0,311,6.653193157714604,8.657384566551244,1,ETHUSDT,2024-03-05,500
1709596996500,181229.38580000005,181229.38580000005,0.0,393,13.092313570231289,9.170077035384075,1,ETHUSDT,2024-03-05,500
1709597010000,938312.9769,988433.4001000001,0.0006840756832371397,420,67.78529688418766,10.454872268937617,1,ETHUSDT,2024-03-05,500
1709597018500,194982.92859999996,194982.92859999996,0.0002702583465623576,437,14.085892477119552,9.225478402497806,1,ETHUSDT,2024-03-05,500
1709597078500,-251456.74550000008,263425.36970000004,-0.00015163315832644741,557,-18.165655348349393,9.453343288805133,-1,ETHUSDT,2024-03-05,500
1709597081000,118280.63780000001,118280.63780000001,0.0002727975404521743,562,8.544790860095446,8.846899760078452,1,ETHUSDT,2024-03-05,500
1709597106500,-84868.9324,84868.9324,0.0,613,-6.131073448418439,8.595486280775678,-1,ETHUSDT,2024-03-05,500
1709597111000,100016.8588,100016.8588,0.0001569592859098634,622,7.225384955860433,8.7198710387735,1,ETHUSDT,2024-03-05,500
1709597153500,-107807.16470000001,107807.16470000001,-6.609712975702564e-05,707,-7.788169667625554,8.776678547759587,-1,ETHUSDT,2024-03-05,500
1709597156500,296427.56989999994,296427.56989999994,6.335468571982972e-05,713,21.414422825861898,9.542739436089404,1,ETHUSDT,2024-03-05,500
1709597160500,131291.90559999997,166441.81520000004,2.7545477584212108e-05,721,9.484746581028276,9.105610350719523,1,ETHUSDT,2024-03-05,500
1709597174500,123576.8613,123576.8613,0.0001543835275850114,749,8.927398892970146,8.880075469268814,1,ETHUSDT,2024-03-05,500
1709597183500,292863.1465000001,292863.1465000001,0.00041062612793041353,767,21.1569229251484,9.533576996212792,1,ETHUSDT,2024-03-05,500
1709597198000,145471.0897,145471.0897,0.00013762465374611565,796,10.50907452645377,9.003614946666675,1,ETHUSDT,2024-03-05,500
1709597209500,134635.11620000002,134635.11620000002,0.00016790785476672454,819,9.72626569953826,8.944986752715874,1,ETHUSDT,2024-03-05,500
1709597224000,-126364.73520000002,126364.73520000002,-0.00028901455871199744,848,-9.128799560593352,8.896971969218297,-1,ETHUSDT,2024-03-05,500
1709597238500,-83130.7712,83130.7712,-0.00014043377538008883,877,-6.005505779767158,8.579813737031719,-1,ETHUSDT,2024-03-05,500
1709597266000,-522345.31489999994,523071.51089999994,-0.0003276815185273563,932,-37.73509811570527,9.972869769064323,-1,ETHUSDT,2024-03-05,500
1709597287000,102676.62370000001,103982.88190000002,0.0001074870224240243,974,7.417530815320135,8.749323644163352,1,ETHUSDT,2024-03-05,500
1709597343500,253560.6249,253560.6249,5.782837915546679e-05,1087,18.317643110693556,9.424436107853511,1,ETHUSDT,2024-03-05,500
1709597375000,-272516.0078,272516.0078,-0.00023674959436448262,1150,-19.687011635974958,9.479039242654443,-1,ETHUSDT,2024-03-05,500
1709597392000,-118009.72339999997,118736.16139999997,0.0,1184,-8.525219551282396,8.849810988294104,-1,ETHUSDT,2024-03-05,500
1709597395000,-134937.3221,134937.3221,-5.50625923878556e-06,1190,-9.748097558583128,8.946684887040051,-1,ETHUSDT,2024-03-05,500
1709597397000,541796.3156000001,543394.4672000001,0.00020371196300139616,1194,39.14027089877823,10.001739269627844,1,ETHUSDT,2024-03-05,500
1709597400000,-111311.9857,111311.9857,-9.083964743972217e-05,1200,-8.041363791398451,8.800909261777651,-1,ETHUSDT,2024-03-05,500
1709597402000,200603.75019999998,200603.75019999998,8.808680960825654e-05,1204,14.491950018972842,9.247002889255935,1,ETHUSDT,2024-03-05,500
1709597408500,125309.34890000001,125309.34890000001,0.00015692385233379014,1217,9.052556691279792,8.890619834816755,1,ETHUSDT,2024-03-05,500
1709597433500,-116306.4385,116306.4385,-6.0639136517437464e-05,1267,-8.402171404803273,8.834151788406086,-1,ETHUSDT,2024-03-05,500
1709597445000,278362.41179999965,341371.7469999996,0.0004574590709029991,1290,20.109365627235075,9.649658722857929,1,ETHUSDT,2024-03-05,500
1709597461000,298686.7019,298686.7019,0.00023698119141712937,1322,21.57762629537641,9.548489722770183,1,ETHUSDT,2024-03-05,500
1709597462000,-1803553.6924000008,1889648.724200001,-0.0008820749177829157,1324,-130.2917315390983,10.945677346231767,-1,ETHUSDT,2024-03-05,500
1709597472500,145760.1808,145760.1808,0.00017625949850241796,1345,10.52995895043863,9.005118578479147,1,ETHUSDT,2024-03-05,500
1709597475000,145527.08210000006,145527.08210000006,9.635065037372215e-05,1350,10.51311951096395,9.003906409694089,1,ETHUSDT,2024-03-05,500
1709597532500,143681.2175,143681.2175,8.270420703837544e-06,1465,10.379771168780305,8.994238343585888,1,ETHUSDT,2024-03-05,500
1709597551000,87816.87600000002,87816.87600000002,2.758015828163707e-06,1502,6.344037818562856,8.621347399813791,1,ETHUSDT,2024-03-05,500
1709597557000,-102971.862,107322.79799999998,2.7580310408836795e-06,1514,-7.438859323301768,8.773268050531085,-1,ETHUSDT,2024-03-05,500
1709597565500,-185166.9964,185166.9964,-1.654606424317251e-05,1531,-13.376773137674494,9.186356629278071,-1,ETHUSDT,2024-03-05,500
1709597583000,-138722.71950000004,139085.38750000004,-1.378661898421285e-05,1566,-10.021560990189256,8.969616609290869,-1,ETHUSDT,2024-03-05,500
1709597600000,-104168.50490000001,104241.05150000002,-4.9624644711698807e-05,1600,-7.525306805365635,8.751201741667067,-1,ETHUSDT,2024-03-05,500
1709597633500,-219872.6119,220598.2519,-7.992624740893461e-05,1667,-15.883964776426266,9.318963071607293,-1,ETHUSDT,2024-03-05,500
1709597654500,-155659.0302,158053.22340000002,2.756670108183812e-06,1709,-11.245068366923205,9.066443132878598,-1,ETHUSDT,2024-03-05,500
1709597675500,240164.35580000008,240164.35580000008,0.0004133871346656548,1751,17.34987425271181,9.383325751611872,1,ETHUSDT,2024-03-05,500
1709597682500,116521.78880000002,116521.78880000002,0.0,1765,8.417728670213615,8.835552839170436,1,ETHUSDT,2024-03-05,500
1709597684000,377859.4741,378295.2145,0.00032226211757091505,1768,27.29719961562595,9.727444257043544,1,ETHUSDT,2024-03-05,500
1709597750000,606660.8832,606660.8832,0.0,1900,43.82619561715613,10.085153478666198,1,ETHUSDT,2024-03-05,500
1709597768000,108954.36959999999,108954.36959999999,2.2028311889243923e-05,1936,7.8710456659842345,8.784695447516924,1,ETHUSDT,2024-03-05,500
1709597769500,387988.3989,387988.3989,2.7534707498944044e-05,1939,28.028930063342845,9.746606511237829,1,ETHUSDT,2024-03-05,500
1709597776000,-134293.85539999997,134293.85539999997,-0.0002202988914099535,1952,-9.701612449276963,8.943064575410622,-1,ETHUSDT,2024-03-05,500
1709597859000,1185981.7755999998,1185981.7755999998,0.0003055851911319962,2118,85.67730462801619,10.592871732032862,1,ETHUSDT,2024-03-05,500
1709597864500,395801.12410000025,632908.8257000003,0.00034399299143750284,2129,28.593334382790975,10.117233611753688,1,ETHUSDT,2024-03-05,500
1709597873500,-88942.32280000001,88942.32280000001,-5.229542512630303e-05,2147,-6.42534197543107,8.630992162136069,-1,ETHUSDT,2024-03-05,500
1709597887000,-1208209.2878999992,1208209.2878999992,-0.00046234630561414747,2174,-87.28305724717981,10.606935179573613,-1,ETHUSDT,2024-03-05,500
1709597889000,-91628.01479999999,91628.01479999999,2.7524286743130233e-06,2178,-6.619360851905469,8.653523378638495,-1,ETHUSDT,2024-03-05,500
1709597893500,191485.7912,191921.86400000003,9.356441917063307e-05,2187,13.833253429445957,9.213493822165097,1,ETHUSDT,2024-03-05,500
1709597924000,-253473.81420000002,253473.81420000002,-0.00010458264653046001,2248,-18.31137176071003,9.424176760560588,-1,ETHUSDT,2024-03-05,500
1709597928000,181678.32449999996,181678.32449999996,0.00013210512284267395,2256,13.124745651862339,9.171950891782766,1,ETHUSDT,2024-03-05,500
1709597957500,90856.26170000002,97619.20310000003,7.701087782407967e-05,2315,6.563608118763459,8.701493592220599,1,ETHUSDT,2024-03-05,500
1709597970000,84763.8932,84763.8932,0.00012380953707058495,2340,6.123485241144571,8.594548321305025,1,ETHUSDT,2024-03-05,500
1709598053500,111107.54959999998,111107.54959999998,0.0002781522447055096,2507,8.026594986028062,8.799516975624114,1,ETHUSDT,2024-03-05,500
1709598055000,118510.3823,118510.3823,9.636285302150327e-05,2510,8.561387986559007,8.84836944416433,1,ETHUSDT,2024-03-05,500
1709598069000,-817747.4974,871476.0508000002,-0.0004901987881744674,2538,-59.07544524290217,10.359492491372071,-1,ETHUSDT,2024-03-05,500
1709598123500,256348.637,256348.637,0.0003662786815823438,2647,18.51905376211562,9.432718427865762,1,ETHUSDT,2024-03-05,500
1709598142500,106482.40999999999,106482.40999999999,8.804851478849685e-05,2685,7.692467175121505,8.767314070616465,1,ETHUSDT,2024-03-05,500
1709598163500,181332.35660000006,185914.79000000004,0.0003245065741062092,2727,13.099752352833937,9.18940914550318,1,ETHUSDT,2024-03-05,500
1709598200500,121361.29840000003,121361.29840000003,7.439543380804992e-05,2801,8.767342928020941,8.866373481961709,1,ETHUSDT,2024-03-05,500
1709598214000,-181428.29670000006,181428.29670000006,-1.9291532257881272e-05,2828,-13.106683225923943,9.170907855450945,-1,ETHUSDT,2024-03-05,500
1709598229500,133527.37239999996,133527.37239999996,1.3787493365668979e-05,2859,9.646240436962547,8.938729435668556,1,ETHUSDT,2024-03-05,500
1709598231500,235795.09060000003,235795.09060000003,0.00011578732637929079,2863,17.034231235894282,9.36941993625482,1,ETHUSDT,2024-03-05,500
1709598244000,96642.4208,169196.4208,0.00012128629645147271,2888,6.981609917809711,9.118042401854458,1,ETHUSDT,2024-03-05,500
1709598245000,-137155.5922,137155.5922,-0.00019020866499097622,2890,-9.90834909618266,8.95903444041318,-1,ETHUSDT,2024-03-05,500
1709598253000,-206067.5927000001,206937.80390000012,-0.0001434031782796552,2906,-14.886667128411712,9.27054743486495,-1,ETHUSDT,2024-03-05,500
1709598257000,-183836.8283999999,226485.0401999999,-0.0002012713185521875,2914,-13.280679579335631,9.338909298894514,-1,ETHUSDT,2024-03-05,500
1709598261500,-358867.04410000006,358867.04410000006,-0.0003116437578576381,2923,-25.925154745954117,9.687512736654496,-1,ETHUSDT,2024-03-05,500
1709598266000,181100.0678,181462.61079999997,0.0,2932,13.08297142188817,9.171051088013584,1,ETHUSDT,2024-03-05,500
1709598293500,-90689.4986,90689.4986,-7.718091209518718e-05,2987,-6.551560873845058,8.645725794222892,-1,ETHUSDT,2024-03-05,500
1709598306000,146426.15869999997,146426.15869999997,0.0002453044198791332,3012,10.578070306437299,9.008571170940687,1,ETHUSDT,2024-03-05,500
1709598318500,116983.6122,116983.6122,0.0002645378731696013,3037,8.451091564096302,8.83854871272301,1,ETHUSDT,2024-03-05,500
1709598321500,114416.0685,114416.0685,0.00012400024815839572,3043,8.265607918178256,8.821740683788107,1,ETHUSDT,2024-03-05,500
1709598331500,125076.2146,139596.3746,0.0004297307637664005,3063,9.035714680001638,8.972394060170448,1,ETHUSDT,2024-03-05,500
1709598354000,96475.7055,103512.12429999998,9.098792210515683e-05,3108,6.9695661260431585,8.745887005444489,1,ETHUSDT,2024-03-05,500
1709598356000,-128715.8946,128788.4282,-5.5145487596774956e-05,3112,-9.29865124321378,8.911361079407287,-1,ETHUSDT,2024-03-05,500
1709598368500,136848.30029999997,136848.30029999997,0.00016269780573097137,3137,9.886149816001724,8.957335653053159,1,ETHUSDT,2024-03-05,500
1709598379000,-112769.58609999999,112842.08189999999,-7.724287093680005e-05,3158,-8.146663279186566,8.811249311125662,-1,ETHUSDT,2024-03-05,500
1709598382000,-123268.4442,126602.9566,-8.82851168420018e-05,3164,-8.90511832646159,8.898398430663512,-1,ETHUSDT,2024-03-05,500
1709598384000,-501441.7075000002,501441.7075000002,-0.00012692351219811826,3168,-36.22498659807409,9.940884771303095,-1,ETHUSDT,2024-03-05,500
1709598399500,141048.05780000004,141048.05780000004,5.524358277497754e-06,3199,10.189547313412056,8.980229508067206,1,ETHUSDT,2024-03-05,500
1709598401500,-194357.35179999997,237094.79180000004,-5.245858189084629e-05,3203,-14.040699764074109,9.373583166049485,-1,ETHUSDT,2024-03-05,500
1709598420000,-278140.77479999996,297400.48819999985,-0.0002458600902723873,3240,-20.093354200114952,9.545221209988709,-1,ETHUSDT,2024-03-05,500
1709598432500,-180672.4253,181396.2893,-0.00019066066741935117,3265,-13.052077813319986,9.170774227002868,-1,ETHUSDT,2024-03-05,500
1709598434500,-356630.7679,395765.1191,-0.00036222817729480994,3269,-25.763602417611754,9.761637160613228,-1,ETHUSDT,2024-03-05,500
1709598441500,-424375.99580000003,478741.7464,-1.9363360372892657e-05,3283,-30.657630848146677,9.905798101614527,-1,ETHUSDT,2024-03-05,500
1709598442500,402112.0284999999,402112.0284999999,0.0007741650464065941,3285,29.049244658885655,9.773687019835986,1,ETHUSDT,2024-03-05,500
1709598443500,193755.1565,197012.04609999995,0.00012435353449369302,3287,13.997196169646989,9.233319484372549,1,ETHUSDT,2024-03-05,500
1709598452000,-101568.72550000002,101568.72550000002,-6.356532375484392e-05,3304,-7.337494398630503,8.731532335371233,-1,ETHUSDT,2024-03-05,500
1709598455000,122187.7473999999,122187.7473999999,0.00020724042865261083,3310,8.827046984347342,8.87151362678339,1,ETHUSDT,2024-03-05,500
1709598456500,88672.40299999999,88672.40299999999,0.00011328611248728748,3313,6.405842518183479,8.628690196445918,1,ETHUSDT,2024-03-05,500
1709598467500,143660.87579999998,146121.0206,-7.186548994653208e-05,3335,10.378301650391903,9.006991213677807,1,ETHUSDT,2024-03-05,500
1709598469500,112780.578,112780.578,0.00035098725889604054,3339,8.147457352404313,8.810836393206369,1,ETHUSDT,2024-03-05,500
1709598486000,-193887.4603,201121.42030000003,-6.08254007055109e-05,3372,-14.006754017169822,9.248954844000398,-1,ETHUSDT,2024-03-05,500
1709598489000,-227349.1092,227855.359,-5.5307134356752385e-05,3378,-16.424079430716443,9.343477942645903,-1,ETHUSDT,2024-03-05,500
1709598503500,88721.37959999999,98488.60059999999,-8.016929547949303e-05,3407,6.4093806695819024,8.708208956183519,1,ETHUSDT,2024-03-05,500
1709598520000,-103748.61099999999,103748.61099999999,-8.298755191660234e-05,3440,-7.49497296860533,8.747615361886686,-1,ETHUSDT,2024-03-05,500
1709598524000,-208269.40670000005,225776.1657,0.00018798811306908192,3448,-15.045729849857656,9.33653505089227,-1,ETHUSDT,2024-03-05,500
1709598528000,181325.12369999994,181759.26809999993,7.739659956484957e-05,3456,13.099229836055514,9.172288255143744,1,ETHUSDT,2024-03-05,500
1709598533000,133427.73690000002,133427.73690000002,0.0,3466,9.639042602003453,8.938164081937936,1,ETHUSDT,2024-03-05,500
1709598536500,130874.8956,131092.0848,0.00024589880973557854,3473,9.454621082021472,8.924788719328483,1,ETHUSDT,2024-03-05,500
1709598537500,132466.42450000002,132466.42450000002,7.457687982004302e-05,3475,9.56959578837445,8.932687595740845,1,ETHUSDT,2024-03-05,500
1709598544000,-203094.4023,205556.54629999996,3.314239630825e-05,3488,-14.671878887261018,9.265475147825628,-1,ETHUSDT,2024-03-05,500
1709598556500,136691.57760000002,136691.57760000002,0.0,3513,9.874827906351614,8.956467780893279,1,ETHUSDT,2024-03-05,500
1709598580000,-243387.91440000004,243387.91440000004,-0.00038124601603861663,3560,-17.582749510865533,9.393423961864888,-1,ETHUSDT,2024-03-05,500
1709598586000,88974.68580000002,88974.68580000002,5.525090820057699e-05,3572,6.4276799326128105,8.631267695412578,1,ETHUSDT,2024-03-05,500
1709598601500,204977.18109999996,204977.18109999996,0.0001905474655359285,3603,14.807893972917086,9.263337434993609,1,ETHUSDT,2024-03-05,500
1709598628500,-114799.10869999998,114799.10869999998,-0.00012162121088898914,3657,-8.293279382087196,8.82427199316786,-1,ETHUSDT,2024-03-05,500
1709598637500,-283676.8068999999,295103.1707,-0.0003567956470060807,3675,-20.493286406849084,9.539347962208733,-1,ETHUSDT,2024-03-05,500
1709598642000,-144270.39019999994,145789.03039999996,-0.00016592415644822722,3684,-10.42233398882943,9.005268468450312,-1,ETHUSDT,2024-03-05,500
1709598645000,-117660.33859999999,171605.53820000004,-0.00025994856483357864,3690,-8.499979409690123,9.12875039774305,-1,ETHUSDT,2024-03-05,500
1709598672500,-205892.1378,205892.1378,-1.9368878916736776e-05,3745,-14.873991973341829,9.266710642530539,-1,ETHUSDT,2024-03-05,500
1709598677500,-184207.86599999998,203719.24219999998,-9.961730360785737e-05,3755,-13.307483955370476,9.258675077345929,-1,ETHUSDT,2024-03-05,500
1709598682000,106067.74499999998,108092.38019999997,0.00040113702133481866,3764,7.662511082831973,8.77867963146115,1,ETHUSDT,2024-03-05,500
1709598687000,124777.30159999999,138733.77439999997,0.00012997913438361763,3774,9.01412070555349,8.967699496855204,1,ETHUSDT,2024-03-05,500
1709598688000,-93590.40789999999,95398.4729,-4.7010479196529786e-05,3776,-6.761127407587622,8.6840650521811,-1,ETHUSDT,2024-03-05,500
1709598690500,113238.24840000003,178347.2832,9.953137320017902e-05,3781,8.180520226629502,9.157935532544624,1,ETHUSDT,2024-03-05,500
1709598696000,96802.36260000001,96802.36260000001,0.0002681131895965194,3792,6.993164380621266,8.695129469544472,1,ETHUSDT,2024-03-05,500
1709598769000,-123931.66419999997,123931.66419999997,-0.0001383003443127251,3938,-8.953030447157243,8.88224687717467,-1,ETHUSDT,2024-03-05,500
1709598779500,94520.13750000001,94520.13750000001,5.2546064242875445e-05,3959,6.828292626986197,8.677059554169356,1,ETHUSDT,2024-03-05,500
1709598817000,-238871.12589999998,264169.6859,-7.747176434769187e-05,4034,-17.2564491644213,9.455480281438165,-1,ETHUSDT,2024-03-05,500
1709598827500,-191617.9997999999,212061.99459999995,-6.644297534208476e-05,4055,-13.842804399561754,9.289073307671222,-1,ETHUSDT,2024-03-05,500
1709598829000,226554.72549999997,226554.72549999997,0.0003294031051819246,4058,16.366691825226464,9.3391422960209,1,ETHUSDT,2024-03-05,500
1709598842500,136452.6549,136452.6549,0.00021305825840478576,4085,9.857567731388054,8.955142799014649,1,ETHUSDT,2024-03-05,500
1709598845500,-147313.1428,149915.7232,-0.00016876213017980035,4091,-10.642147519510377,9.026409039826586,-1,ETHUSDT,2024-03-05,500
1709598859000,180282.28160000005,180282.28160000005,2.766776001195126e-06,4118,13.023893180704796,9.166108578521994,1,ETHUSDT,2024-03-05,500
1709598867500,-163948.68000000005,163948.68000000005,0.0,4135,-11.843926516168258,9.094179684889227,-1,ETHUSDT,2024-03-05,500
1709598882500,119043.72270000001,119043.72270000001,0.00013289441281472136,4165,8.599917387989406,8.851770287645683,1,ETHUSDT,2024-03-05,500
1709598890000,-341222.6901999997,372702.11499999976,-0.0003406603026601118,4180,-24.650497145680234,9.716162710112036,-1,ETHUSDT,2024-03-05,500
1709598907000,140615.82269999993,140615.82269999993,0.00019642968364763647,4214,10.15832192774802,8.97790498554376,1,ETHUSDT,2024-03-05,500
1709598908500,98383.7875,98383.7875,0.00019911119042959058,4217,7.107409157135714,8.707402512556248,1,ETHUSDT,2024-03-05,500
1709598962000,-100855.79040000003,100855.79040000003,-3.0429568692369457e-05,4324,-7.285990776062778,8.726197364888321,-1,ETHUSDT,2024-03-05,500
1709599010500,-180599.6888,180599.6888,-1.3843455436202134e-05,4421,-13.046823207055128,9.167440862859685,-1,ETHUSDT,2024-03-05,500
1709599031000,271415.2973000001,271415.2973000001,0.0005952092751524418,4462,19.60749447074024,9.47597392363978,1,ETHUSDT,2024-03-05,500
1709599066000,-92987.9639,94289.02730000002,-0.00017155079190622757,4532,-6.717605846657054,8.675205427983924,-1,ETHUSDT,2024-03-05,500
1709599074000,361471.00000000006,361471.00000000006,2.7664774862046215e-06,4548,26.11326887002601,9.692988511558527,1,ETHUSDT,2024-03-05,500
1709599114500,-99126.48750000002,99126.48750000002,-5.5303769794790014e-05,4629,-7.161063045801108,8.713098499800694,-1,ETHUSDT,2024-03-05,500
1709599136000,142192.73810000002,142192.73810000002,0.0003869648186718422,4672,10.272240930449444,8.986351254388547,1,ETHUSDT,2024-03-05,500
1709599146000,-178389.1068,183454.60080000001,-0.00011607276116976095,4692,-12.887127070642414,9.179319885740346,-1,ETHUSDT,2024-03-05,500
1709599164500,83095.56969999998,83095.56969999998,0.0003507546093217684,4729,6.002962764603759,8.579492959652573,1,ETHUSDT,2024-03-05,500
1709599197500,-144720.0,144720.0,-2.76395416776154e-06,4795,-10.454814551845551,8.999694339420593,-1,ETHUSDT,2024-03-05,500
1709599216000,217126.35020000004,217126.35020000004,-8.291186473563528e-05,4832,15.685570243643406,9.306948142414617,1,ETHUSDT,2024-03-05,500
1709599269000,421734.76029999985,421952.21109999984,0.0004029309138395831,4938,30.46682358349595,9.810163683219674,1,ETHUSDT,2024-03-05,500
1709599270000,86763.14970000001,86835.6441,0.00014898812261243677,4940,6.267914870422292,8.612837116332122,1,ETHUSDT,2024-03-05,500
1709599273000,85579.88490000002,85579.88490000002,4.414024459897803e-05,4946,6.182433844650274,8.601804455689507,1,ETHUSDT,2024-03-05,500
1709599274500,102737.42000000004,102737.42000000004,0.0003833102888517459,4949,7.421922841591132,8.740197317752902,1,ETHUSDT,2024-03-05,500
1709599276500,154889.00879999998,154889.00879999998,5.51223854898808e-05,4953,11.18944073468196,9.051126566841623,1,ETHUSDT,2024-03-05,500
1709599279500,-144468.04260000004,144685.64400000003,-0.00024813006553969785,4959,-10.436612728379792,8.999514518495774,-1,ETHUSDT,2024-03-05,500
1709599291000,-248026.35750000004,259130.53770000004,6.0624765785277646e-05,4982,-17.91783838883532,9.440893294176417,-1,ETHUSDT,2024-03-05,500
1709599313000,163115.91939999998,163115.91939999998,0.00023414268762245172,5026,11.78376649931444,9.090322836733629,1,ETHUSDT,2024-03-05,500
1709599321000,-178084.25580000004,209887.05080000008,-0.00022036807065894948,5042,-12.86510412515496,9.281265350058183,-1,ETHUSDT,2024-03-05,500
1709599332500,-112725.79520000001,112725.79520000001,0.0,5065,-8.14349975141875,8.810468408990396,-1,ETHUSDT,2024-03-05,500
1709599355000,150094.71099999998,150094.71099999998,0.0,5110,10.843092652832036,9.027312755585251,1,ETHUSDT,2024-03-05,500
1709599364000,287035.6734,295971.56539999996,0.0005450356472600504,5128,20.73593653372794,9.541573429618389,1,ETHUSDT,2024-03-05,500
1709599365000,91718.7303,91718.7303,0.00011282318005534364,5130,6.625914291163885,8.654272843404963,1,ETHUSDT,2024-03-05,500
1709599367000,146070.4382,156541.0814,0.00018156758903309367,5134,10.552372463293368,9.059162151301196,1,ETHUSDT,2024-03-05,500
1709599373000,132836.19629999995,132836.19629999995,0.00017608346401765118,5146,9.596308720902789,8.934798832228564,1,ETHUSDT,2024-03-05,500
1709599388500,118636.7220000001,119873.16320000001,0.00039603416312239403,5177,8.570514977534938,8.857029057076529,1,ETHUSDT,2024-03-05,500
1709599413000,-224887.2068999999,224887.2068999999,-0.0004122872656147081,5226,-16.24622749600622,9.333547085001376,-1,ETHUSDT,2024-03-05,500
1709599419500,-245407.00079999995,251372.8032,-0.0002969064024398449,5239,-17.728611685244697,9.417872744791936,-1,ETHUSDT,2024-03-05,500
1709599424000,-1900001.8501999984,3375070.062599997,-0.0006763742201858491,5248,-137.25930757327538,11.384980448284075,-1,ETHUSDT,2024-03-05,500
1709599440500,-787431.0775999998,790414.1965999998,-0.00023642416804925404,5281,-56.885336433581415,10.285547957186997,-1,ETHUSDT,2024-03-05,500
1709599444000,192927.26499999998,193945.9834,0.00024190178905314497,5288,13.93738790471091,9.22143979170808,1,ETHUSDT,2024-03-05,500
1709599452000,-135678.62909999993,137789.01129999998,-0.00036834336614965935,5304,-9.801650814601539,8.962524165316722,-1,ETHUSDT,2024-03-05,500
1709599454500,-166619.10769999996,189602.2133,-0.0001870156163477077,5309,-12.036842674111945,9.20428399786431,-1,ETHUSDT,2024-03-05,500
1709599493500,-194841.80929999982,195569.80729999984,-6.868405474946826e-05,5387,-14.075697783150595,9.227754623334762,-1,ETHUSDT,2024-03-05,500
1709599503000,-198700.77300000013,200811.4786000001,-0.00022532920141848933,5406,-14.354475767159764,9.24778676555755,-1,ETHUSDT,2024-03-05,500
1709599513500,-374554.17060000007,374554.17060000007,-0.0001374249318466525,5427,-27.05841896934302,9.719917034538012,-1,ETHUSDT,2024-03-05,500
1709599520500,-2185569.8575000037,3873230.5496999985,-0.0017396861942611253,5441,-157.88921745623304,11.489251989517388,-1,ETHUSDT,2024-03-05,500
1709599521500,-616701.7390999999,730985.2096999997,0.0,5443,-44.55156382041969,10.226347756880157,-1,ETHUSDT,2024-03-05,500
1709599522500,325015.70590000006,325669.14550000004,0.00022861518517558466,5445,23.47967752640737,9.613993436189586,1,ETHUSDT,2024-03-05,500
1709599524000,85551.76299999996,86132.83499999995,0.00020653561366934525,5448,6.180402271617202,8.606682295623576,1,ETHUSDT,2024-03-05,500
1709599525500,-89456.94699999999,90328.44219999999,-0.0002147801815706174,5451,-6.462519287308431,8.642704473471563,-1,ETHUSDT,2024-03-05,500
1709599530500,-94862.34019999999,103430.1078,2.7545212013535547e-06,5461,-6.853013921676915,8.745286667827372,-1,ETHUSDT,2024-03-05,500
1709599549000,298442.54439999996,298442.54439999996,0.0001569130525975737,5498,21.559987949716223,9.547870355966127,1,ETHUSDT,2024-03-05,500
1709599571500,-83603.87260000002,83603.87260000002,-0.00010179587185277228,5543,-6.03968341520952,8.584111792063416,-1,ETHUSDT,2024-03-05,500
1709599589500,-275055.741,277165.08139999997,7.699245477787997e-05,5579,-19.87048620491612,9.491851098094202,-1,ETHUSDT,2024-03-05,500
1709599598500,96431.11680000003,96431.11680000003,0.00010722548567621004,5597,6.966344963870635,8.692219269499862,1,ETHUSDT,2024-03-05,500
1709599619000,325057.16890000005,441664.5184999999,0.00011546740945256317,5638,23.482672882790474,9.844744757240214,1,ETHUSDT,2024-03-05,500
1709599622500,89762.75570000001,91726.95710000003,0.00017870226463401195,5645,6.484611418643707,8.654340774142055,1,ETHUSDT,2024-03-05,500
1709599632000,-509382.5850000001,577256.6555999997,-0.00018143132873937873,5664,-36.79864885375003,10.04752431746957,-1,ETHUSDT,2024-03-05,500
1709599640000,222224.65830000004,224696.97190000003,0.00023105996108618854,5680,16.053880537408414,9.332906133564355,1,ETHUSDT,2024-03-05,500
1709599658500,-749583.6438,749656.3924,-0.0005277059481141322,5717,-54.15117459249345,10.245450333240631,-1,ETHUSDT,2024-03-05,500
1709599661000,-107708.44769999999,107708.44769999999,0.0,5722,-7.781038186640792,8.775984711742158,-1,ETHUSDT,2024-03-05,500
1709599662000,89192.63510000001,91157.1335,0.00013744495351275532,5724,6.443424954124727,8.649621135050625,1,ETHUSDT,2024-03-05,500
1709599675500,-483095.0761000005,648308.9277000007,-0.0005884164618432663,5751,-34.899595298059836,10.135441874707602,-1,ETHUSDT,2024-03-05,500
1709599678000,139215.5123,139215.5123,0.00024747506815003817,5756,10.057161165261702,8.97032486486909,1,ETHUSDT,2024-03-05,500
1709599694500,-938342.6847999985,1432219.6495999992,-0.0006878620144927794,5789,-67.78744303251001,10.735756024712648,-1,ETHUSDT,2024-03-05,500
1709599697000,489586.44379999995,491621.10299999994,0.0002642480644059475,5794,35.368542544406814,9.925904405617509,1,ETHUSDT,2024-03-05,500
1709599704500,-133665.74169999996,133665.74169999996,0.0,5809,-9.656236466337674,8.939513874165488,-1,ETHUSDT,2024-03-05,500
1709599706500,-844598.1216999997,844598.1216999997,-0.0006419148567484712,5813,-61.015179195761306,10.335765515553891,-1,ETHUSDT,2024-03-05,500
1709599708000,204085.38070000004,220190.3603000001,-0.00012957563996174315,5816,14.743468822286482,9.317561355132657,1,ETHUSDT,2024-03-05,500
1709599710000,108886.48120000002,108886.48120000002,0.00018191289729863058,5820,7.866141294562032,8.784223384579823,1,ETHUSDT,2024-03-05,500
1709599711500,-117365.65310000003,146396.6081,9.644756084803419e-05,5823,-8.478690836903933,9.008418306621216,-1,ETHUSDT,2024-03-05,500
1709599712500,-281198.6063,284319.5033,-0.0002507298041329875,5825,-20.314257055720894,9.51115327521842,-1,ETHUSDT,2024-03-05,500
1709599718500,-160240.17030000003,160240.17030000003,1.65317492246686e-05,5837,-11.576017580449486,9.07685101458356,-1,ETHUSDT,2024-03-05,500
1709599728500,-396836.1008999999,967704.7369000008,-0.00019297568566223333,5857,-28.66810283573085,10.43882004476912,-1,ETHUSDT,2024-03-05,500
1709599729500,-266809.77310000005,266954.8179,-0.0002923291205441103,5859,-19.27478370909681,9.463423553154383,-1,ETHUSDT,2024-03-05,500
1709599733500,-128837.04490000001,128837.04490000001,0.0,5867,-9.307403343264918,8.91164693121065,-1,ETHUSDT,2024-03-05,500
1709599740000,805553.9506000004,881029.0502000005,0.0004631569743800412,5880,58.19456305299583,10.367749674077348,1,ETHUSDT,2024-03-05,500
1709599741000,-118891.1358,125493.8956,-6.063947080114929e-05,5882,-8.588894255440062,8.891734430552066,-1,ETHUSDT,2024-03-05,500
1709599749000,-223430.67450000005,223430.67450000005,-0.00020968351660854978,5898,-16.14100516232219,9.328625768372692,-1,ETHUSDT,2024-03-05,500
1709599754000,92149.53740000018,94904.48420000017,0.00027582935164716105,5908,6.657036515722483,8.680133033997754,1,ETHUSDT,2024-03-05,500
1709599755000,109676.39899999999,109676.39899999999,2.7579777945874184e-06,5910,7.923206275975807,8.789697967530813,1,ETHUSDT,2024-03-05,500
1709599776500,84816.33510000001,84816.33510000001,4.138473317816249e-05,5953,6.127273731603709,8.595016752407098,1,ETHUSDT,2024-03-05,500
1709599794000,808989.1019000007,808989.1019000007,0.0003915642766934013,5988,58.44272412125892,10.303140768019682,1,ETHUSDT,2024-03-05,500
1709599813500,-87359.57950000014,122819.79889999985,0.00036334509099411605,6027,-6.311001955498271,8.875421298326323,-1,ETHUSDT,2024-03-05,500
1709599814500,-192052.6363,273318.0330999998,0.00010730484629206671,6029,-13.874203266373282,9.481264979428069,-1,ETHUSDT,2024-03-05,500
1709599815500,-128496.208,128496.208,-8.803470773877109e-05,6031,-9.28278071624774,8.909640634302127,-1,ETHUSDT,2024-03-05,500
1709599822000,116925.3871,116925.3871,8.807105137798033e-05,6044,8.446885285608445,8.838171655524604,1,ETHUSDT,2024-03-05,500
1709599823500,158574.57679999998,158574.57679999998,0.00012383679427152572,6047,11.455692323669084,9.068937316622334,1,ETHUSDT,2024-03-05,500
1709599851000,109324.55000000002,109324.55000000002,0.0001842955445585659,6102,7.89778811645914,8.787264338595682,1,ETHUSDT,2024-03-05,500
1709599854000,128507.03399999999,129016.05719999998,0.0001732575587940488,6108,9.283562804572353,8.912698541536429,1,ETHUSDT,2024-03-05,500
1709599860500,-170184.83209999994,170184.83209999994,-0.0003409872162833949,6121,-12.294436561238745,9.122454002080834,-1,ETHUSDT,2024-03-05,500
1709599874000,-1013845.3161999998,1013845.3161999998,-0.000635185153074147,6148,-73.24187925047134,10.474098023601774,-1,ETHUSDT,2024-03-05,500
1709599875000,202541.3328000002,207412.44600000017,0.00022556784048433087,6150,14.631924222689571,9.272282614228487,1,ETHUSDT,2024-03-05,500
1709599945000,-97246.00140000001,97246.00140000001,-8.257990637972057e-06,6290,-7.025213588622948,8.698592556889889,-1,ETHUSDT,2024-03-05,500
1709599949000,91966.35060000002,92547.82900000001,0.00027244619700184103,6298,6.643802795280611,8.661088466300491,1,ETHUSDT,2024-03-05,500
1709599950500,-97141.61389999998,97141.61389999998,-0.0002917072600752135,6301,-7.017672461245729,8.697779121418483,-1,ETHUSDT,2024-03-05,500
1709599956000,173205.0409,173495.6905,0.00014311742809525185,6312,12.512621490148728,9.137046990020908,1,ETHUSDT,2024-03-05,500
1709599975500,-94454.263,94454.263,-4.4042798595711474e-05,6351,-6.823533743064171,8.676531525618882,-1,ETHUSDT,2024-03-05,500
1709600040000,-148806.8184,148806.8184,-0.00015396416514512623,6480,-10.750053140009385,9.020785976384833,-1,ETHUSDT,2024-03-05,500
1709600056000,127275.8335,127348.58029999999,8.522325060411617e-05,6512,9.194618823756713,8.902845913846216,1,ETHUSDT,2024-03-05,500
1709600084000,-218092.06230000002,218092.06230000002,-5.502033001647533e-06,6568,-15.75533489895002,9.31030928362007,-1,ETHUSDT,2024-03-05,500
1709600092000,-274615.65759999986,296624.78979999985,-0.0005863028270560733,6584,-19.838693844949653,9.543243173117897,-1,ETHUSDT,2024-03-05,500
1709600103500,172027.072,172027.072,-0.00011562857910796254,6607,12.427523049039403,9.130608558788687,1,ETHUSDT,2024-03-05,500
1709600113500,343047.1823,343846.13729999994,0.0002808741261794978,6627,24.782301502761563,9.655128728365362,1,ETHUSDT,2024-03-05,500
1709600119000,84544.32169999999,84544.32169999999,0.00019542566386476778,6638,6.107623029194801,8.59258387266014,1,ETHUSDT,2024-03-05,500
1709600153000,-351445.6692999999,374529.2892999999,-0.00017907199430666765,6706,-25.389022233144956,9.719866720481978,-1,ETHUSDT,2024-03-05,500
1709600160500,97692.0208,97692.0208,5.78385725606978e-05,6721,7.0574347751453725,8.702058337952405,1,ETHUSDT,2024-03-05,500
1709600194500,-123037.3387,130006.9579,-0.00042153812444567507,6789,-8.888422879084507,8.918493337843213,-1,ETHUSDT,2024-03-05,500
1709600202000,113795.33060000002,113795.33060000002,8.818463664006515e-05,6804,8.220764775352098,8.81762050726979,1,ETHUSDT,2024-03-05,500
1709600222000,-104602.87469999993,104602.87469999993,-0.00037211148889504386,6844,-7.5566864053236324,8.753826071788016,-1,ETHUSDT,2024-03-05,500
1709600227500,-126336.86080000001,126336.86080000001,-0.00036402345595476504,6855,-9.126785867373728,8.896804882574264,-1,ETHUSDT,2024-03-05,500
1709600294000,-215334.0022,215334.0022,-0.0001047998324157362,6988,-15.556088030042163,9.300670101460536,-1,ETHUSDT,2024-03-05,500
1709600321500,-202138.51989999996,202138.51989999996,-6.621767407288814e-05,7043,-14.602824345902716,9.25277538441135,-1,ETHUSDT,2024-03-05,500
1709600352500,255036.4838,258661.3738,0.00019588719719187964,7105,18.424261623022126,9.439520784560832,1,ETHUSDT,2024-03-05,500
1709600353500,-128103.61260000002,128103.61260000002,0.0,7107,-9.25441896872903,8.907323061205412,-1,ETHUSDT,2024-03-05,500
1709600383500,-90984.64000000001,90984.64000000001,-2.7609017649865564e-06,7167,-6.5728823816088235,8.648186616518613,-1,ETHUSDT,2024-03-05,500
1709600384500,-100581.563,100581.563,-8.006946720939823e-05,7169,-7.266180130595426,8.724135242562616,-1,ETHUSDT,2024-03-05,500
1709596807000,67152.06099999997,83816.88259999997,0.0005166778478873368,14,6.0129298856560895,8.54567618219093,1,SOLUSDT,2024-03-05,500
1709596809500,-144573.75109999996,145080.9345,-0.0003745655083946531,19,-12.945422906239543,8.959264616587896,-1,SOLUSDT,2024-03-05,500
1709596823500,72725.2987,77738.6431,0.0009674988660961503,47,6.511968739075575,8.488927359699867,1,SOLUSDT,2024-03-05,500
1709596830000,-121640.5934000004,122653.2580000004,-0.00048759082344940197,60,-10.89194208594437,8.832675220816201,-1,SOLUSDT,2024-03-05,500
1709596853500,475238.90099999995,476064.7223999999,0.0004503895946070813,107,42.553841953551604,9.855004035798844,1,SOLUSDT,2024-03-05,500
1709596867000,-161727.14129999996,161727.14129999996,-0.0009301000528001424,134,-14.481371781641897,9.041143810274725,-1,SOLUSDT,2024-03-05,500
1709596890000,-404623.52599999995,406803.789,-0.00042117614058145847,180,-36.23080000366548,9.736485616358904,-1,SOLUSDT,2024-03-05,500
1709596894500,-87996.46509999946,91450.18069999946,-0.0006171306631328477,189,-7.879379529868488,8.611378845043234,-1,SOLUSDT,2024-03-05,500
1709596898000,194186.302,220648.27879999997,0.0009556237676768831,196,17.38782996817982,9.275325698957833,1,SOLUSDT,2024-03-05,500
1709596899000,84195.9956,84993.73460000001,0.00029327828935699074,198,7.539077887658709,8.556186725965022,1,SOLUSDT,2024-03-05,500
1709596903000,-180047.43949999998,180074.0123,-0.0006245696880391449,206,-16.121807933868283,9.122147492554072,-1,SOLUSDT,2024-03-05,500
1709596908000,133538.9166,133538.9166,0.0002633232157203125,216,11.957341748934203,8.896773773546789,1,SOLUSDT,2024-03-05,500
1709596918000,-77405.55140000001,77804.05640000002,-0.0011887834428607746,236,-6.931047929098539,8.48956139300489,-1,SOLUSDT,2024-03-05,500
1709596929000,217263.58829999992,220801.47549999997,0.0010374614701715856,258,19.454216351661206,9.275848898534148,1,SOLUSDT,2024-03-05,500
1709596934000,86697.81040000047,244652.02680000043,0.0006605813355751167,268,7.763095389955467,9.35317070548202,1,SOLUSDT,2024-03-05,500
1709596948000,-105414.62809999997,105681.04609999998,-0.000240184342636951,296,-9.439036691484603,8.720404523953666,-1,SOLUSDT,2024-03-05,500
1709596956000,73341.608,75817.521,9.766028502067314e-05,312,6.567154306779562,8.47006457014095,1,SOLUSDT,2024-03-05,500
1709596987000,-75898.02090000005,93347.2213,-0.0002108290861588813,374,-6.7960606321786745,8.62685604961037,-1,SOLUSDT,2024-03-05,500
1709596992000,417097.8247999981,544985.7497999977,0.0020915945118140655,384,37.347773674169986,9.956925528357191,1,SOLUSDT,2024-03-05,500
1709597010000,69288.38340000002,69288.38340000002,0.0003234091868868916,420,6.204220467256508,8.402181840760077,1,SOLUSDT,2024-03-05,500
1709597074000,-403459.20660000003,406409.99860000005,-0.0007222389721111,548,-36.12654451526418,9.735755552986877,-1,SOLUSDT,2024-03-05,500
1709597105000,-70450.3929,70476.9949,-7.518514345061789e-05,610,-6.30826912259065,8.415003545798045,-1,SOLUSDT,2024-03-05,500
1709597107000,-72180.12149999996,87389.09090000001,-0.00043618534055944735,614,-6.463152481911726,8.577137508325581,-1,SOLUSDT,2024-03-05,500
1709597160000,-277079.4533,295241.18349999987,-0.00023310286333266816,720,-24.810248570759747,9.494856095391288,-1,SOLUSDT,2024-03-05,500
1709597192000,164810.24989999997,189070.1165000001,0.0012248319266152663,784,14.757439493720955,9.158896309248984,1,SOLUSDT,2024-03-05,500
1709597195500,128592.55600000006,153708.70220000003,0.0007735085002238407,791,11.514434725172544,9.002810986461183,1,SOLUSDT,2024-03-05,500
1709597210000,165966.47740000006,167326.20880000005,0.0009304210826304171,820,14.860970417207696,9.066799864732449,1,SOLUSDT,2024-03-05,500
1709597215500,85201.37810000003,86668.1795,0.00010500971349536314,831,7.629101848066504,8.570893141314283,1,SOLUSDT,2024-03-05,500
1709597228000,180697.77300000004,180991.13420000003,0.001245657245181775,856,16.180040096508737,9.125976985088894,1,SOLUSDT,2024-03-05,500
1709597265000,-166752.8435,168486.95549999995,-0.0005545439018632692,930,-14.931383210997545,9.072011092875194,-1,SOLUSDT,2024-03-05,500
1709597275000,-133511.71550000008,138283.4685,-0.0007349798211420122,950,-11.954906108021973,8.92309172612333,-1,SOLUSDT,2024-03-05,500
1709597288000,-84031.299,86243.61420000001,-2.2511959478777044e-05,976,-7.524330624604401,8.5671913073774,-1,SOLUSDT,2024-03-05,500
1709597298000,84094.40930000001,108891.50469999999,0.00035999550394372193,996,7.529981647124213,8.742963660610922,1,SOLUSDT,2024-03-05,500
1709597300000,431102.40180000017,499142.8812000001,-0.0001874716454626224,1000,38.60177151616153,9.890689017819081,1,SOLUSDT,2024-03-05,500
1709597321500,199087.20659999995,199087.20659999995,0.0,1043,17.826666770762678,9.197812399324077,1,SOLUSDT,2024-03-05,500
1709597334500,3822283.043700004,3861519.026700005,0.0,1069,342.2548705526742,11.43295838678347,1,SOLUSDT,2024-03-05,500
1709597335500,80845.8389,81085.8959,3.749179867362784e-05,1071,7.2390981544519954,8.52070568116859,1,SOLUSDT,2024-03-05,500
1709597363000,-120207.89029999987,178003.76369999998,-0.0006150384592897851,1126,-10.763654984119373,9.113430859809524,-1,SOLUSDT,2024-03-05,500
1709597370500,-68815.97600000001,68815.97600000001,-2.2494741855005884e-05,1141,-6.161920163567167,8.39702473649822,-1,SOLUSDT,2024-03-05,500
1709597385500,141554.6724,141554.6724,7.498191060939519e-06,1171,12.675088559504042,8.940716298561767,1,SOLUSDT,2024-03-05,500
1709597392500,-87807.4152,95542.1712,-6.748624970231987e-05,1185,-7.862451623611269,8.644376013030236,-1,SOLUSDT,2024-03-05,500
1709597408000,-104401.18500000003,104507.84100000001,-0.0002624917986393527,1216,-9.348290968826863,8.711989298181484,-1,SOLUSDT,2024-03-05,500
1709597413500,-153503.30929999996,155689.17849999992,-0.0006827193501015572,1227,-13.744993411848974,9.012461638169556,-1,SOLUSDT,2024-03-05,500
1709597450000,-157586.73459999997,158598.19339999993,-2.2542069137543308e-05,1300,-14.110631482469238,9.026416638662468,-1,SOLUSDT,2024-03-05,500
1709597461000,-133737.62340000004,133737.62340000004,-0.00013531189412230304,1322,-11.97513435333697,8.897894629807794,-1,SOLUSDT,2024-03-05,500
1709597471500,98190.59760000002,98190.59760000002,0.00047329455204980775,1343,8.792182548194186,8.664987465547695,1,SOLUSDT,2024-03-05,500
1709597473000,81864.93499999997,81864.93499999997,0.000727963198712267,1346,7.330350058039071,8.527913466729927,1,SOLUSDT,2024-03-05,500
1709597501000,96163.30170000001,96323.32770000001,8.248319409531746e-05,1402,8.610654417521054,8.650514201782729,1,SOLUSDT,2024-03-05,500
1709597505500,166507.45100000003,166507.45100000003,0.0,1411,14.909410275617862,9.06310222326481,1,SOLUSDT,2024-03-05,500
1709597506500,84353.99500000001,84353.99500000001,0.0,1413,7.553225470026669,8.550491355277709,1,SOLUSDT,2024-03-05,500
1709597573500,-128482.8059,128482.8059,-0.00010512167843934606,1547,-11.504607481653629,8.86767792170639,-1,SOLUSDT,2024-03-05,500
1709597605500,-1001518.5267999987,1021750.7685999987,-0.002923484257592257,1611,-89.67797251723925,10.430714598553267,-1,SOLUSDT,2024-03-05,500
1709597609500,-69399.52960000013,85092.70039999981,-0.0002485529336393455,1619,-6.214172720362452,8.557063952189683,-1,SOLUSDT,2024-03-05,500
1709597610500,216056.7234,216056.7234,0.00023349087796997736,1621,19.34615125407382,9.259473596161381,1,SOLUSDT,2024-03-05,500
1709597611500,-430418.0483999999,432064.90719999984,-0.00020327575178491486,1623,-38.5404931436152,9.781899649823318,-1,SOLUSDT,2024-03-05,500
1709597620000,253393.5277000008,254218.78130000073,0.0011050597067399082,1640,22.68936340671896,9.382086108179582,1,SOLUSDT,2024-03-05,500
1709597628500,225779.14689999883,243127.6710999989,0.0012915920665541591,1657,20.216716504843237,9.348459159491933,1,SOLUSDT,2024-03-05,500
1709597655000,-133339.78619999997,133339.78619999997,-1.5012084728205366e-05,1710,-11.93951121453999,8.89564885344621,-1,SOLUSDT,2024-03-05,500
1709597711500,83167.71770000005,83167.71770000005,0.0005639119093494571,1823,7.447003827330622,8.539815113685814,1,SOLUSDT,2024-03-05,500
1709597713000,-133156.99049999996,133156.99049999996,-0.0001653799608360984,1826,-11.92314332186281,8.894614730853005,-1,SOLUSDT,2024-03-05,500
1709597779000,264008.70000000007,314508.9595999998,0.0006776241252541837,1958,23.639867171064395,9.542512806951182,1,SOLUSDT,2024-03-05,500
1709597780000,-137543.19780000002,153352.38500000004,-0.00024089855276265837,1960,-12.315893098505605,9.001061500052892,-1,SOLUSDT,2024-03-05,500
1709597796000,-91111.568,91111.568,-0.0003238964011789136,1992,-8.158312075577058,8.608582502314672,-1,SOLUSDT,2024-03-05,500
1709597798500,-92314.0588,92367.16679999998,-0.00041439222439709766,1997,-8.26598550749967,8.618899858017107,-1,SOLUSDT,2024-03-05,500
1709597824500,-258327.42400000012,259654.38400000014,-0.0006026183950842423,2049,-23.131154352122614,9.39803415409056,-1,SOLUSDT,2024-03-05,500
1709597830000,127754.76620000001,127754.76620000001,0.00031636750115104917,2060,11.439417350406963,8.863394298790945,1,SOLUSDT,2024-03-05,500
1709597864500,258058.3339999999,271415.98419999995,0.000436077117373479,2129,23.107059495183936,9.43142942186645,1,SOLUSDT,2024-03-05,500
1709597875500,-200524.76140000034,201242.13520000034,-0.00044406812283082076,2151,-17.95538830351192,9.205927963015547,-1,SOLUSDT,2024-03-05,500
1709597904500,-260787.81190000023,260973.54190000021,-0.0003316024719692834,2209,-23.351462406915118,9.401854210597802,-1,SOLUSDT,2024-03-05,500
1709597908000,-219364.21899999987,219364.21899999987,-0.00017331871471082394,2216,-19.64231102703917,9.270926022917354,-1,SOLUSDT,2024-03-05,500
1709597912500,-99657.36409999996,99657.36409999996,-0.00013567600590658202,2225,-8.923519755002014,8.676164695124875,-1,SOLUSDT,2024-03-05,500
1709598016000,77769.26950000002,111416.90169999997,-9.775134321898804e-05,2432,6.963615975423195,8.760246491261652,1,SOLUSDT,2024-03-05,500
1709598074500,74570.60730000002,76382.42650000002,0.0004879715121468564,2549,6.677201362824805,8.475660326420961,1,SOLUSDT,2024-03-05,500
1709598138500,-113112.83740000003,113112.83740000003,-0.0001950121888798506,2677,-10.128349753164214,8.77163432464314,-1,SOLUSDT,2024-03-05,500
1709598193500,-213307.51570000002,214638.3657,-0.00035309541079886486,2787,-19.09998169657944,9.254508626408631,-1,SOLUSDT,2024-03-05,500
1709598244000,-75608.29379999998,75608.29379999998,-0.00031553088332447743,2888,-6.770117888019641,8.467981451682755,-1,SOLUSDT,2024-03-05,500
1709598324500,-133276.9834,133276.9834,-7.50990368558746e-06,3049,-11.933887726185363,8.895293721699192,-1,SOLUSDT,2024-03-05,500
1709598330000,-95053.22480000001,95053.22480000001,-0.00012774511110613673,3060,-8.511255911086732,8.640508369446222,-1,SOLUSDT,2024-03-05,500
1709598334000,-78999.92480000001,78999.92480000001,-0.00023282450019745937,3068,-7.073811313021411,8.501059607042624,-1,SOLUSDT,2024-03-05,500
1709598381500,89017.91719999998,89550.38519999998,0.0004808956774500217,3163,7.970842394409002,8.595554006968198,1,SOLUSDT,2024-03-05,500
1709598413000,-77184.14359999998,77184.14359999998,-0.0002629354884149393,3226,-6.91122263174039,8.483531218448425,-1,SOLUSDT,2024-03-05,500
1709598575500,-127751.3298,127751.3298,-0.000345911480190253,3551,-11.439109648276137,8.863374021952191,-1,SOLUSDT,2024-03-05,500
1709598601500,120722.82110000003,123436.51070000004,0.00016539736755127876,3603,10.8097629181166,8.837473742729326,1,SOLUSDT,2024-03-05,500
1709598604000,-128276.77600000004,146589.66159999993,-0.0010078144067948713,3608,-11.486159152226353,8.967063279348592,-1,SOLUSDT,2024-03-05,500
1709598613500,152480.39069999993,153754.75229999993,0.00030884773675499133,3627,13.65339923396464,9.003036792450168,1,SOLUSDT,2024-03-05,500
1709598660000,-215272.53569999992,302062.3132999999,-0.0004749501580096904,3720,-19.275933518578043,9.512073983672659,-1,SOLUSDT,2024-03-05,500
1709598668500,-614212.3631999998,631016.3743999995,-0.0005055897963464062,3737,-54.997803787805296,10.06741527270637,-1,SOLUSDT,2024-03-05,500
1709598670000,-321452.1467999999,324604.0913999998,-0.0007020855247352742,3740,-28.783468318299693,9.566328886566016,-1,SOLUSDT,2024-03-05,500
1709598703000,67639.25889999999,67639.25889999999,0.00011332429269383937,3806,6.056554560305151,8.384023415943108,1,SOLUSDT,2024-03-05,500
1709598704500,-118372.72970000016,118372.72970000016,-0.000642326301163898,3809,-10.599331032592154,8.80589730539349,-1,SOLUSDT,2024-03-05,500
1709598709500,-146530.10369999986,149175.5142999999,-0.0004687807250629561,3819,-13.120598631902235,8.98024481705862,-1,SOLUSDT,2024-03-05,500
1709598713000,-95886.4402,105509.78119999998,-0.0006958468812614527,3826,-8.58586368492481,8.719181906759445,-1,SOLUSDT,2024-03-05,500
1709598732500,-109728.43539999999,109728.43539999999,-0.00034041265907269747,3865,-9.825303627284704,8.748735298546594,-1,SOLUSDT,2024-03-05,500
1709598741500,-86581.65000000001,86581.65000000001,-8.320820588991751e-05,3883,-7.752694155350135,8.570140154096652,-1,SOLUSDT,2024-03-05,500
1709598754000,99805.34879999998,99805.34879999998,4.53638178266047e-05,3908,8.936770601096669,8.677283236421202,1,SOLUSDT,2024-03-05,500
1709598769000,-294719.58939999994,334345.6198,7.569564299458875e-05,3938,-26.38978164782689,9.588618695966659,-1,SOLUSDT,2024-03-05,500
1709598792000,141597.0468,142046.98240000004,0.00027207594109679434,3984,12.678882848053826,8.943333447710039,1,SOLUSDT,2024-03-05,500
1709598842000,163128.319,163128.319,0.00020395599153655297,4084,14.606836036081459,9.047646668238784,1,SOLUSDT,2024-03-05,500
1709598864500,-115486.63880000002,116519.8536,-0.0005736195550207768,4129,-10.34090467952265,8.794004519831528,-1,SOLUSDT,2024-03-05,500
1709598877500,-94572.59870000002,96161.39870000002,0.0,4155,-8.468219688557147,8.64924589255367,-1,SOLUSDT,2024-03-05,500
1709599019500,-104322.61850000001,104322.61850000001,7.558836090382215e-06,4439,-9.341255967237538,8.710652096065527,-1,SOLUSDT,2024-03-05,500
1709599051000,101968.76,102233.38599999998,0.000680282419015299,4502,9.130486768042658,8.695402415127752,1,SOLUSDT,2024-03-05,500
1709599138000,-85526.19290000002,163309.76970000006,-0.0011184669102251021,4676,-7.65818641507962,9.048484692146042,-1,SOLUSDT,2024-03-05,500
1709599166000,-75819.935,75819.935,-0.00037063231052147927,4732,-6.789068664474829,8.470088570970407,-1,SOLUSDT,2024-03-05,500
1709599285000,-81700.6916,82416.73700000001,-0.0002940721855297923,4970,-7.315643375419432,8.532977443501595,-1,SOLUSDT,2024-03-05,500
1709599342000,123782.45469999999,124207.11869999998,0.0002562556541008121,5084,11.083728631731812,8.842165174993387,1,SOLUSDT,2024-03-05,500
1709599358000,79374.72790000001,79374.72790000001,0.00026374785857807836,5116,7.107371932422602,8.504627518170121,1,SOLUSDT,2024-03-05,500
1709599417500,133075.94460000005,133075.94460000005,0.0002858238893006515,5235,11.915886309837232,8.894155778899105,1,SOLUSDT,2024-03-05,500
1709599424000,-71327.92490000001,78460.19769999999,-0.0002255113479350257,5248,-6.386845093452059,8.495891862615071,-1,SOLUSDT,2024-03-05,500
1709599429500,133724.90840000004,133724.90840000004,0.00014280506756758626,5259,11.973995826799472,8.897822957503253,1,SOLUSDT,2024-03-05,500
1709599431000,170641.34680000006,170641.34680000006,0.0002630085943824412,5262,15.279567575778884,9.081588876794246,1,SOLUSDT,2024-03-05,500
1709599435000,107793.77699999996,107793.77699999996,0.0001126570158351825,5270,9.652070443691192,8.735325898631883,1,SOLUSDT,2024-03-05,500
1709599440500,-104073.67479999996,105431.37039999997,-0.0007285318153611442,5281,-9.318965050305351,8.718621489273586,-1,SOLUSDT,2024-03-05,500
1709599520500,-79774.18889999996,87742.27609999997,-0.0009408435920699176,5441,-7.1431404695201275,8.580177940998727,-1,SOLUSDT,2024-03-05,500
1709599692000,72686.875,78546.2424,0.0002036391069539789,5784,6.508528204107519,8.496718095302006,1,SOLUSDT,2024-03-05,500
1709599745500,86944.66009999996,151456.65090000007,9.819584035231088e-05,5891,7.78519880593837,8.991684724128508,1,SOLUSDT,2024-03-05,500
1709599794000,77548.78499999997,78553.72539999998,0.00010588173020664726,5988,6.943873352194189,8.496789907021133,1,SOLUSDT,2024-03-05,500
1709599796000,-96520.16570000004,169974.72830000008,-0.0001512802090548604,5992,-8.64260873401947,9.078638269381827,-1,SOLUSDT,2024-03-05,500
1709599840500,87365.09840000002,92159.06880000002,-0.0001887583106450208,6081,7.822845692444872,8.617199632757107,1,SOLUSDT,2024-03-05,500
1709599894000,-186627.70739999996,186627.70739999996,-0.00016635789671237688,6188,-16.711018286049928,9.149094985401254,-1,SOLUSDT,2024-03-05,500
1709599995500,-348372.3802000002,349508.6674000001,-0.0003633390901995881,6391,-31.193959873275187,9.622053135224776,-1,SOLUSDT,2024-03-05,500
1709599997000,-102295.20199999998,102295.20199999998,-0.00011355936706625158,6394,-9.159717037799133,8.69585807821519,-1,SOLUSDT,2024-03-05,500
1709600087000,-139791.37269999998,141112.83269999997,-0.0005222900645183159,6574,-12.517199176726965,8.938359690638988,-1,SOLUSDT,2024-03-05,500
1709600136000,74393.4323,74393.4323,6.049286564113743e-05,6672,6.661336758870338,8.455770896220283,1,SOLUSDT,2024-03-05,500
1709600148000,-1002488.2097000066,1043696.6736999945,-0.0017038681920782395,6696,-89.7647998640435,10.446734375877169,-1,SOLUSDT,2024-03-05,500
1709600150000,-503826.4312000012,519622.4271999983,-0.0008341232711117641,6700,-45.11362659957585,9.921000350933008,-1,SOLUSDT,2024-03-05,500
1709600179500,-116091.64899999999,116091.64899999999,-0.00025783554784997165,6759,-10.395078503207772,8.791229167650895,-1,SOLUSDT,2024-03-05,500
1709600251000,245069.78979999997,321354.09859999997,0.00046991769725845955,6902,21.94403926276926,9.558743433724253,1,SOLUSDT,2024-03-05,500
1709600259500,67273.12060000001,68250.48460000001,3.7856561493576635e-05,6919,6.023769804430671,8.390804711412933,1,SOLUSDT,2024-03-05,500
1709600331000,75215.49839999998,75215.49839999998,9.091873386779525e-05,7062,6.734946202081241,8.464055065951152,1,SOLUSDT,2024-03-05,500
1709596802000,-868274.9925,873469.5165,-9.510480922969577e-05,2,-10.808499268804015,6.547862704985461,-1,BTCUSDT,2024-03-05,1000
1709596808000,-646095.3488999999,665217.7448999996,-0.0004260848939772188,8,-8.042752775887788,6.417501901217208,-1,BTCUSDT,2024-03-05,1000
1709596811000,-994069.4058999999,1019185.8168999999,-0.0002226930039643804,11,-12.374418864551819,6.621709665329995,-1,BTCUSDT,2024-03-05,1000
1709596812000,-498503.524900001,1322891.298900001,-0.00010989969100094754,12,-6.205493686814761,6.7465455416603035,-1,BTCUSDT,2024-03-05,1000
1709596814000,651069.1311000002,1359658.9472999994,0.00022128384285835523,14,8.104667632052315,6.759666967637348,1,BTCUSDT,2024-03-05,1000
1709596822000,-1119305.5472000001,1325929.5062000004,-0.00013190562611420376,22,-13.933388952785576,6.747643537914884,-1,BTCUSDT,2024-03-05,1000
1709596823000,-1803995.5382999985,2161251.3844999983,0.00015535369377417396,23,-22.456577265342855,6.981492785416339,-1,BTCUSDT,2024-03-05,1000
1709596825000,594939.8309000002,596577.9497000001,0.00039411465730232464,25,7.405956388021893,6.365376266266841,1,BTCUSDT,2024-03-05,1000
1709596860000,678481.7572999999,680394.3795,0.0006426994181456536,60,8.445906701238908,6.428299061017945,1,BTCUSDT,2024-03-05,1000
1709596864000,654720.2491000004,782853.3657000001,0.0001170163751122999,64,8.150117641063508,6.495438709946539,1,BTCUSDT,2024-03-05,1000
1709596869000,-1834983.8298999993,2088105.9590999992,-0.0001741241304600294,69,-22.84232709113908,6.965013332774419,-1,BTCUSDT,2024-03-05,1000
1709596894000,1672017.5175999997,1771827.46,0.0003163945114366129,94,20.813682614966133,6.88639920709747,1,BTCUSDT,2024-03-05,1000
1709596895000,-847687.2344999998,848643.0839,-0.0002621901977857277,95,-10.552217826621034,6.53406145155006,-1,BTCUSDT,2024-03-05,1000
1709596898000,-929644.8105999997,989705.1773999997,-2.6373549090408233e-05,98,-11.57244576016917,6.607660599511622,-1,BTCUSDT,2024-03-05,1000
1709596903000,-689552.0149000004,720797.0955000004,-0.00014217568394769842,103,-8.58371197285057,6.4559092279019845,-1,BTCUSDT,2024-03-05,1000
1709596906000,511163.2834000001,527125.8306,9.822181866248059e-05,106,6.363085454022632,6.306135184422708,1,BTCUSDT,2024-03-05,1000
1709596914000,-874311.7457000001,909506.2099,-0.00019058425861118167,114,-10.883646247712486,6.567213300582732,-1,BTCUSDT,2024-03-05,1000
1709596919000,575184.8282000001,600563.6651999999,0.0002037721306873408,119,7.160041287296275,6.368563381887465,1,BTCUSDT,2024-03-05,1000
1709596942000,-885010.1987000002,909063.3056999999,-1.4634281976455554e-05,142,-11.016823204813246,6.566980161225394,-1,BTCUSDT,2024-03-05,1000
1709596943000,547611.0319999999,553214.5841999999,0.00011414172024082347,143,6.816795934567942,6.329256498744965,1,BTCUSDT,2024-03-05,1000
1709596987000,585026.5319999999,1080694.6654000003,-5.561238752704867e-05,187,7.282553221009583,6.649757738526962,1,BTCUSDT,2024-03-05,1000
1709597059000,-1155479.7335999997,1157529.1685999997,-0.00032637816395286734,259,-14.38369406422062,6.682632244743453,-1,BTCUSDT,2024-03-05,1000
1709597071000,999840.6078999991,1043858.050299999,0.00019897440464866634,271,12.4462601972355,6.6331583728079515,1,BTCUSDT,2024-03-05,1000
1709597080000,832033.9761000002,838461.0167000002,0.0004241688548134448,280,10.35736224119912,6.528284017345402,1,BTCUSDT,2024-03-05,1000
1709597106000,1216979.9927000005,1311699.9539000008,0.00013443924243361494,306,15.149264317026924,6.742479166037421,1,BTCUSDT,2024-03-05,1000
1709597116000,712088.6622000001,714690.2754000002,-3.50547657710365e-05,316,8.86425366524918,6.4518367950014515,1,BTCUSDT,2024-03-05,1000
1709597120000,672285.4357000003,729649.0579000004,0.00018702376571333446,320,8.368773375896854,6.4617514614621445,1,BTCUSDT,2024-03-05,1000
1709597127000,-530297.7886999998,667279.4488999998,-0.0004003740774738418,327,-6.601276451495099,6.4189830404210335,-1,BTCUSDT,2024-03-05,1000
1709597130000,-677563.7075000001,747092.1363000001,0.00023672270675767493,330,-8.434478593003918,6.473059167915178,-1,BTCUSDT,2024-03-05,1000
1709597158000,514051.1406000001,595242.684,-0.00016945067346085807,358,6.399034206093377,6.364303778324672,1,BTCUSDT,2024-03-05,1000
1709597164000,-608143.9479000001,612522.4611000002,-0.0004530752927873749,364,-7.570324462851253,6.378000629354313,-1,BTCUSDT,2024-03-05,1000
1709597184000,2998770.8784000003,3929706.890000005,0.0003095898397482699,384,37.32943264111937,7.267658890709986,1,BTCUSDT,2024-03-05,1000
1709597191000,599601.3822,759725.4830000001,4.380223874278499e-06,391,7.463984517649892,6.481085248150669,1,BTCUSDT,2024-03-05,1000
1709597193000,610466.3703000001,612795.2969,0.00011825533969478386,393,7.5992345443681435,6.37821378070956,1,BTCUSDT,2024-03-05,1000
1709597196000,1408517.2102999997,1439754.6385000004,7.299003689098527e-05,396,17.53356640364765,6.787063556935172,1,BTCUSDT,2024-03-05,1000
1709597199000,-714207.8474000002,798040.4641999997,-0.00020876567734440243,399,-8.890633800439659,6.504635178464934,-1,BTCUSDT,2024-03-05,1000
1709597207000,-1765307.7732999998,1789008.7732999998,-0.0002584279274220336,407,-21.974982513304493,6.891018161291133,-1,BTCUSDT,2024-03-05,1000
1709597226000,-1028380.4335999996,1037546.3187999997,-0.0003333362604216461,426,-12.80153092122822,6.6302554924285895,-1,BTCUSDT,2024-03-05,1000
1709597228000,677793.0865999998,694482.6673999999,0.0002572918873688934,428,8.437333960089278,6.4381085209533,1,BTCUSDT,2024-03-05,1000
1709597257000,-13943610.646700002,14195830.713300003,-0.0009004466297160008,457,-173.5734724380477,7.8824121240370815,-1,BTCUSDT,2024-03-05,1000
1709597263000,-703105.6676000004,725412.4344,-0.0001403020588703896,463,-8.752431153482245,6.458964215301323,-1,BTCUSDT,2024-03-05,1000
1709597265000,-581668.6652999999,722872.1927000001,-0.0002777392046748872,465,-7.240753675836467,6.457285190396895,-1,BTCUSDT,2024-03-05,1000
1709597309000,-1040826.0468000004,1045199.4108000004,-0.0002048715535689638,509,-12.956456955415511,6.633773027135301,-1,BTCUSDT,2024-03-05,1000
1709597315000,-583473.5604999999,624738.6432999999,-0.0002751744374460685,515,-7.263221452310483,6.3874526296071465,-1,BTCUSDT,2024-03-05,1000
1709597316000,-1151889.325,1180573.917,-0.0003001435587197676,516,-14.338999780654916,6.692067598336882,-1,BTCUSDT,2024-03-05,1000
1709597321000,-503469.4798999999,561932.2609,-0.0002284596266139971,521,-6.267311108081103,6.336740139637583,-1,BTCUSDT,2024-03-05,1000
1709597331000,-1574815.7344000007,1607317.2492000004,-0.0002811617269546929,531,-19.60369106652978,6.8397584654743495,-1,BTCUSDT,2024-03-05,1000
1709597341000,1245573.9063000001,1959381.9397000002,-8.928421146237042e-05,541,15.50520834041516,6.934558481821304,1,BTCUSDT,2024-03-05,1000
1709597355000,-565621.16,568081.1144000001,5.2684186121254584e-05,555,-7.040990408669495,6.341949090393064,-1,BTCUSDT,2024-03-05,1000
1709597420000,-559445.3727000001,561221.2013000001,-4.538829319677973e-05,620,-6.964112699311376,6.336134098142606,-1,BTCUSDT,2024-03-05,1000
1709597432000,-2801341.5098000015,2983809.3234000006,-0.00017877055725890045,632,-34.87178361910918,7.135859529548695,-1,BTCUSDT,2024-03-05,1000
1709597471000,531975.8525000006,536210.7989000006,0.0006514319655988032,671,6.622165399710793,6.3143141534710505,1,BTCUSDT,2024-03-05,1000
1709597502000,-688209.3868,815099.7062,-0.00015649646854498656,702,-8.566998610191872,6.514758882685341,-1,BTCUSDT,2024-03-05,1000
1709597591000,-2072248.5988999999,2073477.4696999998,-0.00024757497509675375,791,-25.795856911070477,6.961648382676746,-1,BTCUSDT,2024-03-05,1000
1709597708000,2011630.7866000005,2028165.8138000004,0.00035851079391591156,908,25.04127157165562,6.951072766641696,1,BTCUSDT,2024-03-05,1000
1709597858000,989613.8914000001,989613.8914000001,8.482123928921226e-05,1058,12.318955531355115,6.60761645018313,1,BTCUSDT,2024-03-05,1000
1709597864000,650692.0376,655479.3768000001,0.0002939071318497355,1064,8.099973480021877,6.410443174948347,1,BTCUSDT,2024-03-05,1000
1709597951000,1257683.6042000002,1810289.7473999986,0.0003403370245766979,1151,15.655952818867462,6.896678137775897,1,BTCUSDT,2024-03-05,1000
1709597959000,-532205.7152000002,553299.9912,-0.0002540858181205863,1159,-6.625026786767119,6.329330386371517,-1,BTCUSDT,2024-03-05,1000
1709597984000,1214158.1050000002,1251088.8670000003,4.2402713194888975e-05,1184,15.11413676941176,6.719835013221331,1,BTCUSDT,2024-03-05,1000
1709598005000,1012236.9815999999,1018124.1375999999,1.606771812845409e-05,1205,12.600573286095166,6.621210812973894,1,BTCUSDT,2024-03-05,1000
1709598024000,-530784.2256999998,622373.3276999999,-4.382559458449009e-06,1224,-6.607331738131514,6.385637031821038,-1,BTCUSDT,2024-03-05,1000
1709598040000,-1192549.4328999994,1201996.9128999994,-0.000276112138344331,1240,-14.845146739052588,6.700675194756511,-1,BTCUSDT,2024-03-05,1000
1709598055000,2810616.6799999983,3719377.4852000014,0.00010217710220139509,1255,34.98724320413771,7.241329785928079,1,BTCUSDT,2024-03-05,1000
1709598070000,489037.13610000006,562090.3293,0.00017803955151940443,1270,6.0876537659293,6.336874758346155,1,BTCUSDT,2024-03-05,1000
1709598072000,487303.80540000007,489496.9958000001,3.7934827970431684e-05,1272,6.066076841838001,6.270686944472347,1,BTCUSDT,2024-03-05,1000
1709598080000,-1425354.2713000004,1448795.7129000006,-0.00037936544289962626,1280,-17.743158253095412,6.790059802405616,-1,BTCUSDT,2024-03-05,1000
1709598088000,2130594.642400001,3067167.8894000035,0.00014437284969659459,1288,26.52216271735842,7.149047811452645,1,BTCUSDT,2024-03-05,1000
1709598093000,524612.8060000001,584693.0908000001,0.00012977478260900455,1293,6.530508397725416,6.3557447521786985,1,BTCUSDT,2024-03-05,1000
1709598095000,693393.8408,709168.7647999999,3.061851589336584e-05,1295,8.63153596040025,6.4481246182001115,1,BTCUSDT,2024-03-05,1000
1709598096000,-520500.7087999999,581543.1172,-1.4580033074196308e-06,1296,-6.479320006992796,6.353159178745943,-1,BTCUSDT,2024-03-05,1000
1709598102000,1946827.8780000005,2165963.878600001,-4.377660797416638e-06,1302,24.23458913087408,6.982535291174207,1,BTCUSDT,2024-03-05,1000
1709598142000,1631904.2700000326,1709142.227199965,0.0002478466512556565,1342,20.314343107208053,6.869158785722388,1,BTCUSDT,2024-03-05,1000
1709598167000,1356490.3398000002,1397900.1838000002,0.0001443915902434867,1367,16.88592320694761,6.772943076118959,1,BTCUSDT,2024-03-05,1000
1709598186000,-562716.1734000003,564771.1782000002,-0.00025988322921222107,1386,-7.004828425642002,6.339152151513157,-1,BTCUSDT,2024-03-05,1000
1709598193000,-1416364.538900001,1445234.8559000008,-0.00021337760755990587,1393,-17.631251867547704,6.788881959120684,-1,BTCUSDT,2024-03-05,1000
1709598206000,1031505.3950999997,1174382.5649,0.0001755137804746454,1406,12.840431205561575,6.689550852141361,1,BTCUSDT,2024-03-05,1000
1709598215000,-567785.9373,570246.4437,-0.00026041133433984953,1415,-7.067938085461158,6.343770017812524,-1,BTCUSDT,2024-03-05,1000
1709598225000,-513523.8571999998,533332.1233999997,-0.0005197729807253637,1425,-6.392470453488979,6.311737648989424,-1,BTCUSDT,2024-03-05,1000
1709598226000,-598012.3481,700684.7280999997,3.661257525244821e-05,1426,-7.444203832894129,6.44236399654973,-1,BTCUSDT,2024-03-05,1000
1709598230000,509280.9945000004,592308.0339000002,0.0002548655158776114,1430,6.339654261859943,6.361938182822685,1,BTCUSDT,2024-03-05,1000
1709598232000,2141801.4932000004,2484356.813,8.493340055082399e-05,1432,26.661668334500085,7.048179512553176,1,BTCUSDT,2024-03-05,1000
1709598234000,-695748.6465000003,737952.6141,-0.00015230262561161112,1434,-8.660849157148373,6.467167679586095,-1,BTCUSDT,2024-03-05,1000
1709598240000,549818.2883000002,561564.6243000003,0.00021817931644108057,1440,6.844272400331312,6.336426895982555,1,BTCUSDT,2024-03-05,1000
1709598243000,1156938.6329000003,1162949.0241000003,0.00015225780789940302,1443,14.401854799187676,6.684868116057651,1,BTCUSDT,2024-03-05,1000
1709598244000,670916.2497,1309676.0115,-0.00010687084375859968,1444,8.351729414009561,6.741740063382116,1,BTCUSDT,2024-03-05,1000
1709598252000,-569090.7897999999,579876.3817999999,-0.00043799930239352136,1452,-7.084181208220618,6.351785411147678,-1,BTCUSDT,2024-03-05,1000
1709598254000,595028.9662000001,706713.4615999998,0.0003164556988437539,1454,7.407065966016417,6.4464645956264865,1,BTCUSDT,2024-03-05,1000
1709598292000,-719471.3873000001,721108.9533000002,-0.00030487402929324503,1492,-8.956155631255797,6.456116268361876,-1,BTCUSDT,2024-03-05,1000
1709598294000,-664389.2235999999,708876.4511999999,7.621683105796251e-05,1494,-8.270479398244175,6.447927287567452,-1,BTCUSDT,2024-03-05,1000
1709598319000,-2828728.946000009,3352930.8426000136,-0.0003838316110478246,1519,-35.212709117020715,7.191684877261695,-1,BTCUSDT,2024-03-05,1000
1709598351000,-553844.3264000001,631368.8657999999,-0.0003077486743467972,1551,-6.89438950635867,6.392505530790585,-1,BTCUSDT,2024-03-05,1000
1709598359000,607716.176,672382.8278000001,-4.251404613420107e-05,1559,7.564999453714396,6.422629741033462,1,BTCUSDT,2024-03-05,1000
1709598364000,-3010634.863899995,3508715.9594999957,-0.0003622314375828495,1564,-37.47711843157681,7.213422311838467,-1,BTCUSDT,2024-03-05,1000
1709598385000,488568.39560000016,543508.5796,6.308116273778808e-05,1585,6.081818769649009,6.32078441587066,1,BTCUSDT,2024-03-05,1000
1709598388000,498903.84479999996,672180.0374,3.520744520457697e-05,1588,6.210476966747733,6.4224853627717176,1,BTCUSDT,2024-03-05,1000
1709598391000,-6035096.395799995,6546488.635399998,-0.0003800498806185715,1591,-75.12635460495079,7.511937874641085,-1,BTCUSDT,2024-03-05,1000
1709598400000,1377166.8979999996,1397202.4271999998,0.00024800622930953864,1600,17.143310055718423,6.772704106843045,1,BTCUSDT,2024-03-05,1000
1709598423000,-810282.0897000001,1176838.7367,9.833224124022877e-05,1623,-10.08658944423928,6.690550854890209,-1,BTCUSDT,2024-03-05,1000
1709598424000,-555829.0122000002,558281.8038000001,-9.68645247638733e-05,1624,-6.919095360153149,6.333620652767873,-1,BTCUSDT,2024-03-05,1000
1709598434000,-1535621.7348999989,1548157.0284999989,-0.00018935349050330785,1634,-19.115794583737465,6.821808983008204,-1,BTCUSDT,2024-03-05,1000
1709598439000,-1179756.6937999986,1558118.8449999983,-0.0001791333182499244,1639,-14.685899596842214,6.824878965477598,-1,BTCUSDT,2024-03-05,1000
1709598442000,1774349.4033000001,1889705.2735,0.0002231870830939897,1642,22.08753493285814,6.917227905623395,1,BTCUSDT,2024-03-05,1000
1709598443000,1588492.3017,1666150.5407000005,0.00016882555442343516,1643,19.77394031813631,6.856965171923222,1,BTCUSDT,2024-03-05,1000
1709598444000,589539.9079999999,593627.3107999999,5.8716802993075135e-06,1644,7.338736828296693,6.36300308708287,1,BTCUSDT,2024-03-05,1000
1709598467000,-544454.4362,588169.5298000003,-0.00031279669131123455,1667,-6.777501858738378,6.358582175744336,-1,BTCUSDT,2024-03-05,1000
1709598472000,982273.9487999999,1036909.1561999999,0.00020112468403432615,1672,12.227586132362358,6.62996146900845,1,BTCUSDT,2024-03-05,1000
1709598489000,-945326.7358999999,1037901.2958999992,-0.0001292691885765862,1689,-11.767658198167021,6.630419220942118,-1,BTCUSDT,2024-03-05,1000
1709598506000,-707522.4661000001,779245.8082999999,-0.00011609187729888504,1706,-8.80741254045073,6.49322795281139,-1,BTCUSDT,2024-03-05,1000
1709598510000,-1109586.088200023,1176272.7523999764,-0.00013666431811287794,1710,-13.812398752213348,6.69032060592266,-1,BTCUSDT,2024-03-05,1000
1709598517000,-550902.6267999999,562332.893,-9.553140822760042e-05,1717,-6.8577705109363825,6.337081263744243,-1,BTCUSDT,2024-03-05,1000
1709598523000,1476156.0924000004,1486094.2944000002,0.00040255224540430845,1723,18.375551735524613,6.80222613668291,1,BTCUSDT,2024-03-05,1000
1709598532000,533104.0515999999,573965.3115999999,1.468382421876413e-06,1732,6.636209497781955,6.346881313512906,1,BTCUSDT,2024-03-05,1000
1709598535000,598078.7884000001,614427.8644,0.0003303312371443212,1735,7.445030897983154,6.379487234891966,1,BTCUSDT,2024-03-05,1000
1709598601000,1978899.609000001,1978899.609000001,0.0003479014020868476,1801,24.633825875058886,6.939302656832611,1,BTCUSDT,2024-03-05,1000
1709598602000,-2001527.0670999999,2320916.944900001,-0.0005006052142526585,1802,-24.915498002485418,7.015607588308986,-1,BTCUSDT,2024-03-05,1000
1709598620000,502161.2923999998,502161.2923999998,0.0,1820,6.251026470426737,6.282912762724103,1,BTCUSDT,2024-03-05,1000
1709598627000,-506547.88819999987,514167.70059999987,-0.0002234216446073134,1827,-6.305631886805626,6.294222025925852,-1,BTCUSDT,2024-03-05,1000
1709598629000,-2884300.806299999,3183485.547699999,-0.00021762561715732431,1829,-35.90448121296591,7.166863655456305,-1,BTCUSDT,2024-03-05,1000
1709598657000,634849.9502000002,647906.786,0.00011617126009610956,1857,7.9027673050677745,6.404881420948396,1,BTCUSDT,2024-03-05,1000
1709598679000,-2360218.2600999987,2400300.1313000014,-0.0003443977268471343,1879,-29.380573618799367,7.031704830504176,-1,BTCUSDT,2024-03-05,1000
1709598681000,968697.7294000002,1004175.4594000002,0.00010593454138074776,1881,12.058586035934935,6.614607981851182,1,BTCUSDT,2024-03-05,1000
1709598683000,1479808.9079000002,1485112.9001000004,5.882525958256224e-05,1883,18.421022875430584,6.801909947878169,1,BTCUSDT,2024-03-05,1000
1709598690000,1236309.3217,1248685.3887000002,0.0002088017288137678,1890,15.389880527521973,6.718914615843246,1,BTCUSDT,2024-03-05,1000
1709598693000,505345.51609999995,519084.3643,0.0,1893,6.290664465106355,6.298777177481588,1,BTCUSDT,2024-03-05,1000
1709598694000,502896.9948,502896.9948,0.0,1894,6.260184673670117,6.283613485622012,1,BTCUSDT,2024-03-05,1000
1709598713000,-867658.872,881263.012,-0.0002602487669403075,1913,-10.800829650271558,6.552114378374366,-1,BTCUSDT,2024-03-05,1000
1709598746000,1093994.4027,1121201.4827,0.00018820401959374067,1946,13.618309641295621,6.667370038195875,1,BTCUSDT,2024-03-05,1000
1709598757000,866093.7472999995,866093.7472999995,0.00021904983912435227,1957,10.781346595569229,6.543803832886936,1,BTCUSDT,2024-03-05,1000
1709598863000,-654414.8567,670048.0021,-0.0001456588158159633,2063,-8.146316041845964,6.420964801327522,-1,BTCUSDT,2024-03-05,1000
1709598868000,-4062285.0680999886,4363946.629299991,-0.00024586030988871244,2068,-50.56831714317995,7.317825768202112,-1,BTCUSDT,2024-03-05,1000
1709598880000,-797140.2004999999,801622.6697,-7.50953600991977e-05,2080,-9.92299599626962,6.506778850366279,-1,BTCUSDT,2024-03-05,1000
1709598892000,-693109.6304999993,703428.9320999992,-0.00014728603416180874,2092,-8.627998041139325,6.444234895085322,-1,BTCUSDT,2024-03-05,1000
1709599004000,-1609461.486000001,1741747.0362000004,-0.00011191430909818223,2204,-20.034969848102854,6.878203596405981,-1,BTCUSDT,2024-03-05,1000
1709599044000,1006717.4227,1006989.1270999999,8.096695154335976e-05,2244,12.53186446820903,6.615947230495764,1,BTCUSDT,2024-03-05,1000
1709599066000,-2763983.590400002,2949057.104200001,-0.00027815122334118314,2266,-34.406743110046115,7.130252162760581,-1,BTCUSDT,2024-03-05,1000
1709599165000,2447859.1237999992,2450987.047999999,0.00020000705973899358,2365,30.4715485050982,7.041706918857254,1,BTCUSDT,2024-03-05,1000
1709599166000,4286933.835100002,5348717.219699999,4.117295878280913e-05,2366,53.36479988750747,7.415218746969128,1,BTCUSDT,2024-03-05,1000
1709599181000,-720572.8689999998,869050.5704000002,-0.00023532145754856515,2381,-8.969867144603395,6.545435102822065,-1,BTCUSDT,2024-03-05,1000
1709599183000,-2031978.2081999988,2187770.3432,-5.4426692040365765e-05,2383,-25.294561247605408,6.987330007874034,-1,BTCUSDT,2024-03-05,1000
1709599243000,983937.0215000007,1437213.4319000007,0.00025708357193998665,2443,12.248288467702192,6.786218003777289,1,BTCUSDT,2024-03-05,1000
1709599244000,-547774.7562000001,648112.2946,-0.00012486090878383038,2444,-6.818834013415396,6.405033214775519,-1,BTCUSDT,2024-03-05,1000
1709599248000,870525.9522999998,872432.2302999997,0.00011310979227019402,2448,10.836519766414286,6.54729396399973,1,BTCUSDT,2024-03-05,1000
1709599263000,485414.32959999994,485958.9175999999,0.00018067046417513666,2463,6.042556185387995,6.267214806551206,1,BTCUSDT,2024-03-05,1000
1709599269000,687517.0954999994,719391.0310999991,0.00048015401091205945,2469,8.558380798928747,6.454974636689105,1,BTCUSDT,2024-03-05,1000
1709599272000,984219.0407000002,1120444.8406999998,0.00025836076113527895,2472,12.251799111614908,6.6670469216830766,1,BTCUSDT,2024-03-05,1000
1709599274000,526583.5833999999,799258.4571999997,0.00031699861284906206,2474,6.555041116358186,6.505365130471085,1,BTCUSDT,2024-03-05,1000
1709599276000,920353.3516000004,1101349.5344000002,0.00017167797655837091,2476,11.456783408178058,6.658819396108603,1,BTCUSDT,2024-03-05,1000
1709599282000,555385.1196999997,821554.7683000001,3.0823041251792915e-05,2482,6.913569677848434,6.518534442159887,1,BTCUSDT,2024-03-05,1000
1709599306000,607046.3450999999,608273.4285,0.0,2506,7.556661234998655,6.374668788729675,1,BTCUSDT,2024-03-05,1000
1709599312000,1178060.4138,1178196.7708,0.0003505234054266282,2512,14.664783888917835,6.691102867587145,1,BTCUSDT,2024-03-05,1000
1709599333000,-643329.7211000002,718622.6315000003,-0.000297647196433104,2533,-8.008325565254884,6.454463120094937,-1,BTCUSDT,2024-03-05,1000
1709599348000,-603807.7845000001,616491.1989000001,-0.0002023950082801207,2548,-7.516346841310672,6.381091868985786,-1,BTCUSDT,2024-03-05,1000
1709599393000,639504.5089000004,653702.1741000002,3.662383875280284e-05,2593,7.960708389102343,6.409143685183361,1,BTCUSDT,2024-03-05,1000
1709599407000,2758723.5324999974,2842419.196899999,3.222418659909465e-05,2607,34.34126462401674,7.112623984241744,1,BTCUSDT,2024-03-05,1000
1709599408000,2345210.3014,2372525.923200001,0.0003514691446273588,2608,29.19375088172143,7.026134166421068,1,BTCUSDT,2024-03-05,1000
1709599424000,-1109233.5376000004,1460466.9653999996,-0.00012889920100356278,2624,-13.808010116198865,6.793900169436887,-1,BTCUSDT,2024-03-05,1000
1709599429000,-606749.9296,632287.6720000001,-0.0001376662065322165,2629,-7.552971382425813,6.393201564750806,-1,BTCUSDT,2024-03-05,1000
1709599445000,1006818.2929000005,1015012.8481000004,0.00014057551051394057,2645,12.533120125106171,6.619745906607599,1,BTCUSDT,2024-03-05,1000
1709599454000,-629679.3382,629815.8465999999,-0.00016847385435525553,2654,-7.838402263457675,6.391326747882392,-1,BTCUSDT,2024-03-05,1000
1709599478000,-679074.7774999994,692590.7436999994,-0.00019045665703565362,2678,-8.453288761592418,6.436802831229467,-1,BTCUSDT,2024-03-05,1000
1709599498000,536694.8159999998,847732.5606000001,8.931597876227215e-05,2698,6.680908210433,6.533547638965454,1,BTCUSDT,2024-03-05,1000
1709599511000,-493613.3087000003,582777.4549,-3.3687861460407476e-05,2711,-6.144619080637501,6.354174017425577,-1,BTCUSDT,2024-03-05,1000
1709599520000,-1700105.2476000001,1744309.8226000008,-0.0004794485993180331,2720,-21.1633255412161,6.878907339175098,-1,BTCUSDT,2024-03-05,1000
1709599546000,987025.0136999994,2258356.602899995,0.00020057757624591943,2746,12.286728549155717,7.002528859626819,1,BTCUSDT,2024-03-05,1000
1709599547000,-1988006.4836000009,2274422.017,-0.000543263003168093,2747,-24.74719047533578,7.005921713963094,-1,BTCUSDT,2024-03-05,1000
1709599605000,638973.1538000001,927230.6539999999,0.0001639910745669937,2805,7.954093950981429,6.57645123471008,1,BTCUSDT,2024-03-05,1000
1709599694000,-639557.2737,699701.8521000001,-0.000357809039375212,2894,-7.961365218225767,6.441692124749243,-1,BTCUSDT,2024-03-05,1000
1709599700000,-673103.6578999999,722589.4834999999,-2.2006670956642438e-05,2900,-8.37895880577426,6.457097963199321,-1,BTCUSDT,2024-03-05,1000
1709599727000,-682297.3943000003,682297.3943000003,-0.00010422362582929168,2927,-8.493404682962163,6.429635903840628,-1,BTCUSDT,2024-03-05,1000
1709599771000,-1162702.5899000003,1167192.8603000008,-0.00014403503897675307,2971,-14.473605944341056,6.68661157821881,-1,BTCUSDT,2024-03-05,1000
1709599792000,-942612.8012999997,1057591.4172999996,0.0001278707537064605,2992,-11.733874477118896,6.639414420003604,-1,BTCUSDT,2024-03-05,1000
1709599801000,575112.6514000001,597567.1654000002,-0.0001410907789232141,3001,7.159142812853543,6.366169259421203,1,BTCUSDT,2024-03-05,1000
1709599810000,1098921.9815000007,1113356.0877000003,0.00025262799340630693,3010,13.679649346247198,6.664009097618154,1,BTCUSDT,2024-03-05,1000
1709599814000,589236.2289999997,603547.7079999998,0.00046361435159347764,3014,7.334956557901017,6.370935709857876,1,BTCUSDT,2024-03-05,1000
1709599895000,939425.9291000001,939425.9291000001,0.00028871470131974775,3095,11.694203513264124,6.582705395770168,1,BTCUSDT,2024-03-05,1000
1709599926000,-994327.8629000002,1104638.5535000004,-0.00020389258891739814,3126,-12.377636200441543,6.660246643746027,-1,BTCUSDT,2024-03-05,1000
1709599950000,-2203903.2244999977,2245045.9554999974,-0.0003170404884329514,3150,-27.434725860221103,6.999699451133569,-1,BTCUSDT,2024-03-05,1000
1709600021000,710423.7770999995,712467.6740999996,0.0002055109228944474,3221,8.843528768711291,6.4503459742209825,1,BTCUSDT,2024-03-05,1000
1709600114000,575819.3655000001,590127.5873000001,0.00042557376055540885,3314,7.167940162655257,6.360172942332761,1,BTCUSDT,2024-03-05,1000
1709600120000,826309.4086,835037.4486,0.00014665788700973792,3320,10.286101426166523,6.526325669152239,1,BTCUSDT,2024-03-05,1000
1709600159000,531841.3002,535111.1861999999,5.578129038319446e-05,3359,6.62049045980266,6.313331602150603,1,BTCUSDT,2024-03-05,1000
1709600222000,-522665.9821,522665.9821,-0.00030063786782363877,3422,-6.506273858113658,6.302068365063938,-1,BTCUSDT,2024-03-05,1000
1709600256000,840944.8332999998,843673.1692999997,0.00037979073840332944,3456,10.468286768984148,6.531250170222138,1,BTCUSDT,2024-03-05,1000
1709600320000,623511.2849999999,625556.0239999999,0.00036823361978122193,3520,7.761620830066173,6.388078446870912,1,BTCUSDT,2024-03-05,1000
1709600357000,907483.0794,938191.9472000006,2.4914466438374916e-05,3557,11.29657111499375,6.582076270180885,1,BTCUSDT,2024-03-05,1000
1709600370000,-858281.5108000004,899748.9782000004,-0.00039006078697489954,3570,-10.684097966704723,6.56205072178,-1,BTCUSDT,2024-03-05,1000
1709596802000,-135931.6326,138036.8226,-5.7857694883978183e-05,2,-6.984933455037977,7.181375178370414,-1,ETHUSDT,2024-03-05,1000
1709596804000,162846.15929999994,162846.15929999994,0.00044073614667183847,4,8.367953539307473,7.281665895966722,1,ETHUSDT,2024-03-05,1000
1709596841000,-121536.5846,121536.5846,-0.00016253958494516496,41,-6.245234751808559,7.104129960415469,-1,ETHUSDT,2024-03-05,1000
1709596858000,181094.33109999998,184216.8105,0.00018454987099403297,58,9.305647461326188,7.356485554680083,1,ETHUSDT,2024-03-05,1000
1709596907000,-315342.2072000001,414664.98520000005,-0.00016550765372613796,107,-16.204060016982375,7.8487966627413535,-1,ETHUSDT,2024-03-05,1000
1709596926000,-290808.2881,312427.4379,0.0002922227419706047,126,-14.943368969380069,7.677019425990677,-1,ETHUSDT,2024-03-05,1000
1709596996000,181229.38580000005,181229.38580000005,0.0,196,9.312587333041453,7.346564912544904,1,ETHUSDT,2024-03-05,1000
1709597010000,914378.3299,1012368.0471000001,0.0006151376460969971,210,46.98591243934093,8.390390535985016,1,ETHUSDT,2024-03-05,1000
1709597018000,201581.23659999997,201581.23659999997,0.0003502467620748462,218,10.358380139364746,7.411143165617083,1,ETHUSDT,2024-03-05,1000
1709597078000,-251456.74550000008,263425.36970000004,-0.00015163315832644741,278,-12.921264907532057,7.573502364679846,-1,ETHUSDT,2024-03-05,1000
1709597081000,118280.63780000001,118280.63780000001,0.0002727975404521743,281,6.077925853238443,7.08765292934882,1,ETHUSDT,2024-03-05,1000
1709597111000,121736.8194,122535.80879999998,0.0002533255880639018,311,6.255523944446291,7.1090981952557355,1,ETHUSDT,2024-03-05,1000
1709597156000,314578.7698999999,314578.7698999999,5.233619117639421e-05,356,16.164830305431074,7.681183274114364,1,ETHUSDT,2024-03-05,1000
1709597160000,131291.90559999997,166441.81520000004,2.7545477584212108e-05,360,6.746518130181919,7.294917725530312,1,ETHUSDT,2024-03-05,1000
1709597174000,123576.8613,123576.8613,0.0001543835275850114,374,6.350075668575158,7.114231495717047,1,ETHUSDT,2024-03-05,1000
1709597183000,292863.1465000001,292863.1465000001,0.00041062612793041353,383,15.048959176081716,7.637781229227008,1,ETHUSDT,2024-03-05,1000
1709597198000,144417.4008,146524.77860000002,0.00016239508006066217,398,7.420980054774596,7.217583765947355,1,ETHUSDT,2024-03-05,1000
1709597209000,134635.11620000002,134635.11620000002,0.00016790785476672454,409,6.918311134654212,7.166234870995176,1,ETHUSDT,2024-03-05,1000
1709597224000,-129088.97970000003,129088.97970000003,-0.0003743586399451715,424,-6.633319380755001,7.140710182611106,-1,ETHUSDT,2024-03-05,1000
1709597266000,-522345.31489999994,523071.51089999994,-0.0003276815185273563,466,-26.84104645357843,7.989718607605906,-1,ETHUSDT,2024-03-05,1000
1709597343000,253451.685,253669.5648,5.782837915546679e-05,543,13.023776143421724,7.550604148859819,1,ETHUSDT,2024-03-05,1000
1709597375000,-272770.2479,272770.2479,-0.00026152895481068583,575,-14.016472793365923,7.5946543777500715,-1,ETHUSDT,2024-03-05,1000
1709597392000,-118409.26319999997,119135.70119999997,-2.7531637289968103e-06,592,-6.084535351281265,7.092023567954795,-1,ETHUSDT,2024-03-05,1000
1709597395000,-134937.3221,134937.3221,-5.50625923878556e-06,595,-6.9338401771650995,7.1675953234749805,-1,ETHUSDT,2024-03-05,1000
1709597397000,541796.3156000001,543394.4672000001,0.00020371196300139616,597,27.840548504165866,8.012847274798588,1,ETHUSDT,2024-03-05,1000
1709597402000,200603.75019999998,200603.75019999998,8.808680960825654e-05,602,10.308151378578094,7.408193705491995,1,ETHUSDT,2024-03-05,1000
1709597445000,278326.11789999966,341408.0408999996,0.0004078651896755048,645,14.301964709357517,7.730844076577374,1,ETHUSDT,2024-03-05,1000
1709597461000,298686.7019,298686.7019,0.00023698119141712937,661,15.348206276721088,7.649728491311522,1,ETHUSDT,2024-03-05,1000
1709597462000,-1782956.3830000001,1915250.4824000008,-0.0007055976787526674,662,-91.6183485056605,8.777244582093365,-1,ETHUSDT,2024-03-05,1000
1709597472000,148845.89460000003,148845.89460000003,0.0003663240797120437,672,7.648541027208973,7.227120385034889,1,ETHUSDT,2024-03-05,1000
1709597475000,145527.08210000006,145527.08210000006,9.635065037372215e-05,675,7.47800173463339,7.2134380823689845,1,ETHUSDT,2024-03-05,1000
1709597532000,143681.2175,143681.2175,8.270420703837544e-06,732,7.383150807359154,7.205692555808126,1,ETHUSDT,2024-03-05,1000
1709597565000,-185166.9964,185166.9964,-1.654606424317251e-05,765,-9.514923959820493,7.3596072340903635,-1,ETHUSDT,2024-03-05,1000
1709597583000,-138722.71950000004,139085.38750000004,-1.378661898421285e-05,783,-7.12835523178583,7.185966966965217,-1,ETHUSDT,2024-03-05,1000
1709597633000,-219219.4837,221251.3801,-7.992624740893461e-05,833,-11.26473269248649,7.467638103486323,-1,ETHUSDT,2024-03-05,1000
1709597654000,-138827.1518,174885.10180000003,2.756670108183812e-06,854,-7.133721551987418,7.324942933044156,-1,ETHUSDT,2024-03-05,1000
1709597675000,240527.1368000001,240527.1368000001,0.0005181390106479,875,12.359640008317067,7.518324010942041,1,ETHUSDT,2024-03-05,1000
1709597682000,117138.88200000001,117138.88200000001,0.0,882,6.019256004783289,7.0817673470452,1,ETHUSDT,2024-03-05,1000
1709597684000,378367.8365,378803.5769,0.00031950818047477014,884,19.442672091317093,7.79391194290186,1,ETHUSDT,2024-03-05,1000
1709597750000,606660.8832,606660.8832,0.0,950,31.17365559344107,8.079674183554562,1,ETHUSDT,2024-03-05,1000
1709597769000,387988.3989,387988.3989,2.7534707498944044e-05,969,19.937030813262147,7.808448842419402,1,ETHUSDT,2024-03-05,1000
1709597776000,-148526.91679999998,148526.91679999998,-0.00028915224893388825,976,-7.632150149942081,7.225818671531345,-1,ETHUSDT,2024-03-05,1000
1709597859000,1186018.1049,1186018.1049,0.0003055851911319962,1059,60.944295163249215,8.486448906623972,1,ETHUSDT,2024-03-05,1000
1709597864000,474671.9300000001,719845.0934000001,0.00041005318881737196,1064,24.391319228696183,8.183472956941756,1,ETHUSDT,2024-03-05,1000
1709597887000,-1208536.2221999993,1208536.2221999993,-0.000542177723723114,1087,-62.101402952398466,8.497861353972974,-1,ETHUSDT,2024-03-05,1000
1709597893000,191485.7912,191921.86400000003,9.356441917063307e-05,1093,9.839619252224713,7.3813480709796835,1,ETHUSDT,2024-03-05,1000
1709597924000,-253473.81420000002,253473.81420000002,-0.00010458264653046001,1124,-13.024913266447887,7.55013573513079,-1,ETHUSDT,2024-03-05,1000
1709597928000,181605.66629999998,182259.66569999995,2.7523339792168144e-05,1128,9.331922746018225,7.350004620978027,1,ETHUSDT,2024-03-05,1000
1709598069000,-817747.4974,871476.0508000002,-0.0004901987881744674,1269,-42.02047561049333,8.299459617974609,-1,ETHUSDT,2024-03-05,1000
1709598123000,256348.637,256348.637,0.0003662786815823438,1323,13.172637865711074,7.556978852487021,1,ETHUSDT,2024-03-05,1000
1709598163000,181259.64260000005,185987.50400000004,0.0003245065741062092,1363,9.314142097966437,7.36229001501173,1,ETHUSDT,2024-03-05,1000
1709598200000,121361.29840000003,121361.29840000003,7.439543380804992e-05,1400,6.236227558860402,7.103254211797392,1,ETHUSDT,2024-03-05,1000
1709598214000,-181428.29670000006,181428.29670000006,-1.9291532257881272e-05,1414,-9.322808496235089,7.347230520208652,-1,ETHUSDT,2024-03-05,1000
1709598229000,133527.37239999996,133527.37239999996,1.3787493365668979e-05,1429,6.8613890144660425,7.161221850309622,1,ETHUSDT,2024-03-05,1000
1709598231000,235795.09060000003,235795.09060000003,0.00011578732637929079,1431,12.116480802612319,7.5062675579480995,1,ETHUSDT,2024-03-05,1000
1709598245000,-137119.31970000002,137191.8647,-0.00019020866499097622,1445,-7.045963512576674,7.1776495584649584,-1,ETHUSDT,2024-03-05,1000
1709598253000,-198779.5739000001,214225.8227000001,-0.0001434031782796552,1453,-10.214414918402918,7.448058224001903,-1,ETHUSDT,2024-03-05,1000
1709598257000,-174552.78339999996,235914.14799999987,-0.00020402874118907732,1457,-8.969505869384056,7.506573852410123,-1,ETHUSDT,2024-03-05,1000
1709598261000,-358939.57409999997,358939.57409999997,-0.0003778210800167159,1461,-18.444338462746988,7.761228759410956,-1,ETHUSDT,2024-03-05,1000
1709598266000,172507.2536,190055.42499999996,6.068044850238152e-05,1466,8.864395018730617,7.375418320679779,1,ETHUSDT,2024-03-05,1000
1709598306000,146426.15869999997,146426.15869999997,0.0002453044198791332,1506,7.524201357943006,7.217175234321734,1,ETHUSDT,2024-03-05,1000
1709598318000,116983.6122,116983.6122,0.0002645378731696013,1518,6.011277367288597,7.080962526285929,1,ETHUSDT,2024-03-05,1000
1709598331000,130048.38529999997,145657.3383,0.0004517732175326472,1531,6.682619048126099,7.213980940416517,1,ETHUSDT,2024-03-05,1000
1709598356000,-127083.7688,137456.8564,2.7571603455456284e-05,1556,-6.530280342439081,7.178820433718331,-1,ETHUSDT,2024-03-05,1000
1709598382000,-123775.8686,127110.38100000001,-8.82851168420018e-05,1582,-6.360301785344146,7.131337932140247,-1,ETHUSDT,2024-03-05,1000
1709598384000,-507240.0975000002,514488.1175000002,-0.00012692351219811826,1584,-26.064855243741672,7.979679063590598,-1,ETHUSDT,2024-03-05,1000
1709598399000,144885.60780000003,145030.42060000004,-3.0383425015045873e-05,1599,7.445039169460629,7.2113637191653055,1,ETHUSDT,2024-03-05,1000
1709598401000,-214386.9802,280015.52340000006,-5.245858189084629e-05,1601,-11.016411424485048,7.610561085885868,-1,ETHUSDT,2024-03-05,1000
1709598420000,-278140.77479999996,297400.48819999985,-0.0002458600902723873,1620,-14.292440736202144,7.647109937375286,-1,ETHUSDT,2024-03-05,1000
1709598432000,-216684.95759999997,217408.82159999997,-0.00019618652151009996,1632,-11.134494455735133,7.457007440574953,-1,ETHUSDT,2024-03-05,1000
1709598434000,-499639.68860000005,539497.4718,-0.0005944276044740349,1634,-25.67430339512377,8.008480057417414,-1,ETHUSDT,2024-03-05,1000
1709598441000,-713568.9373000003,770971.9683000003,-0.00021021070934956754,1641,-36.66719399515745,8.225107482660762,-1,ETHUSDT,2024-03-05,1000
1709598442000,416753.68799999985,417765.8879999999,0.0008737440485955261,1642,21.415153501376086,7.853317302542649,1,ETHUSDT,2024-03-05,1000
1709598443000,197952.2888,201209.17840000006,0.0002045006736306476,1643,10.171904347012598,7.410022209309234,1,ETHUSDT,2024-03-05,1000
1709598486000,-193308.78509999998,201700.09550000005,-8.294464555547165e-05,1686,-9.933294954023355,7.4115008338847606,-1,ETHUSDT,2024-03-05,1000
1709598489000,-221129.46880000003,234074.99939999997,-5.5307134356752385e-05,1689,-11.36287849246281,7.501825003801763,-1,ETHUSDT,2024-03-05,1000
1709598520000,-204345.07979999998,204345.07979999998,-0.0001466160060292765,1720,-10.500401981248805,7.419406012960127,-1,ETHUSDT,2024-03-05,1000
1709598524000,-209390.84290000002,236737.4467,0.0001852238380077864,1724,-10.759681729525635,7.508687700960472,-1,ETHUSDT,2024-03-05,1000
1709598528000,316989.41740000003,317423.5618,7.186846967499605e-05,1728,16.28870296147872,7.686645785380509,1,ETHUSDT,2024-03-05,1000
1709598533000,133427.73690000002,133427.73690000002,0.0,1733,6.856269180885386,7.160768919776485,1,ETHUSDT,2024-03-05,1000
1709598534000,144935.8708,144935.8708,1.657962364198795e-05,1734,7.447621965705587,7.2109680164001215,1,ETHUSDT,2024-03-05,1000
1709598536000,130874.8956,131092.0848,0.00024589880973557854,1736,6.725089805925294,7.150053309726535,1,ETHUSDT,2024-03-05,1000
1709598537000,200124.42480000004,202151.73120000004,0.00020440916155628486,1737,10.283520937831742,7.4128579693733885,1,ETHUSDT,2024-03-05,1000
1709598544000,-217215.0622,221632.27619999996,-4.971565408951051e-05,1744,-11.161734217991985,7.4686817993991,-1,ETHUSDT,2024-03-05,1000
1709598556000,140601.18839999998,140601.18839999998,-0.00010772870607489438,1756,7.2248815517666145,7.192544009489477,1,ETHUSDT,2024-03-05,1000
1709598580000,-223374.6785,263401.15030000004,-0.0003784828408726071,1780,-11.478250021864316,7.573446575102992,-1,ETHUSDT,2024-03-05,1000
1709598601000,205085.80509999994,205085.80509999994,0.0001905474655359285,1801,10.538464622225007,7.4216015152563815,1,ETHUSDT,2024-03-05,1000
1709598637000,-283676.8068999999,295103.1707,-0.0003567956470060807,1837,-14.576913269076393,7.642404612011437,-1,ETHUSDT,2024-03-05,1000
1709598642000,-144415.05519999994,146801.40819999995,-0.00025996006717221576,1842,-7.420859524625732,7.218728234713064,-1,ETHUSDT,2024-03-05,1000
1709598672000,-206434.2498,206434.2498,-3.8737382686448996e-05,1872,-10.607755311354119,7.42557801120418,-1,ETHUSDT,2024-03-05,1000
1709598677000,-184207.86599999998,203719.24219999998,-9.961730360785737e-05,1877,-9.465638433776542,7.417544825132942,-1,ETHUSDT,2024-03-05,1000
1709598682000,131703.4238,133728.059,0.0005394228306663251,1882,6.767664254800282,7.162133121481522,1,ETHUSDT,2024-03-05,1000
1709598687000,142714.1496,156670.62239999996,0.00015763208979535648,1887,7.333457407825871,7.25820787441961,1,ETHUSDT,2024-03-05,1000
1709598769000,-123931.66419999997,123931.66419999997,-0.0001383003443127251,1969,-6.368307441406483,7.115971109143458,-1,ETHUSDT,2024-03-05,1000
1709598817000,-238075.9821,264964.8297,-1.936737841923275e-05,2017,-12.233685864016557,7.577038038600029,-1,ETHUSDT,2024-03-05,1000
1709598827000,-314110.0089999998,340189.17559999984,-6.644297534208476e-05,2027,-16.14074272824101,7.728673945039817,-1,ETHUSDT,2024-03-05,1000
1709598829000,226518.59379999997,226663.12099999998,0.0003294031051819246,2029,11.639802110504318,7.482301008855478,1,ETHUSDT,2024-03-05,1000
1709598842000,183208.0189000001,183208.0189000001,0.0003458967684846215,2042,9.414260654188896,7.353153664733079,1,ETHUSDT,2024-03-05,1000
1709598859000,164596.2270000001,195968.3362,-1.1067180551549427e-05,2059,8.457881881905138,7.394008261282362,1,ETHUSDT,2024-03-05,1000
1709598867000,-204258.6,204258.6,-3.599049297697832e-05,2067,-10.495958161685612,7.419149169064368,-1,ETHUSDT,2024-03-05,1000
1709598882000,119043.72270000001,119043.72270000001,0.00013289441281472136,2082,6.117137456491447,7.0915549300400835,1,ETHUSDT,2024-03-05,1000
1709598890000,-341222.6901999997,372702.11499999976,-0.0003406603026601118,2090,-17.533945107608726,7.784058931593983,-1,ETHUSDT,2024-03-05,1000
1709598907000,187718.95180000016,188731.33120000013,0.0004260098433981341,2107,9.646057812245258,7.371176205983542,1,ETHUSDT,2024-03-05,1000
1709599010000,-180599.6888,180599.6888,-1.3843455436202134e-05,2210,-9.280229951924872,7.344452955088454,-1,ETHUSDT,2024-03-05,1000
1709599031000,270584.3341000001,274341.8005000001,0.0004236038785716545,2231,13.904148221524881,7.598140247970908,1,ETHUSDT,2024-03-05,1000
1709599074000,361471.00000000006,361471.00000000006,2.7664774862046215e-06,2274,18.57441739374822,7.765493029332463,1,ETHUSDT,2024-03-05,1000
1709599136000,145485.67599999998,145485.67599999998,0.00038972831454842094,2336,7.475874055831913,7.213265415791531,1,ETHUSDT,2024-03-05,1000
1709599146000,-178389.1068,183454.60080000001,-0.00011607276116976095,2346,-9.166637788926716,7.353969779467753,-1,ETHUSDT,2024-03-05,1000
1709599197000,-144720.0,144720.0,-2.76395416776154e-06,2397,-7.4365293072563,7.2100636017009325,-1,ETHUSDT,2024-03-05,1000
1709599216000,217126.35020000004,217126.35020000004,-8.291186473563528e-05,2416,11.157175695411105,7.456218568514397,1,ETHUSDT,2024-03-05,1000
1709599269000,421734.76029999985,421952.21109999984,0.0004029309138395831,2469,21.67110907172236,7.859367377544102,1,ETHUSDT,2024-03-05,1000
1709599274000,188666.12290000002,188666.12290000002,0.0005543306186215347,2474,9.69472880204719,7.370966524259103,1,ETHUSDT,2024-03-05,1000
1709599276000,158625.7975,159133.74409999998,0.00017640233007121253,2476,8.151087562159018,7.2676731390550025,1,ETHUSDT,2024-03-05,1000
1709599279000,-146535.76220000006,146753.36360000004,-0.00025088672044937255,2479,-7.529833403547819,7.218529619986172,-1,ETHUSDT,2024-03-05,1000
1709599291000,-247990.06570000004,259166.82950000005,0.0001129795604626338,2491,-12.743127359635611,7.56361308306215,-1,ETHUSDT,2024-03-05,1000
1709599313000,163660.52289999998,163660.52289999998,0.00023414268762245172,2513,8.409800131196384,7.284692694290494,1,ETHUSDT,2024-03-05,1000
1709599355000,156483.78879999998,156483.78879999998,9.090846488035709e-05,2555,8.041019081824938,7.257483850872158,1,ETHUSDT,2024-03-05,1000
1709599364000,289470.31940000004,298406.2114,0.00055053954264217,2564,14.874616596178429,7.649158413967131,1,ETHUSDT,2024-03-05,1000
1709599367000,139635.9041,162975.61549999999,0.00017881681090692325,2567,7.175279803654507,7.282148064729829,1,ETHUSDT,2024-03-05,1000
1709599373000,132836.19629999995,132836.19629999995,0.00017608346401765118,2573,6.8258724906675,7.158072865496741,1,ETHUSDT,2024-03-05,1000
1709599388000,118636.7220000001,119873.16320000001,0.00039603416312239403,2588,6.096223466485759,7.0957679689093025,1,ETHUSDT,2024-03-05,1000
1709599413000,-213938.7833999999,235835.6303999999,-0.0004507760846177433,2613,-10.993380546661532,7.506371870516699,-1,ETHUSDT,2024-03-05,1000
1709599419000,-245407.00079999995,251372.8032,-0.0002969064024398449,2619,-12.610394925753662,7.545085301980075,-1,ETHUSDT,2024-03-05,1000
1709599424000,-1797143.668399998,3480328.195799995,-0.0005443628340113804,2624,-92.34737119545801,9.139658986475103,-1,ETHUSDT,2024-03-05,1000
1709599440000,-787431.0775999998,790414.1965999998,-0.00023642416804925404,2640,-40.46264708414047,8.240219295540852,-1,ETHUSDT,2024-03-05,1000
1709599444000,192927.26499999998,193945.9834,0.00024190178905314497,2644,9.913690300865827,7.387713947821871,1,ETHUSDT,2024-03-05,1000
1709599452000,-135751.37389999992,137861.75609999997,-0.00036834336614965935,2652,-6.975670747012558,7.180605145151454,-1,ETHUSDT,2024-03-05,1000
1709599454000,-170764.8215,193747.9271,-0.0002502629836982351,2654,-8.77485903629865,7.387093998136341,-1,ETHUSDT,2024-03-05,1000
1709599493000,-194477.8100999998,196079.4056999998,-7.143131881726106e-05,2693,-9.993366047676021,7.394352066624764,-1,ETHUSDT,2024-03-05,1000
1709599503000,-177377.8780000001,222934.9556000001,-0.00010441453679632673,2703,-9.114675153440666,7.4722377715484924,-1,ETHUSDT,2024-03-05,1000
1709599513000,-374554.17060000007,374554.17060000007,-0.0001374249318466525,2713,-19.246704441832343,7.787066691288015,-1,ETHUSDT,2024-03-05,1000
1709599514000,-174466.0727999999,575470.1118000002,-4.1231162517973985e-05,2714,-8.965050190015965,8.047646940655586,-1,ETHUSDT,2024-03-05,1000
1709599520000,-2169462.370400003,3911150.8567999993,-0.0015498992089533203,2720,-111.47920466051234,9.210472895875863,-1,ETHUSDT,2024-03-05,1000
1709599521000,-403443.7114999999,1117164.4031,0.00015151703011540008,2721,-20.73121188776952,8.450158907604179,-1,ETHUSDT,2024-03-05,1000
1709599522000,269365.8038,381899.8700000001,0.0002038230602536828,2722,13.84153326652398,7.7988514873999755,1,ETHUSDT,2024-03-05,1000
1709599549000,300077.3413999999,300803.91539999994,0.0001569130525975737,2749,15.419665172503134,7.654014386890569,1,ETHUSDT,2024-03-05,1000
1709599589000,-267782.58099999995,284438.2414,7.974229494323026e-05,2789,-13.760178355301504,7.62006991819559,-1,ETHUSDT,2024-03-05,1000
1709599619000,350047.4809000001,466654.8304999999,0.00011546740945256317,2819,17.98741259427923,7.920468328667369,1,ETHUSDT,2024-03-05,1000
1709599632000,-510073.7230000001,577947.7935999996,-4.6729164642655974e-05,2832,-26.210462893524273,8.050253800734563,-1,ETHUSDT,2024-03-05,1000
1709599640000,208625.85790000003,238732.07550000006,0.00028606636934647156,2840,10.72037248842481,7.5137786539573765,1,ETHUSDT,2024-03-05,1000
1709599658000,-744707.2834999999,754605.5397,-0.0003683241293952477,2858,-38.267257732690545,8.212087970839047,-1,ETHUSDT,2024-03-05,1000
1709599675000,-501139.4961000005,666353.3477000006,-0.0006021603715726798,2875,-25.751371958065977,8.136620171984667,-1,ETHUSDT,2024-03-05,1000
1709599678000,139215.5123,139215.5123,0.00024747506815003817,2878,7.153677703452528,7.186534382654311,1,ETHUSDT,2024-03-05,1000
1709599694000,-943360.3198999986,1437237.2846999993,-0.0007676233905016261,2894,-48.47517044112091,8.60302347584611,-1,ETHUSDT,2024-03-05,1000
1709599697000,486861.37879999995,494346.16799999995,0.0002614958402649137,2897,25.017681813276745,7.955446604424271,1,ETHUSDT,2024-03-05,1000
1709599704000,-137516.14929999996,137516.14929999996,0.0,2904,-7.066354854135452,7.179082112460683,-1,ETHUSDT,2024-03-05,1000
1709599706000,-844598.1216999997,844598.1216999997,-0.0006419148567484712,2906,-43.40021202926804,8.280450860757627,-1,ETHUSDT,2024-03-05,1000
1709599708000,221460.03410000002,237565.01370000007,-4.9622729425991e-05,2908,11.37986480079208,7.510805112917014,1,ETHUSDT,2024-03-05,1000
1709599712000,-233104.9464,336841.3492,-3.857790809114192e-05,2912,-11.978246030749094,7.722673051785094,-1,ETHUSDT,2024-03-05,1000
1709599718000,-160240.17030000003,160240.17030000003,1.65317492246686e-05,2918,-8.234043135956956,7.271877316060546,-1,ETHUSDT,2024-03-05,1000
1709599728000,-396836.1008999999,967704.7369000008,-0.00019297568566223333,2928,-20.39167561166506,8.363012521416536,-1,ETHUSDT,2024-03-05,1000
1709599729000,-269347.09260000003,309460.24480000004,-0.0004219194086232392,2929,-13.840571779603211,7.671229210606042,-1,ETHUSDT,2024-03-05,1000
1709599730000,195144.2305,287379.13930000004,0.00028405682982324265,2930,10.027610484074273,7.626311344836948,1,ETHUSDT,2024-03-05,1000
1709599733000,-128837.04490000001,128837.04490000001,0.0,2933,-6.620373550712727,7.139524826802997,-1,ETHUSDT,2024-03-05,1000
1709599740000,782043.7978000004,904539.2030000006,0.0004604007221669093,2940,40.18581828287537,8.322054299253589,1,ETHUSDT,2024-03-05,1000
1709599749000,-223394.43310000005,223466.91590000005,-0.00020692423749757438,2949,-11.479265124558163,7.473683911886095,-1,ETHUSDT,2024-03-05,1000
1709599794000,808989.1019000007,808989.1019000007,0.0003915642766934013,2994,41.5704198834322,8.254313694778475,1,ETHUSDT,2024-03-05,1000
1709599808000,119288.05420000003,119288.05420000003,8.268904788266696e-05,3008,6.129692586124089,7.092799023430482,1,ETHUSDT,2024-03-05,1000
1709599814000,-188854.66060000006,276588.69039999985,0.00031094057020553123,3014,-9.704416931756786,7.603089559368273,-1,ETHUSDT,2024-03-05,1000
1709599815000,-122971.0543,134021.3617,1.9258625458817846e-05,3015,-6.318945890313405,7.163462483956709,-1,ETHUSDT,2024-03-05,1000
1709599823000,158610.9127,158610.9127,0.00012658889722239053,3023,8.150322697237565,7.26567631394484,1,ETHUSDT,2024-03-05,1000
1709599854000,157492.6238,158001.647,0.00033823685426703776,3054,8.092858710374454,7.2633410533678635,1,ETHUSDT,2024-03-05,1000
1709599860000,-191316.49829999992,191316.49829999992,-0.000343736640623149,3060,-9.830920028811494,7.3794311425688255,-1,ETHUSDT,2024-03-05,1000
1709599874000,-1030023.2417999997,1030023.2417999997,-0.0008332474443122351,3074,-52.92839983969624,8.400881198578128,-1,ETHUSDT,2024-03-05,1000
1709599875000,201886.91940000022,208066.85940000016,0.00017330665004422485,3075,10.374087844595026,7.430357877669373,1,ETHUSDT,2024-03-05,1000
1709599956000,173241.3784,173532.028,0.00017338964411983682,3156,8.902118488813421,7.320230115341864,1,ETHUSDT,2024-03-05,1000
1709600040000,-143896.95949999997,157426.3783,-0.00010447309827199547,3240,-7.3942368473384645,7.261127820248546,-1,ETHUSDT,2024-03-05,1000
1709600056000,127348.58469999999,127421.33149999999,5.773267299780116e-05,3256,6.543888076003048,7.132820467731767,1,ETHUSDT,2024-03-05,1000
1709600084000,-218092.06230000002,218092.06230000002,-5.502033001647533e-06,3284,-11.206799426298486,7.458911331285179,-1,ETHUSDT,2024-03-05,1000
1709600092000,-235536.42619999975,337011.54839999997,-0.0005284830457927825,3292,-12.103189167790967,7.722979565632335,-1,ETHUSDT,2024-03-05,1000
1709600103000,170501.40939999995,173552.73459999997,-0.00011562857910796254,3303,8.76132343789113,7.320302513865281,1,ETHUSDT,2024-03-05,1000
1709600113000,343047.1823,343846.13729999994,0.0002808741261794978,3313,17.627697795367915,7.735161838685948,1,ETHUSDT,2024-03-05,1000
1709600153000,-351409.3692999999,374565.5892999999,-4.132146030499939e-05,3353,-18.057394096489094,7.787085189221586,-1,ETHUSDT,2024-03-05,1000
1709600194000,-123400.37169999999,130369.99089999999,-0.00042153812444567507,3394,-6.341006638152092,7.146701790474184,-1,ETHUSDT,2024-03-05,1000
1709600227000,-126336.86080000001,126336.86080000001,-0.00036402345595476504,3427,-6.491899999488389,7.127634188008838,-1,ETHUSDT,2024-03-05,1000
1709600294000,-215334.0022,215334.0022,-0.0001047998324157362,3494,-11.065074752688588,7.451188944966548,-1,ETHUSDT,2024-03-05,1000
1709600321000,-201087.40619999997,203189.63359999994,-6.621767407288814e-05,3521,-10.333004349961664,7.4159653421872,-1,ETHUSDT,2024-03-05,1000
1709600352000,255036.4838,258661.3738,0.00019588719719187964,3552,13.105212038407245,7.562428529171937,1,ETHUSDT,2024-03-05,1000
1709600353000,-128103.61260000002,128103.61260000002,0.0,3553,-6.582685665183164,7.136060778295627,-1,ETHUSDT,2024-03-05,1000
1709596809000,-144266.66879999998,145414.7194,-0.0003745655083946531,9,-9.090673386636016,7.350096620668522,-1,SOLUSDT,2024-03-05,1000
1709596829000,-149934.76570000005,151534.85770000005,-0.000719699556513298,29,-9.447837089591808,7.375586925289342,-1,SOLUSDT,2024-03-05,1000
1709596830000,-111657.88190000039,132635.9695000004,-0.00048008762521067894,30,-7.035896398243314,7.293223738522357,-1,SOLUSDT,2024-03-05,1000
1709596853000,475238.90099999995,476064.7223999999,0.0004503895946070813,53,29.94622157391111,8.083389879366793,1,SOLUSDT,2024-03-05,1000
1709596867000,-183869.7248,183869.7248,-0.0013654439813741703,67,-11.586180146466711,7.4951751183787385,-1,SOLUSDT,2024-03-05,1000
1709596890000,-404610.23269999993,406817.0823,-0.00042117614058145847,90,-25.49569838245614,7.986197481113825,-1,SOLUSDT,2024-03-05,1000
1709596898000,194731.48280000003,224916.28619999997,0.0009481027369950823,98,12.270611936595362,7.6197649285632805,1,SOLUSDT,2024-03-05,1000
1709596903000,-180047.43949999998,180074.0123,-0.0006245696880391449,103,-11.345326541528964,7.482277475640383,-1,SOLUSDT,2024-03-05,1000
1709596908000,136250.8083,136277.4003,0.0004588898707247324,108,8.585570091991034,7.309970117132378,1,SOLUSDT,2024-03-05,1000
1709596929000,214295.7744999999,224754.05169999998,0.0009548047322853748,129,13.503416349180322,7.619318774365089,1,SOLUSDT,2024-03-05,1000
1709596948000,-105414.62809999997,105681.04609999998,-0.000240184342636951,148,-6.64249034237632,7.152755028496295,-1,SOLUSDT,2024-03-05,1000
1709596992000,428460.25859999814,570290.5505999974,0.0020239494977900563,192,26.998559698400612,8.19505202447786,1,SOLUSDT,2024-03-05,1000
1709597074000,-403459.20660000003,406409.99860000005,-0.0007222389721111,274,-25.42316879248482,7.9855784552830915,-1,SOLUSDT,2024-03-05,1000
1709597160000,-279273.0442000001,297434.7744,-0.0005339610636125869,360,-17.5978280474011,7.792561962568657,-1,SOLUSDT,2024-03-05,1000
1709597192000,164184.45219999997,193876.7954000001,0.0011347113903363848,392,10.345752366287071,7.527942651000749,1,SOLUSDT,2024-03-05,1000
1709597195000,126702.32840000006,155811.92020000002,0.000645800815427755,395,7.983891874619188,7.3927968933943795,1,SOLUSDT,2024-03-05,1000
1709597210000,162033.77000000002,178325.73619999998,0.000757908359389603,410,10.210231461830924,7.476245198748534,1,SOLUSDT,2024-03-05,1000
1709597228000,188406.1848,188832.93199999997,0.001418125985650498,428,11.87203603081315,7.5116438891114194,1,SOLUSDT,2024-03-05,1000
1709597265000,-167179.7899,170247.77189999996,-0.0006969764246962384,465,-10.534497534799465,7.447582257970484,-1,SOLUSDT,2024-03-05,1000
1709597275000,-139296.1833000001,144067.9363,-0.0009450733135185629,475,-8.777468260120271,7.344343371737002,-1,SOLUSDT,2024-03-05,1000
1709597299000,279540.7300000001,290956.31120000005,0.00017997210480924508,499,17.61469572860759,7.778945637560453,1,SOLUSDT,2024-03-05,1000
1709597300000,432409.1436000001,500449.6230000001,-0.0001874716454626224,500,27.24739072829131,8.11427644995231,1,SOLUSDT,2024-03-05,1000
1709597321000,209289.17619999996,209289.17619999996,7.49852841419596e-06,521,13.187935647352495,7.575239621340724,1,SOLUSDT,2024-03-05,1000
1709597334000,3827510.9909000043,3866746.973900005,7.498191060939519e-06,534,241.1828913182164,9.378515106629491,1,SOLUSDT,2024-03-05,1000
1709597363000,-108825.29189999985,189386.36209999997,-0.0005775252827824318,563,-6.85740644805285,7.513453374298911,-1,SOLUSDT,2024-03-05,1000
1709597385000,142394.88009999998,142901.6671,0.0,585,8.972726394014419,7.339317629668009,1,SOLUSDT,2024-03-05,1000
1709597408000,-103547.83460000002,105361.19140000003,-0.00014248699830243794,608,-6.52485811221565,7.150880821763981,-1,SOLUSDT,2024-03-05,1000
1709597413000,-153449.97489999997,155742.51289999994,-0.0006827193501015572,613,-9.669340912953794,7.392521403065739,-1,SOLUSDT,2024-03-05,1000
1709597414000,-96071.153,103157.2576,-0.0004278749319315267,614,-6.053730089320099,7.137809966987914,-1,SOLUSDT,2024-03-05,1000
1709597450000,-157586.73459999997,158598.19339999993,-2.2542069137543308e-05,650,-9.930010488431636,7.40375596386022,-1,SOLUSDT,2024-03-05,1000
1709597461000,-133764.22900000005,133764.22900000005,-5.261911653775542e-05,661,-8.428883308728526,7.298461089921341,-1,SOLUSDT,2024-03-05,1000
1709597471000,98975.75830000003,99108.83530000002,0.00047329455204980775,671,6.236757938504013,7.113055455795303,1,SOLUSDT,2024-03-05,1000
1709597501000,97163.5467,97323.5727,8.248319409531746e-05,701,6.12256507677022,7.101816281014793,1,SOLUSDT,2024-03-05,1000
1709597505000,166507.45100000003,166507.45100000003,0.0,705,10.492131454014007,7.4338466550680575,1,SOLUSDT,2024-03-05,1000
1709597573000,-131306.3491,131306.3491,-0.00011262994692007311,773,-8.274004960317683,7.286994184621698,-1,SOLUSDT,2024-03-05,1000
1709597605000,-1003917.1884999988,1024149.4302999987,-0.0028109117889467683,805,-63.259818389065025,8.557055965153625,-1,SOLUSDT,2024-03-05,1000
1709597606000,-113209.56489999934,287409.9680999995,-0.00045921460055531327,806,-7.13367257530429,7.771363011314771,-1,SOLUSDT,2024-03-05,1000
1709597610000,213707.03290000002,223689.9833,0.00023349087796997736,810,13.46631798377657,7.616384517730246,1,SOLUSDT,2024-03-05,1000
1709597611000,-427111.33559999993,435371.6199999998,0.00021084813741012454,811,-26.913560034107366,8.02814141029331,-1,SOLUSDT,2024-03-05,1000
1709597620000,257000.77630000075,263202.6035000007,0.0009547831976801646,820,16.194385972092352,7.716960646569071,1,SOLUSDT,2024-03-05,1000
1709597628000,225779.14689999883,243127.6710999989,0.0012915920665541591,828,14.227017917954472,7.667905551637395,1,SOLUSDT,2024-03-05,1000
1709597713000,-133023.97849999997,133290.00249999994,-0.0001954519833322621,913,-8.382237915334686,7.296265144803338,-1,SOLUSDT,2024-03-05,1000
1709597779000,273746.6852000001,324246.9447999999,0.0006023552270795207,979,17.24959567256237,7.845928605830214,1,SOLUSDT,2024-03-05,1000
1709597780000,-139708.3033,156181.61350000004,-0.00023336959450670491,980,-8.803437171354323,7.394262209519441,-1,SOLUSDT,2024-03-05,1000
1709597824000,-260850.71600000016,262177.67600000015,-0.0007758039940046757,1024,-16.436982163312774,7.714548208355978,-1,SOLUSDT,2024-03-05,1000
1709597830000,126134.8776,130543.20680000001,0.0003389613503532729,1030,7.948135106069016,7.283390145304456,1,SOLUSDT,2024-03-05,1000
1709597864000,280025.09870000137,293382.7489000014,0.0006316217096840049,1064,17.645217246065826,7.7840806696254745,1,SOLUSDT,2024-03-05,1000
1709597875000,-198837.1358000003,202929.76080000034,-0.0002785064544941207,1075,-12.529321386063602,7.5561604491224745,-1,SOLUSDT,2024-03-05,1000
1709597904000,-261783.14090000023,262897.8549000002,-0.00033913761398807196,1104,-16.495737039223982,7.716244322804788,-1,SOLUSDT,2024-03-05,1000
1709597908000,-219350.95219999985,219377.48579999988,-0.00035420505828476223,1108,-13.821958183994667,7.604347783563136,-1,SOLUSDT,2024-03-05,1000
1709597912000,-99750.23869999997,99750.23869999997,-0.00018089725085523867,1112,-6.285560260061123,7.117044059661331,-1,SOLUSDT,2024-03-05,1000
1709598074000,104009.52979999999,105821.34899999999,0.0008334491383967801,1274,6.553950904766339,7.153575352156154,1,SOLUSDT,2024-03-05,1000
1709598138000,-123953.12680000003,126273.20800000004,-0.0001950121888798506,1338,-7.810656476397964,7.262827473755838,-1,SOLUSDT,2024-03-05,1000
1709598193000,-224903.50920000006,232412.00879999998,-0.0003981624480244861,1393,-14.171841373005275,7.640035236721634,-1,SOLUSDT,2024-03-05,1000
1709598324000,-133356.8782,133356.8782,-1.5019750972733448e-05,1524,-8.403214919020858,7.296575291034246,-1,SOLUSDT,2024-03-05,1000
1709598575000,-127751.3298,127751.3298,-0.000345911480190253,1775,-8.049992583735467,7.270023188811741,-1,SOLUSDT,2024-03-05,1000
1709598601000,101605.52510000003,188839.1693,0.00024058703351936828,1801,6.4024673935061305,7.511664312008627,1,SOLUSDT,2024-03-05,1000
1709598604000,-129539.44950000005,147852.33509999994,-0.000864853536445942,1804,-8.162667342944365,7.3603755273625096,-1,SOLUSDT,2024-03-05,1000
1709598613000,152692.76029999994,153967.12189999994,0.00031638180013970896,1813,9.621626560987053,7.385432497790358,1,SOLUSDT,2024-03-05,1000
1709598615000,100717.37399999998,101859.9094,0.00021831513499925848,1815,6.346502341874731,7.12998458027542,1,SOLUSDT,2024-03-05,1000
1709598660000,-219224.12049999987,311371.3017,-0.0007087386257609296,1860,-13.813966140029404,7.820875097890862,-1,SOLUSDT,2024-03-05,1000
1709598668000,-619024.0007999998,635828.0119999994,-0.0005282221674285381,1868,-39.00654986054209,8.262313252131248,-1,SOLUSDT,2024-03-05,1000
1709598670000,-321518.35479999986,324670.2993999998,-0.0007020855247352742,1870,-20.259831155783612,7.84673537930996,-1,SOLUSDT,2024-03-05,1000
1709598703000,101360.94709999998,101360.94709999998,0.00040790736536155947,1903,6.38705580374634,7.126948355100956,1,SOLUSDT,2024-03-05,1000
1709598704000,-134019.93749999997,134019.93749999997,-0.0009142460562987509,1904,-8.444996264513957,7.299641940865612,-1,SOLUSDT,2024-03-05,1000
1709598709000,-147072.47849999985,151305.35709999982,-0.0004687807250629561,1909,-9.26747583019361,7.374649783256296,-1,SOLUSDT,2024-03-05,1000
1709598713000,-117466.28410000008,140542.11589999992,-0.0008547493949038198,1913,-7.401901156914329,7.329023079832826,-1,SOLUSDT,2024-03-05,1000
1709598732000,-110032.51309999998,110058.95609999998,-0.0003252856679827332,1932,-6.933477058997905,7.177852482605044,-1,SOLUSDT,2024-03-05,1000
1709598754000,99818.57679999998,99818.57679999998,0.00014364503069597134,1954,6.289866447707451,7.1174675112901085,1,SOLUSDT,2024-03-05,1000
1709598768000,-152456.50660000002,152482.94940000004,-0.0008625908525168313,1968,-9.606739510215395,7.379443376098152,-1,SOLUSDT,2024-03-05,1000
1709598769000,-294455.37239999993,334609.8368,3.027894478080384e-05,1969,-18.554511861222633,7.865380521261372,-1,SOLUSDT,2024-03-05,1000
1709598792000,141597.0468,142046.98240000004,0.00027207594109679434,1992,8.92245253652807,7.335608470216303,1,SOLUSDT,2024-03-05,1000
1709598842000,163168.0471,163168.0471,0.0004456277571431855,2042,10.281705647322344,7.42132007781811,1,SOLUSDT,2024-03-05,1000
1709598864000,-115486.63880000002,116519.8536,-0.0005736195550207768,2064,-7.2771577980125,7.213124101876621,-1,SOLUSDT,2024-03-05,1000
1709598877000,-106660.62740000001,108249.4274,-0.00013594344773437683,2077,-6.721004477141435,7.167602126532199,-1,SOLUSDT,2024-03-05,1000
1709599342000,118448.22009999999,129541.35329999997,0.00016581998017972666,2542,7.463775875009844,7.278626642998935,1,SOLUSDT,2024-03-05,1000
1709599417000,133341.80460000003,133341.80460000003,0.00038362450401852044,2617,8.402265086495436,7.296505398500941,1,SOLUSDT,2024-03-05,1000
1709599429000,137702.80410000004,142146.34070000003,6.012596391258285e-05,2629,8.677064681048652,7.336040809965216,1,SOLUSDT,2024-03-05,1000
1709599431000,170441.70740000007,170867.60500000004,0.0002630085943824412,2631,10.740040692157327,7.449829290304261,1,SOLUSDT,2024-03-05,1000
1709599435000,110803.27059999996,110803.27059999996,0.0002628466305054644,2635,6.982044789514463,7.182019935189836,1,SOLUSDT,2024-03-05,1000
1709599440000,-103314.47419999998,106323.76299999999,-0.0007285318153611442,2640,-6.5101533769124735,7.156503974310216,-1,SOLUSDT,2024-03-05,1000
1709599814000,101153.87689999997,101153.87689999997,0.001041839771719566,3014,6.374007692412217,7.125683925748045,1,SOLUSDT,2024-03-05,1000
1709599894000,-187090.52289999995,187090.52289999995,-0.00017392027689577816,3094,-11.78913224770354,7.505912110211319,-1,SOLUSDT,2024-03-05,1000
1709599995000,-346984.9942000002,350896.05340000015,-0.0002119638458184525,3195,-21.864560113389093,7.8947656367487005,-1,SOLUSDT,2024-03-05,1000
1709599997000,-102097.07299999997,102493.33099999998,-8.327560824383795e-05,3197,-6.4334412937836865,7.133817647212762,-1,SOLUSDT,2024-03-05,1000
1709600087000,-155441.77999999997,159351.72079999995,-0.000582863085313079,3287,-9.794850497146369,7.406686697442223,-1,SOLUSDT,2024-03-05,1000
1709600148000,-991733.9956000063,1054978.5977999945,-0.0014158999575313302,3348,-62.49211904186686,8.5753938778718,-1,SOLUSDT,2024-03-05,1000
1709600150000,-616445.3484000015,688151.1587999988,-0.0008720545017943948,3350,-38.84406127644269,8.311209576705547,-1,SOLUSDT,2024-03-05,1000
1709600179000,-115247.59139999999,116935.70659999999,-0.0003109110857266728,3379,-7.262094707865619,7.215326877584229,-1,SOLUSDT,2024-03-05,1000
1709600251000,245175.37059999997,321459.67939999996,0.0005229590505830828,3451,15.449231864235314,7.840590559278222,1,SOLUSDT,2024-03-05,1000
